"H3"||"H"||3||46|||81|||||0|0|0|0|3|5|60|90|100|50|85|100|35|57.5|80|5|20|35|70|81.3|100||4|||13.1|||21.1|||27.6|||15.5||0|17.2|25|||||||1|1.5|2||||0|0.5|1||||1.3|1.35|1.4||||1.37|1.42|1.48||42.3333|91.7222|141.1111|0.02|0.07|0.12|3.5|13|16.5|2.1|7.7|10.6|0.4|1.4|2.6|28|42|48|0|1.5|2.9|0|0|14|0|0|0|0|0|0|".15"|".15"|0|0|0|0|0|0|0|0|0|0|0|0|0.7|1.5|2|||||||4.5|5.5|6.5|||||||||||||||||||||||||||||||||"27657149"|"82712912"
"H1"||"H"||1||0|||23|||||0|0|0|0|0|0|95|97.5|100|85|92.5|100|65|80|90|35|40|55|40|68.8|75||0.3|||4.9|||15.7|||30.8|||19.1||10|24.2|50|||||||4|7|10||||1|3|5||||1.1|1.15|1.2||||1.15|1.2|1.26||14.1111|28.2222|42.3333|0.15|0.18|0.21||||7.1|16.1|20.2|3|6.7|10.7|46|50|53|0|1.5|2.9|17|25|33|1|3|6|0|0|1|".20"|".20"|0|0|0|0|0|0|0|0|0|0|0|0|3.6|6.4|9.1|||||||4.5|5.5|6.5|||||||||||||||||||||||||||||||||"27657149"|"82712910"
"H2"||"H"||2||23|||46|||||0|0|0|0|0|0|80|95|100|60|90|100|50|75|90|30|42.5|55|40|63.9|75||4.6|||3|||14.1|||25.2|||17||10|30.6|50|||||||1|5.5|10||||0.5|1.75|3||||1.2|1.3|1.4||||1.26|1.36|1.42||14.1111|28.2222|42.3333|0.11|0.16|0.21||||2.5|14.1|19.2|0.9|5.2|9.6|33|45|51|0|1.5|2.9|0|21|29|0|2|6|0|0|1|".28"|".28"|0|0|0|0|0|0|0|0|0|0|0|0|1.1|4.9|8.5|||||||4.5|5.5|6.5|||||||||||||||||||||||||||||||||"27657149"|"82712911"
"H4"||"H"||4||81|||165|||||0|0|0|0|3|5|50|75|100|30|65|100|15|58|80|5|20|35|70|82.3|100||0|||2|||13.4|||40.8|||26.1||0|17.2|25|||||||0|0.5|1||||0|0.5|1||||1.3|1.4|1.5||||1.38|1.48|1.57||141.1111|141.1111|705|0.01|0.05|0.09|0.3|9.7|15.5|0.2|5.3|9.5|0|0.8|2|18|34|48|0|1.5|2.9|0|0|14|0|0|0|0|0|0|".20"|".37"|0|0|0|0|0|0|0|0|0|0|0|0|0|0.6|1.2|||||||4.5|5.5|6.5|||||||||||||||||||||||||||||||||"27657149"|"82712913"
"H3"||"H"||3||68|||152|||||0|1|1|10|15|45|30|37.5|65|20|30|40|10|20|30|0|2.5|5|85|91.9|100||18.1|||30.4|||22.3|||15.5|||5.6||0|6.6|15|||||||0|1.5|3||||0|0.25|0.5||||1.45|1.55|1.65||||1.65|1.75|1.95||141.1111|141.1111|705|0.01|0.02|0.02|0.1|4|6.4|0.1|2.4|4.4|0|0.5|1.3||14|21|0|1.5|2.9|0|0|17|0|0|1|0|0|0|".02"|".02"|0|0|0|0|0|0|0|0|0|0|0|0||||||||||4.5|5.5|6.5|||||||||||||||||||||||||||||||||"27657150"|"82712916"
"H1"||"H"||1||0|||10|||||0|0|0|5|10|20|65|75|80|55|70|70|25|50|60|2|13.5|25|60|80.2|85||3.7|||12.8|||20.9|||27.4|||15.4||5|16.8|40|||||||1|3|5||||2|4|6||||1.1|1.25|1.4||||1.17|1.32|1.47||42.3333|91.7222|141.1111|0.03|0.05|0.07|6.2|16.9|19.6|4.7|12.7|16|1.9|5.2|8.2|26|37|43|0|1.5|2.9|0|24|31|0|1|2|0|0|0|".05"|".10"|0|0|0|0|0|0|0|0|0|0|0|0||||0.9|2.7|5.1||||4.5|5.2|6|||||||||||||||||||||||||||||||||"27657150"|"82712914"
"H2"||"H"||2||10|||68|||||0|0|1|5|10|20|45|75|75|40|50|60|20|35|50|2|11|20|75|80.5|100||3.8|||12.9|||21|||27.4|||15.4||0|17|25|||||||0|2.5|5||||0|0.25|0.5||||1.25|1.4|1.55||||1.36|1.51|1.61||42.3333|91.7222|141.1111|0.02|0.04|0.05|0.2|9.3|13.2|0.1|5.7|9.1|0|1.2|2.7|18|27|36|0|1.5|2.9|0|0|19|0|0|2|0|0|0|".10"|".24"|0|0|0|0|0|0|0|0|0|0|0|0||||0|1.1|2.1||||4.5|5.2|6|||||||||||||||||||||||||||||||||"27657150"|"82712915"
"H1"||"H"||1||0|||3|||||0|0|0|0|0|0|100|100|100|95|97.5|100|85|94|100|50|55|60|0|66.2|70||0.3|||1.1|||4|||21.3|||39.5||25|27.3|90|||||||3|6.5|10||||2|5|8||||1.1|1.3|1.5||||1.16|1.36|1.56||4.2333|9.1722|14.1111|0.18|0.21|0.24||||8.2|19.5|24.2|4.2|10.1|15.9|37|45|53|0|1.5|2.9|0|29|40|0|3|6|0|0|3|".32"|".32"|0|0|0|0|0|0|0|0|0|0|0|0|3.1|6.5|9.7|||||||5.1|6.5|7.8|||||||||||||||||||||||||||||||||"27657151"|"82712917"
"H2"||"H"||2||3|||58|||||0|0|0|0|0|0|100|100|100|95|97.5|100|85|94|100|50|55|60|0|66.2|70||0.3|||1.1|||4|||21.3|||39.5||25|27.3|90|||||||3|6.5|10||||0.5|1.75|3||||1.2|1.35|1.5||||1.26|1.41|1.56||4.2333|9.1722|14.1111|0.18|0.2|0.22||||6.2|15.7|19.7|2.5|6.2|10.1|39|45|51|0|1.5|2.9|0|22|29|0|3|6|0|0|1|".43"|".43"|0|0|0|0|0|0|0|0|0|0|0|0|2.6|5.6|8.5|||||||5.1|6.5|7.8|||||||||||||||||||||||||||||||||"27657151"|"82712918"
"H3"||"H"||3||58|||165|||||0|0|0|0|0|0|100|100|100|95|97.5|100|85|94|100|45|55|65|0|64.1|90||0.3|||1.1|||3.8|||20.6|||38.3||10|26.4|90|||||||3|9.5|16||||0|0.5|1||||1.2|1.4|1.6||||1.26|1.46|1.66||1.4111|7.7611|14.1111|0.14|0.18|0.21||||4.6|16.2|21|1.9|6.7|11.6|36|44|52|0|1.5|2.9|0|22|29|0|3|10|0|0|4|".55"|".55"|0|0|0|0|0|0|0|0|0|0|0|0|1.6|6.4|10.7|||||||5.1|6.5|7.8|||||||||||||||||||||||||||||||||"27657151"|"82712919"
"H1"||"H"||1||0|||18|||||0|0|0|0|0|0|95|100|100|95|100|100|45|70|85|5|22.5|40|70|80.5|88||3.8|||12.9|||21|||27.4|||15.4||7|17|30|||||||0|2.5|5||||2|3.5|5||||1|1.15|1.3||||1.05|1.2|1.35||42.3333|91.7222|141.1111|0.06|0.09|0.12|8.8|20.2|22.9|6.4|14.7|17.9|2.3|5.3|8.2|45|51|57|0|1.5|2.9|0|0|29|0|0|2|0|0|0|".10"|".10"|0|0|0|0|0|0|0|0|0|0|0|0||||0.3|2.4|4.4||||3.6|4.8|6|||||||||||||||||||||||||||||||||"27657152"|"82712922"
"H2"||"H"||2||18|||76|||||0|0|0|0|0|0|95|100|100|95|100|100|35|85|95|5|25|40|70|80.7|100||0|||2|||13.1|||40|||25.6||0|16.8|30|||||||0|2.5|5||||1|2|3||||1.1|1.28|1.45||||1.16|1.34|1.51||42.3333|91.7222|141.1111|0.03|0.07|0.1|6.1|18.7|21.6|4.2|12.9|16.3|1.3|4|6.6|41|48|55|0|1.5|2.9|0|0|24|0|0|2|0|0|0|".20"|".20"|0|0|0|0|0|0|0|0|0|0|0|0||||0.1|2|3.8||||4.5|5.3|6|||||||||||||||||||||||||||||||||"27657152"|"82712920"
"H3"||"H"||3||76|||165|||||0|0|0|0|0|0|90|100|100|80|100|100|30|75|90|5|25|30|70|84.7|100||0|||2|||13.1|||42|||23.6||0|12.8|30|||||||0|2.5|5||||0|0.25|0.5||||1.2|1.35|1.5||||1.26|1.41|1.56||141.1111|141.1111|705|0.03|0.04|0.04|0.4|15.1|18.3|0.3|9.1|12.5|0.1|1.9|3.7|36|46|52|0|1.5|2.9|0|0|19|0|0|2|0|0|0|".20"|".20"|0|0|0|0|0|0|0|0|0|0|0|0|0|2|3.5|||||||4.5|5.5|6.5|||||||||||||||||||||||||||||||||"27657152"|"82712921"
"H3"||"H"||3||58|||165|||||0|0|0|0|0|0|90|100|100|80|100|100|35|50|60|2|10|15|70|92.5|100||18.2|||30.6|||22.5|||15.6|||5.6||0|6.5|30|||||||0|1|2||||0|0.25|0.5||||1.4|1.53|1.65||||1.47|1.6|1.67||42.3333|91.7222|141.1111|0.04|0.07|0.1|0.5|10.2|12.2|0.3|5.8|7.9|0.1|1|2|31|40|45|0|1.5|2.9|0|0|14|0|0|0|0|0|0|".02"|".02"|0|0|0|0|0|0|0|0|0|0|0|0|0|0.9|1.8|||||||4.5|5.5|6.5|||||||||||||||||||||||||||||||||"27657153"|"82712925"
"H1"||"H"||1||0|||15|||||0|0|0|0|0|0|100|100|100|95|100|100|45|67.5|90|20|27.5|35|70|80.9|90||3.9|||13|||21|||27.5|||15.5||10|17.1|30|||||||1|2|3||||2|3|4||||1|1.1|1.2||||1.05|1.15|1.25||42.3333|91.7222|141.1111|0.09|0.11|0.12|11.8|19.1|20.8|8.2|13.3|15.4|2.6|4.3|5.8|48|53|56|0|1.5|2.9|0|0|25|0|0|1|0|0|0|".15"|".15"|0|0|0|0|0|0|0|0|0|0|0|0||||0.8|1.6|2.4||||4.5|5.3|6|||||||||||||||||||||||||||||||||"27657153"|"82712923"
"H2"||"H"||2||15|||58|||||0|0|0|0|0|0|100|100|100|95|100|100|45|67.5|90|15|22.5|30|70|81.3|100||4|||13.1|||21.1|||27.6|||15.5||0|17.2|30|||||||0|1.5|3||||0.5|1.25|2||||1.3|1.43|1.55||||1.37|1.5|1.56||42.3333|91.7222|141.1111|0.07|0.09|0.1|4.7|16.8|19.6|3|10.9|14|0.8|2.7|4.8|37|43|48|0|1.5|2.9|0|0|20|0|0|1|0|0|0|".15"|".15"|0|0|0|0|0|0|0|0|0|0|0|0||||0.1|0.9|1.8||||4.5|5.3|6|||||||||||||||||||||||||||||||||"27657153"|"82712924"
"H2"||"H"||2||20|||81|||||0|0|0|0|1|1|100|100|100|93|93|100|45|55|85|15|20|45|75|90.6|100||17.8|||30|||22|||15.3|||5.5||0|6.4|25|||||||1|3|5||||0.5|1.25|2||||1.6|1.7|1.8||||1.68|1.78|1.86||42.3333|91.7222|141.1111|0.04|0.08|0.11|5.1|14|16.7|3.8|10.3|13.5|1.4|3.9|6.7|28|31|37|0|1.5|2.9|0|18|22|0|1|2|0|0|0|".02"|".02"|0|0|0|0|0|0|0|0|0|0|0|0|1|2.8|4.5|||||||4.5|5.9|7.3|||||||||||||||||||||||||||||||||"27657182"|"82713012"
"H1"||"H"||1||0|||20|||||0|0|0|0|1|1|100|100|100|93|93|100|45|75|85|15|30|45|70|80.2|90||3.7|||12.8|||20.9|||27.4|||15.4||0|16.8|30|||||||1|3|5||||2|3|4||||1.6|1.7|1.8||||1.68|1.78|1.86||42.3333|91.7222|141.1111|0.07|0.11|0.14|11.9|21|24.5|9.1|16.1|20|3.9|6.9|10.5|26|30|35|0|1.5|2.9|0|22|27|0|1|2|0|0|0|".15"|".15"|0|0|0|0|0|0|0|0|0|0|0|0|1.1|3|4.7|||||||4.5|5.5|6.5|||||||||||||||||||||||||||||||||"27657182"|"82713011"
"H3"||"H"||3||81|||165|||||0|0|0|0|0|0|100|100|100|100|100|100|85|92.5|100|50|85|100|0|5.8|60||0.1|||0.2|||0.4|||1.7|||3.4||30|83.7|90|||||||3|10.5|18||||0|0.25|0.5||||1.5|1.6|1.7||||1.57|1.67|1.74||0.4233|2.3283|4.2333|0.12|0.17|0.22||||4.5|16.8|21.5|1.9|7.1|12.3|34|37|41|0|1.5|2.9|0|22|30|0|6|12|0|2|11|".64"|".64"|0|0|0|0|0|0|0|0|0|0|0|0|2|7.3|12.3|||||||5.6|6.5|7.3|||||||||||||||||||||||||||||||||"27657182"|"82713013"
"H1"||"H"||1||0|||15|||||0|0|0|0|0|0|100|100|100|95|97.5|100|80|90|100|55|83|95|0|21.2|60||0.1|||0.4|||1.2|||5.9|||13.6||30|69.3|90|||||||3|9.5|16||||3|6.5|10||||1.2|1.35|1.5||||1.26|1.41|1.56||1.4111|7.7611|14.1111|0.18|0.21|0.24||||11.6|28.3|33.7|5.5|13.4|21.3|36|42|48|0|1.5|2.9|0|35|49|0|5|10|0|5|14|".37"|".37"|0|1|2|0|0|0|0|0|0|0|0|0|3.3|9.1|14.5|||||||5.1|6.2|7.3|||||||||||||||||||||||||||||||||"27657183"|"82713015"
"H2"||"H"||2||15|||56|||||0|0|0|0|0|0|100|100|100|95|97.5|100|80|90|100|55|83|95|0|21.2|60||0.1|||0.4|||1.2|||5.9|||13.6||30|69.3|90|||||||3|9.5|16||||0.5|1.25|2||||1.2|1.35|1.5||||1.26|1.41|1.56||1.4111|7.7611|14.1111|0.18|0.2|0.22||||7.4|22.2|26.8|2.2|6.7|11.2|39|45|51|0|1.5|2.9|0|23|31|0|5|10|0|2|9|".64"|".64"|0|1|2|0|0|0|0|0|0|0|0|0|2.6|7.3|11.7|||||||5.1|6.2|7.3|||||||||||||||||||||||||||||||||"27657183"|"82713016"
"H3"||"H"||3||56|||165|||||0|0|0|0|0|0|100|100|100|95|97.5|100|80|90|100|70|83|95|0|21.2|60||0.1|||0.4|||1.2|||5.9|||13.6||30|69.3|90|||||||3|9.5|16||||0|0.25|0.5||||1.2|1.4|1.6||||1.26|1.46|1.66||0.4233|0.9172|1.4111|0.17|0.19|0.21||||6.1|20.8|25.4|1.6|5.6|9.6|36|44|52|0|1.5|2.9|0|21|28|0|5|10|0|1|8|".64"|".64"|0|3|5|0|0|0|0|0|0|0|0|0|1.6|5.9|9.7|||||||5.6|6.7|7.8|||||||||||||||||||||||||||||||||"27657183"|"82713014"
"H1"||"H"||1||0|||18|||||0|0|0|0|0|0|100|100|100|93|100|100|90|95|100|50|55|70|0|64.1|65||0.3|||1.1|||3.8|||20.6|||38.3||25|26.4|90|||||||4|9.5|15||||1|3|5||||0.95|1.05|1.15||||1|1.1|1.2||4.2333|9.1722|14.1111|0.18|0.22|0.25||||6.6|17.3|21.4|2.9|7.6|12.1|49|54|58|0|1.5|2.9|17|27|37|1|5|10|0|0|10|".32"|".32"|0|0|0|0|0|0|0|0|0|0|0|0|3.6|8.2|12.6|||||||4.5|5.9|7.3|||||||||||||||||||||||||||||||||"27657184"|"82713017"
"H2"||"H"||2||18|||58|||||0|0|0|0|0|0|100|100|100|93|100|100|90|95|100|50|55|70|0|64.1|65||0.3|||1.1|||3.8|||20.6|||38.3||25|26.4|90|||||||4|9.5|15||||0.5|1.75|3||||1.1|1.25|1.4||||1.16|1.31|1.46||4.2333|9.1722|14.1111|0.16|0.18|0.2||||6.4|17.3|21.4|2.8|7.6|12.1|42|49|55|0|1.5|2.9|16|25|33|1|3|10|0|0|9|".49"|".49"|0|0|0|0|0|0|0|0|0|0|0|0|3.2|7.6|11.7|||||||4.5|5.9|7.3|||||||||||||||||||||||||||||||||"27657184"|"82713018"
"H3"||"H"||3||58|||152|||||0|0|0|0|0|0|100|100|100|93|100|100|90|95|100|50|55|70|0|63.1|65||0.3|||1.1|||3.8|||20.3|||37.6||25|25.9|90|||||||2|11|20||||0|0.5|1||||1.2|1.3|1.4||||1.26|1.36|1.42||0.4233|9.1722|42.3333|0.06|0.13|0.2||||2.7|16.9|22.2|1.2|7.2|13.1|43|48|52|0|1.5|2.9|0|23|33|0|3|11|0|0|9|".55"|".55"|0|0|0|0|0|0|0|0|0|0|0|0|1.2|7.2|12.7|||||||6.1|7|7.8|||||||||||||||||||||||||||||||||"27657184"|"82713019"
"H1"||"H"||1||0|||23|||||0|0|0|0|0|0|100|100|100|98|100|100|60|67.5|80|20|35|55|70|80.3|90||0|||2|||13.1|||39.8|||25.4||0|16.7|30|||||||1|3|5||||2|3|4||||1.4|1.5|1.6||||1.47|1.57|1.63||42.3333|91.7222|141.1111|0.1|0.14|0.18|12|21.4|23.7|9|16.1|18.9|3.6|6.5|9.2|35|39|43|0|1.5|2.9|0|22|27|0|1|2|0|0|0|".20"|".20"|0|0|0|0|0|0|0|0|0|0|0|0|1.1|3|4.7|||||||5.1|6.2|7.3|||||||||||||||||||||||||||||||||"27657185"|"82713021"
"H2"||"H"||2||23|||68|||||0|0|0|0|0|0|100|100|100|98|100|100|50|67.5|80|10|30|35|75|80.3|100||0|||2|||13.1|||39.8|||25.4||0|16.7|25|||||||1|3|5||||0.5|1.25|2||||1.6|1.7|1.8||||1.68|1.78|1.85||42.3333|91.7222|141.1111|0.06|0.09|0.11|7|19.2|22|4.9|13.5|16.9|1.6|4.4|7.1|29|33|37|0|1.5|2.9|0|18|22|0|1|2|0|0|0|".32"|".32"|0|0|0|0|0|0|0|0|0|0|0|0|1|2.8|4.5|||||||5.1|6.2|7.3|||||||||||||||||||||||||||||||||"27657185"|"82713022"
"H3"||"H"||3||68|||152|||||0|0|0|0|0|0|100|100|100|98|100|100|70|85|100|35|62.5|80|0|32.7|65||3|||4.1|||5.5|||10.1|||10||25|56.8|90|||||||3|10.5|18||||0|0.25|0.5||||1.5|1.65|1.8||||1.58|1.73|1.88||0.4233|2.3283|4.2333|0.19|0.2|0.21||||6.2|23.1|28|2|7.3|12.6|30|36|41|0|1.5|2.9|0|22|30|0|3|12|0|0|8|".55"|".55"|0|0|0|0|0|0|0|0|0|0|0|0|2|7.3|12.3|||||||5.1|6.2|7.3|||||||||||||||||||||||||||||||||"27657185"|"82713020"
"H2"||"H"||2||20|||81|||||0|0|0|0|1|1|100|100|100|93|93|100|45|55|85|15|20|45|75|90.6|100||17.8|||30|||22|||15.3|||5.5||0|6.4|25|||||||1|3|5||||0.5|1.25|2||||1.6|1.7|1.8||||1.68|1.78|1.86||42.3333|91.7222|141.1111|0.04|0.08|0.11|5.1|14|16.7|3.8|10.3|13.5|1.4|3.9|6.7|28|31|37|0|1.5|2.9|0|18|22|0|1|2|0|0|0|".02"|".02"|0|0|0|0|0|0|0|0|0|0|0|0|1|2.8|4.5|||||||4.5|5.9|7.3|||||||||||||||||||||||||||||||||"27657186"|"82713024"
"H1"||"H"||1||0|||20|||||0|0|0|0|1|1|100|100|100|93|93|100|45|75|85|15|30|45|70|80.2|90||3.7|||12.8|||20.9|||27.4|||15.4||0|16.8|30|||||||1|3|5||||2|3|4||||1.6|1.7|1.8||||1.68|1.78|1.86||42.3333|91.7222|141.1111|0.07|0.11|0.14|11.9|21|24.5|9.1|16.1|20|3.9|6.9|10.5|26|30|35|0|1.5|2.9|0|22|27|0|1|2|0|0|0|".15"|".15"|0|0|0|0|0|0|0|0|0|0|0|0|1.1|3|4.7|||||||4.5|5.5|6.5|||||||||||||||||||||||||||||||||"27657186"|"82713023"
"H3"||"H"||3||81|||165|||||0|0|0|0|0|0|100|100|100|100|100|100|85|92.5|100|50|85|100|0|5.8|60||0.1|||0.2|||0.4|||1.7|||3.4||30|83.7|90|||||||3|10.5|18||||0|0.25|0.5||||1.5|1.6|1.7||||1.57|1.67|1.74||0.4233|2.3283|4.2333|0.12|0.17|0.22||||4.5|16.8|21.5|1.9|7.1|12.3|34|37|41|0|1.5|2.9|0|22|30|0|6|12|0|2|11|".64"|".64"|0|0|0|0|0|0|0|0|0|0|0|0|2|7.3|12.3|||||||5.6|6.5|7.3|||||||||||||||||||||||||||||||||"27657186"|"82713025"
"H1"||"H"||1||0|||15|||||0|0|0|0|0|0|100|100|100|95|97.5|100|80|90|100|55|83|95|0|21.2|60||0.1|||0.4|||1.2|||5.9|||13.6||30|69.3|90|||||||3|9.5|16||||3|6.5|10||||1.2|1.35|1.5||||1.26|1.41|1.56||1.4111|7.7611|14.1111|0.18|0.21|0.24||||11.6|28.3|33.7|5.5|13.4|21.3|36|42|48|0|1.5|2.9|0|35|49|0|5|10|0|5|14|".37"|".37"|0|1|2|0|0|0|0|0|0|0|0|0|3.3|9.1|14.5|||||||5.1|6.2|7.3|||||||||||||||||||||||||||||||||"27657187"|"82713026"
"H2"||"H"||2||15|||56|||||0|0|0|0|0|0|100|100|100|95|97.5|100|80|90|100|55|83|95|0|21.2|60||0.1|||0.4|||1.2|||5.9|||13.6||30|69.3|90|||||||3|9.5|16||||0.5|1.25|2||||1.2|1.35|1.5||||1.26|1.41|1.56||1.4111|7.7611|14.1111|0.18|0.2|0.22||||7.4|22.2|26.8|2.2|6.7|11.2|39|45|51|0|1.5|2.9|0|23|31|0|5|10|0|2|9|".64"|".64"|0|1|2|0|0|0|0|0|0|0|0|0|2.6|7.3|11.7|||||||5.1|6.2|7.3|||||||||||||||||||||||||||||||||"27657187"|"82713027"
"H3"||"H"||3||56|||165|||||0|0|0|0|0|0|100|100|100|95|97.5|100|80|90|100|70|83|95|0|21.2|60||0.1|||0.4|||1.2|||5.9|||13.6||30|69.3|90|||||||3|9.5|16||||0|0.25|0.5||||1.2|1.4|1.6||||1.26|1.46|1.66||0.4233|0.9172|1.4111|0.17|0.19|0.21||||6.1|20.8|25.4|1.6|5.6|9.6|36|44|52|0|1.5|2.9|0|21|28|0|5|10|0|1|8|".64"|".64"|0|3|5|0|0|0|0|0|0|0|0|0|1.6|5.9|9.7|||||||5.6|6.7|7.8|||||||||||||||||||||||||||||||||"27657187"|"82713028"
"H1"||"H"||1||0|||18|||||0|0|0|0|0|0|100|100|100|93|100|100|90|95|100|50|55|70|0|64.1|65||0.3|||1.1|||3.8|||20.6|||38.3||25|26.4|90|||||||4|9.5|15||||1|3|5||||0.95|1.05|1.15||||1|1.1|1.2||4.2333|9.1722|14.1111|0.18|0.22|0.25||||6.6|17.3|21.4|2.9|7.6|12.1|49|54|58|0|1.5|2.9|17|27|37|1|5|10|0|0|10|".32"|".32"|0|0|0|0|0|0|0|0|0|0|0|0|3.6|8.2|12.6|||||||4.5|5.9|7.3|||||||||||||||||||||||||||||||||"27657188"|"82713029"
"H2"||"H"||2||18|||58|||||0|0|0|0|0|0|100|100|100|93|100|100|90|95|100|50|55|70|0|64.1|65||0.3|||1.1|||3.8|||20.6|||38.3||25|26.4|90|||||||4|9.5|15||||0.5|1.75|3||||1.1|1.25|1.4||||1.16|1.31|1.46||4.2333|9.1722|14.1111|0.16|0.18|0.2||||6.4|17.3|21.4|2.8|7.6|12.1|42|49|55|0|1.5|2.9|16|25|33|1|3|10|0|0|9|".49"|".49"|0|0|0|0|0|0|0|0|0|0|0|0|3.2|7.6|11.7|||||||4.5|5.9|7.3|||||||||||||||||||||||||||||||||"27657188"|"82713031"
"H3"||"H"||3||58|||152|||||0|0|0|0|0|0|100|100|100|93|100|100|90|95|100|50|55|70|0|63.1|65||0.3|||1.1|||3.8|||20.3|||37.6||25|25.9|90|||||||2|11|20||||0|0.5|1||||1.2|1.3|1.4||||1.26|1.36|1.42||0.4233|9.1722|42.3333|0.06|0.13|0.2||||2.7|16.9|22.2|1.2|7.2|13.1|43|48|52|0|1.5|2.9|0|23|33|0|3|11|0|0|9|".55"|".55"|0|0|0|0|0|0|0|0|0|0|0|0|1.2|7.2|12.7|||||||6.1|7|7.8|||||||||||||||||||||||||||||||||"27657188"|"82713030"
"H1"||"H"||1||0|||23|||||0|0|0|0|0|0|100|100|100|98|100|100|60|67.5|80|20|35|55|70|80.3|90||0|||2|||13.1|||39.8|||25.4||0|16.7|30|||||||1|3|5||||2|3|4||||1.4|1.5|1.6||||1.47|1.57|1.63||42.3333|91.7222|141.1111|0.1|0.14|0.18|12|21.4|23.7|9|16.1|18.9|3.6|6.5|9.2|35|39|43|0|1.5|2.9|0|22|27|0|1|2|0|0|0|".20"|".20"|0|0|0|0|0|0|0|0|0|0|0|0|1.1|3|4.7|||||||5.1|6.2|7.3|||||||||||||||||||||||||||||||||"27657189"|"82713032"
"H2"||"H"||2||23|||68|||||0|0|0|0|0|0|100|100|100|98|100|100|50|67.5|80|10|30|35|75|80.3|100||0|||2|||13.1|||39.8|||25.4||0|16.7|25|||||||1|3|5||||0.5|1.25|2||||1.6|1.7|1.8||||1.68|1.78|1.85||42.3333|91.7222|141.1111|0.06|0.09|0.11|7|19.2|22|4.9|13.5|16.9|1.6|4.4|7.1|29|33|37|0|1.5|2.9|0|18|22|0|1|2|0|0|0|".32"|".32"|0|0|0|0|0|0|0|0|0|0|0|0|1|2.8|4.5|||||||5.1|6.2|7.3|||||||||||||||||||||||||||||||||"27657189"|"82713033"
"H3"||"H"||3||68|||152|||||0|0|0|0|0|0|100|100|100|98|100|100|70|85|100|35|62.5|80|0|32.7|65||3|||4.1|||5.5|||10.1|||10||25|56.8|90|||||||3|10.5|18||||0|0.25|0.5||||1.5|1.65|1.8||||1.58|1.73|1.88||0.4233|2.3283|4.2333|0.19|0.2|0.21||||6.2|23.1|28|2|7.3|12.6|30|36|41|0|1.5|2.9|0|22|30|0|3|12|0|0|8|".55"|".55"|0|0|0|0|0|0|0|0|0|0|0|0|2|7.3|12.3|||||||5.1|6.2|7.3|||||||||||||||||||||||||||||||||"27657189"|"82713034"
"H1"||"H"||1||0|||20|||||0|0|0|0|0|0|100|100|100|95|100|100|95|97.5|100|90|95|100|0|5.3|20||0.2|||0.3|||0.6|||1.7|||2.5||10|44.7|60|||||||40|50|90||||4|9.5|16||||1.1|1.3|1.5||||1.41|1.61|1.68||0|0.7056|1.4111|0.11|0.13|0.14||||0.8|37.5|46.3|0.7|36.1|41.6|34|43|51|6|7.5|8.9|40|60|80|10|25|40|11|30|51|".49"|".49"|0|0|0|0|0|0|0|0|0|0|0|0|19.6|27.8|49|||||||5.6|6.5|7.3|||||||||||||||||||||||||||||||||"27657252"|"82713248"
"H2"||"H"||2||20|||71|||||0|0|0|0|0|0|100|100|100|95|100|100|90|95|100|85|90|100|0|7.4|20||0.7|||0.9|||1.2|||2.3|||2.3||10|17.6|40|||||||60|75|90||||0.5|1.25|2||||1.25|1.38|1.5||||1.58|1.71|1.78||0|0.2117|0.4233|0.09|0.1|0.11||||37|43.3|45.2|31.9|40.7|41.5|39|45|49|6|7.5|8.9|50|65|80|20|35|45|19|36|55|".49"|".49"|0|0|0|0|0|0|0|0|0|0|0|0|18.7|27.8|39.7|||||||5.6|6.7|7.8|||||||||||||||||||||||||||||||||"27657252"|"82713249"
"H3"||"H"||3||71|||165|||||0|0|0|0|0|0|100|100|100|95|100|100|90|95|100|85|90|100|0|7.4|20||0.7|||0.9|||1.2|||2.3|||2.3||10|17.6|40|||||||60|75|90||||0|0.25|0.5||||1.25|1.38|1.5||||1.58|1.71|1.78||0|0.2117|0.4233|0.08|0.09|0.1||||40|43.3|45.2|31.4|40.5|40.7|40|45|50|6|7.5|8.9|50|65|80|20|35|45|19|36|55|".49"|".49"|0|0|0|0|0|0|0|0|0|0|0|0|12.2|22.5|34.4|||||||5.6|7|8.4|||||||||||||||||||||||||||||||||"27657252"|"82713250"
"H1"||"H"||1||0|||23|||||0|0|0|0|0|0|100|100|100|100|100|100|90|95|100|85|92.5|100|0|7.4|20||0.7|||0.9|||1.2|||2.3|||2.3||10|17.6|50|||||||40|75|90||||4|10|16||||1.1|1.35|1.6||||1.29|1.54|1.6||1.4111|2.8222|4.2333|0.11|0.17|0.23||||28.5|38|46|25.9|34.2|41.4|30|40|51|3|4.5|5.9|40|62|85|10|25|40|10|29|53|".49"|".49"|0|0|0|0|0|0|0|0|0|0|0|0|19.6|37.5|54.4|||||||5.1|6.2|7.3|||||||||||||||||||||||||||||||||"27657253"|"82713251"
"H2"||"H"||2||23|||68|||||0|0|0|0|0|0|100|100|100|100|100|100|100|100|100|95|97.5|100|0|7.4|10||0.7|||0.9|||1.2|||2.3|||2.3||10|17.6|50|||||||60|75|90||||0|1|2||||1.3|1.38|1.45||||1.49|1.57|1.64||0|0.7056|1.4111|0.09|0.1|0.11||||41.1|43.3|45.2|32.2|40.7|41.3|42|45|48|3|4.5|5.9|50|68|85|20|30|40|23|37|53|".49"|".49"|0|0|0|0|0|0|0|0|0|0|0|0|14.3|29.6|44|||||||5.1|6.2|7.3|||||||||||||||||||||||||||||||||"27657253"|"82713252"
"H3"||"H"||3||68|||165|||||0|0|0|0|0|0|100|100|100|100|100|100|100|100|100|95|97.5|100|0|7.4|10||0.7|||0.9|||1.2|||2.3|||2.3||10|17.6|50|||||||60|75|90||||0|0.25|0.5||||1.3|1.38|1.45||||1.49|1.57|1.64||0|0.7056|1.4111|0.09|0.1|0.1||||41.1|43.3|45.2|32.2|40.5|40.7|43|45|48|3|4.5|5.9|50|68|85|20|30|40|23|37|53|".49"|".49"|0|0|0|0|0|0|0|0|0|0|0|0|12.2|19.7|25.3|||||||7.4|7.9|8.4|||||||||||||||||||||||||||||||||"27657253"|"82713253"
"H1"||"H"||1||0|||15|||||0|0|0|0|0|0|100|100|100|95|97.5|100|80|90|100|55|83|95|0|21.2|60||0.1|||0.4|||1.2|||5.9|||13.6||30|69.3|90|||||||3|9.5|16||||3|6.5|10||||1.2|1.35|1.5||||1.26|1.41|1.56||1.4111|7.7611|14.1111|0.18|0.21|0.24||||11.6|28.3|33.7|5.5|13.4|21.3|36|42|48|0|1.5|2.9|0|35|49|0|5|10|0|5|14|".37"|".37"|0|1|2|0|0|0|0|0|0|0|0|0|3.3|9.1|14.5|||||||5.1|6.2|7.3|||||||||||||||||||||||||||||||||"27657272"|"82713314"
"H2"||"H"||2||15|||56|||||0|0|0|0|0|0|100|100|100|95|97.5|100|80|90|100|55|83|95|0|21.2|60||0.1|||0.4|||1.2|||5.9|||13.6||30|69.3|90|||||||3|9.5|16||||0.5|1.25|2||||1.2|1.35|1.5||||1.26|1.41|1.56||1.4111|7.7611|14.1111|0.18|0.2|0.22||||7.4|22.2|26.8|2.2|6.7|11.2|39|45|51|0|1.5|2.9|0|23|31|0|5|10|0|2|9|".64"|".64"|0|1|2|0|0|0|0|0|0|0|0|0|2.6|7.3|11.7|||||||5.1|6.2|7.3|||||||||||||||||||||||||||||||||"27657272"|"82713315"
"H3"||"H"||3||56|||165|||||0|0|0|0|0|0|100|100|100|95|97.5|100|80|90|100|70|83|95|0|21.2|60||0.1|||0.4|||1.2|||5.9|||13.6||30|69.3|90|||||||3|9.5|16||||0|0.25|0.5||||1.2|1.4|1.6||||1.26|1.46|1.66||0.4233|0.9172|1.4111|0.17|0.19|0.21||||6.1|20.8|25.4|1.6|5.6|9.6|36|44|52|0|1.5|2.9|0|21|28|0|5|10|0|1|8|".64"|".64"|0|3|5|0|0|0|0|0|0|0|0|0|1.6|5.9|9.7|||||||5.6|6.7|7.8|||||||||||||||||||||||||||||||||"27657272"|"82713316"
"H3"||"H"||3||56|||165|||||0|0|0|0|0|0|100|100|100|100|100|100|95|97.5|100|90|95|100|0|26.1|30||1.6|||2.2|||5|||9.4|||7.9||10|28.9|65|||||||35|45|55||||0|0.25|0.5||||1.4|1.55|1.7||||1.62|1.77|1.84||0|0.7056|1.4111|0.11|0.14|0.16||||29.6|34.8|36.5|21.7|25.2|31.1|34|39|45|3|4.5|5.9|25|40|55|11|20|30|7|20|34|".24"|".24"|0|0|0|0|0|0|0|0|0|0|0|0|11.5|20.1|25.9|||||||5.6|7|8.4|||||||||||||||||||||||||||||||||"27657273"|"82713319"
"H1"||"H"||1||0|||18|||||0|0|0|0|0|0|100|100|100|95|97.5|100|60|77.5|95|30|47.5|65|40|69.7|75||0.3|||4.8|||15.5|||30.3|||18.8||15|21.8|50|||||||5|8.5|12||||4|6|8||||1|1.15|1.3||||1.05|1.2|1.35||14.1111|28.2222|42.3333|0.13|0.19|0.25||||12.9|20.3|23.5|6.9|10.9|14.9|43|49|56|0|1.5|2.9|25|33|41|2|5|7|0|0|4|".24"|".24"|0|0|0|0|0|0|0|0|0|0|0|0|5.1|8.2|11.2|||||||5.1|6.2|7.3|||||||||||||||||||||||||||||||||"27657273"|"82713317"
"H2"||"H"||2||18|||56|||||0|0|0|0|0|0|100|100|100|95|97.5|100|60|77.5|95|30|47.5|65|40|69.7|75||0.3|||4.8|||15.5|||30.3|||18.8||15|21.8|50|||||||5|8.5|12||||0.5|1.75|3||||1.15|1.3|1.45||||1.21|1.36|1.51||14.1111|28.2222|42.3333|0.12|0.16|0.2||||8.2|16.7|20.2|3.5|7.1|10.7|41|47|53|0|1.5|2.9|17|24|30|2|3|7|0|0|3|".37"|".37"|0|0|0|0|0|0|0|0|0|0|0|0|3.9|7|9.8|||||||5.1|6.2|7.3|||||||||||||||||||||||||||||||||"27657273"|"82713318"
"H2"||"H"||2||20|||81|||||0|0|0|0|1|1|100|100|100|93|93|100|45|55|85|15|20|45|75|90.6|100||17.8|||30|||22|||15.3|||5.5||0|6.4|25|||||||1|3|5||||0.5|1.25|2||||1.6|1.7|1.8||||1.68|1.78|1.86||42.3333|91.7222|141.1111|0.04|0.08|0.11|5.1|14|16.7|3.8|10.3|13.5|1.4|3.9|6.7|28|31|37|0|1.5|2.9|0|18|22|0|1|2|0|0|0|".02"|".02"|0|0|0|0|0|0|0|0|0|0|0|0|1|2.8|4.5|||||||4.5|5.9|7.3|||||||||||||||||||||||||||||||||"27657274"|"82713321"
"H1"||"H"||1||0|||20|||||0|0|0|0|1|1|100|100|100|93|93|100|45|75|85|15|30|45|70|80.2|90||3.7|||12.8|||20.9|||27.4|||15.4||0|16.8|30|||||||1|3|5||||2|3|4||||1.6|1.7|1.8||||1.68|1.78|1.86||42.3333|91.7222|141.1111|0.07|0.11|0.14|11.9|21|24.5|9.1|16.1|20|3.9|6.9|10.5|26|30|35|0|1.5|2.9|0|22|27|0|1|2|0|0|0|".15"|".15"|0|0|0|0|0|0|0|0|0|0|0|0|1.1|3|4.7|||||||4.5|5.5|6.5|||||||||||||||||||||||||||||||||"27657274"|"82713320"
"H3"||"H"||3||81|||165|||||0|0|0|0|0|0|100|100|100|100|100|100|85|92.5|100|50|85|100|0|5.8|60||0.1|||0.2|||0.4|||1.7|||3.4||30|83.7|90|||||||3|10.5|18||||0|0.25|0.5||||1.5|1.6|1.7||||1.57|1.67|1.74||0.4233|2.3283|4.2333|0.12|0.17|0.22||||4.5|16.8|21.5|1.9|7.1|12.3|34|37|41|0|1.5|2.9|0|22|30|0|6|12|0|2|11|".64"|".64"|0|0|0|0|0|0|0|0|0|0|0|0|2|7.3|12.3|||||||5.6|6.5|7.3|||||||||||||||||||||||||||||||||"27657274"|"82713322"
"H1"||"H"||1||0|||20|||||0|0|0|0|0|0|100|100|100|95|100|100|80|87|95|35|40|50|40|69.7|75||0.3|||4.8|||15.5|||30.3|||18.8||15|21.8|50|||||||5|8.5|12||||4|6|8||||1|1.15|1.3||||1.05|1.2|1.35||14.1111|28.2222|42.3333|0.13|0.19|0.25||||12.9|20.5|23.5|6.9|11|14.9|43|50|56|0|1.5|2.9|25|33|41|2|5|7|0|0|2|".24"|".24"|0|0|0|0|0|0|0|0|0|0|0|0|5.1|8.2|11.2|||||||5.1|6.2|7.3|||||||||||||||||||||||||||||||||"27657275"|"82713324"
"H2"||"H"||2||20|||38|||||0|0|0|0|0|0|100|100|100|95|100|100|80|87|95|35|39|50|40|69.7|75||0.3|||4.8|||15.5|||30.3|||18.8||15|21.8|50|||||||5|8.5|12||||0.5|1.75|3||||1.15|1.3|1.45||||1.21|1.36|1.51||14.1111|28.2222|42.3333|0.12|0.16|0.2||||8.2|16.9|20.2|3.5|7.2|10.7|41|47|53|0|1.5|2.9|17|24|30|2|5|7|0|0|1|".32"|".32"|0|0|0|0|0|0|0|0|0|0|0|0|3.9|7|9.8|||||||5.1|6.2|7.3|||||||||||||||||||||||||||||||||"27657275"|"82713323"
"H3"||"H"||3||38|||165|||||0|0|0|0|0|0|100|100|100|100|100|100|95|97.5|100|80|85|100|0|18.4|30||1.3|||2|||2.9|||5.8|||6.4||10|43.6|65|||||||35|38|55||||0|0.25|0.5||||1.4|1.55|1.7||||1.62|1.77|1.84||0|0.7056|1.4111|0.11|0.14|0.16||||31.8|35.1|38.5|21.7|23.9|31.1|34|39|45|3|4.5|5.9|25|40|55|11|20|30|6|17|34|".37"|".37"|0|0|0|0|0|0|0|0|0|0|0|0|11.5|17.6|25.9|||||||5.6|7|8.4|||||||||||||||||||||||||||||||||"27657275"|"82713325"
"R"||"R"||||43|||68||||||||||||||||||||||||||||||||||||||||||||||||||||||||||||||||||||||||0.0706|0.215|141.1111|||||||||||||||||||||||||||||||||0|0|0|0|0|0|0|0|0|||||||||||||||||||||||||||||||||||||||||||||"27657280"|"82713340"
"H1"||"H"||1||0|||18|||||0|1|1|0|3|20|80|92|95|55|88|95|50|75|85|30|55|80|25|43|75||4|||5.6|||7.6|||13.4|||12.4||15|38.5|65|||||||10|18.5|27||||2|4|6||||1.1|1.25|1.4||||1.16|1.31|1.46||4.2333|9.1722|14.1111|0.11|0.15|0.19||||9.6|26.6|32.2|4.6|12.8|19.7|26|44|52|0|1.5|2.9|25|30|49|5|7|15|0|1|14|".28"|".28"|0|0|1|0|0|0|0|0|0|0|0|0|8.1|14.4|20.6|||||||5.1|6.2|7.3|||||||||||||||||||||||||||||||||"27657280"|"82713338"
"H2"||"H"||2||18|||43|||||0|0|0|0|3|20|80|95|95|55|95|95|35|80|85|20|70|80|25|27.1|75||2.2|||3.1|||4.4|||8.5|||8.9||15|54.4|65|||||||10|18.5|27||||0|0.5|1||||1.2|1.35|1.5||||1.26|1.41|1.56||4.2333|9.1722|14.1111|0.07|0.13|0.18||||8.1|25.2|29.5|3.3|10.2|15.4|25|44|50|0|1.5|2.9|20|30|39|5|7|15|0|1|12|".43"|".43"|0|3|5|0|0|0|0|0|0|0|0|0|4.3|10.9|16.2|||||||5.6|6.7|7.8|||||||||||||||||||||||||||||||||"27657280"|"82713339"
"R"||"R"||||46|||71||||||||||||||||||||||||||||||||||||||||||||||||||||||||||||||||||||||||0.4233|2.3283|4.2333|||||||||||||||||||||||||||||||||0|0|0|0|0|0|0|0|0|||||||||||||||||||||||||||||||||||||||||||||"27657281"|"82713343"
"H1"||"H"||1||0|||13|||||0|1|1|5|10|20|90|95|100|85|90|95|70|82.5|95|50|70|90|25|42.1|50||4|||5.5|||7.4|||13.1|||12.1||30|37.9|65|||||||10|20|30||||2|4|6||||1.3|1.4|1.5||||1.37|1.47|1.54||4.2333|9.1722|14.1111|0.17|0.19|0.21||||12.4|27.1|33.3|6.6|14.5|22.9|31|37|43|0|1.5|2.9|25|38|52|6|13|20|0|8|21|".32"|".32"|0|0|0|0|0|0|0|0|0|0|0|0|8.1|15.3|22.4|||||||5.6|6.7|7.8|||||||||||||||||||||||||||||||||"27657281"|"82713341"
"H2"||"H"||2||13|||46|||||0|3|5|15|25|30|40|70|85|35|50|80|30|45|80|20|35|75|0|42.1|50||4|||5.5|||7.4|||13.1|||12.1||30|37.9|65|||||||10|20|30||||0.5|1.25|2||||1.4|1.55|1.7||||1.55|1.7|1.84||4.2333|9.1722|14.1111|0.06|0.11|0.16||||4.8|14.3|26.4|2.3|7|16.7|11|19|34|0|1.5|2.9|21|32|43|6|8|18|0|0|13|".10"|".37"|0|0|0|0|0|0|0|0|0|0|0|0|6.7|13.1|19.3|||||||6.1|7|7.8|||||||||||||||||||||||||||||||||"27657281"|"82713342"
"R"||"R"||||8|||33||||||||||||||||||||||||||||||||||||||||||||||||||||||||||||||||||||||||0.0706|0.215|141.1111|||||||||||||||||||||||||||||||||0|0|0|0|0|0|0|0|0|||||||||||||||||||||||||||||||||||||||||||||"27657282"|"82713345"
"H1"||"H"||1||0|||8|||||0|0|0|5|5|15|80|95|100|75|90|95|50|72.5|95|30|57.5|85|20|27.1|60||2.2|||3.1|||4.4|||8.5|||8.9||30|54.4|70|||||||10|18.5|27||||2|4|6||||1.1|1.25|1.4||||1.16|1.31|1.46||4.2333|9.1722|14.1111|0.14|0.17|0.2||||12.2|26.8|31.4|5.8|12.9|19.2|33|44|51|0|1.5|2.9|25|37|49|6|12|18|0|5|17|".43"|".43"|0|0|0|0|0|0|0|0|0|0|0|0|8.2|14.8|21.3|||||||5.6|6.4|7.3|||||||||||||||||||||||||||||||||"27657282"|"82713344"
"R"||"R"||||61|||86||||||||||||||||||||||||||||||||||||||||||||||||||||||||||||||||||||||||0.0706|0.215|141.1111|||||||||||||||||||||||||||||||||0|0|0|0|0|0|0|0|0|||||||||||||||||||||||||||||||||||||||||||||"27657283"|"82713348"
"H2"||"H"||2||8|||61|||||0|1|1|0|1|5|60|90|95|50|85|95|35|62.5|90|20|52.5|75|30|67.5|75||0.3|||4.7|||15|||29.3|||18.2||15|21|65|||||||5|11.5|18||||0|0.5|1||||1.2|1.35|1.5||||1.27|1.42|1.57||4.2333|9.1722|14.1111|0.08|0.14|0.19||||4.4|15.7|20.9|1.9|6.9|11.9|26|42|50|0|1.5|2.9|16|23|31|2|7|12|0|0|7|".32"|".32"|0|3|5|0|0|0|0|0|0|0|0|0|2.5|7.5|11.7|||||||5.6|6.7|7.8|||||||||||||||||||||||||||||||||"27657283"|"82713347"
"H1"||"H"||1||0|||8|||||1|1|5|5|5|15|55|85|85|50|80|80|45|60|75|30|60|65|30|30.9|75||2.6|||3.6|||5.1|||9.7|||9.9||15|56.6|65|||||||7|12.5|18||||2|4|6||||1.1|1.25|1.4||||1.17|1.32|1.47||4.2333|9.1722|14.1111|0.09|0.13|0.16||||8.4|23.1|26.3|3.5|9.5|13.8|25|41|46|0|1.5|2.9|22|32|42|3|8|12|0|3|7|".37"|".37"|0|0|0|0|0|0|0|0|0|0|0|0|6.1|10.6|14.9|||||||5.6|6.5|7.3|||||||||||||||||||||||||||||||||"27657283"|"82713346"
"R"||"R"||||63|||88||||||||||||||||||||||||||||||||||||||||||||||||||||||||||||||||||||||||0|0.215|4.2333|||||||||||||||||||||||||||||||||0|0|0|0|0|0|0|0|0|||||||||||||||||||||||||||||||||||||||||||||"27657284"|"82713352"
"H1"||"H"||1||0|||13|||||0|0|0|0|3|5|80|90|100|75|87.5|100|60|80|100|40|65|80|30|32.3|50||2.9|||4|||5.5|||10|||9.9||30|56.2|65|||||||5|11.5|18||||4|6|8||||1.1|1.25|1.4||||1.16|1.31|1.46||4.2333|9.1722|14.1111|0.14|0.17|0.2||||13.6|26|31.9|6.2|11.9|18.3|34|43|52|0|1.5|2.9|25|36|46|2|7|12|0|3|11|".32"|".32"|0|0|0|0|0|0|0|0|0|0|0|0|6.3|12.6|18.6|||||||6.1|7|7.8|||||||||||||||||||||||||||||||||"27657284"|"82713349"
"H3"||"H"||3||43|||63|||||0|0|0|0|3|5|30|45|60|25|40|55|25|40|55|15|32.5|50|30|32.3|50||2.9|||4|||5.5|||10|||9.9||30|56.2|65|||||||5|11.5|18||||0|0.5|1||||1.7|1.83|1.95||||1.88|1.9|2.01||4.2333|9.1722|14.1111|0.03|0.06|0.08||||3.1|12|19|1.1|4.4|9.5||14|21|0|1.5|2.9|25|36|46|2|7|12|0|0|4|".20"|".64"|0|5|10|0|0|0|0|0|0|0|0|0|3.8|8.2|12.4|||||||7.4|7.9|8.4|||||||||||||||||||||||||||||||||"27657284"|"82713351"
"H2"||"H"||2||13|||43|||||0|0|0|0|3|5|40|75|100|35|60|100|30|55|100|20|45|80|30|32.3|50||2.9|||4|||5.5|||10|||9.9||30|56.2|65|||||||5|11.5|18||||0|0.5|1||||1.2|1.35|1.5||||1.28|1.43|1.52||4.2333|9.1722|14.1111|0.09|0.12|0.14||||4.4|16.5|26.6|1.3|5|11|20|34|52|0|1.5|2.9|25|36|46|2|7|12|0|0|11|".24"|".49"|0|1|1|0|0|0|0|0|0|0|0|0|3.8|8.2|12.4|||||||6.1|7|7.8|||||||||||||||||||||||||||||||||"27657284"|"82713350"
"R"||"R"||||0|||152||||||||||||||||||||||||||||||||||||||||||||||||||||||||||||||||||||||||0.0706|0.215|141.1111|0|0|0||||||||||||||||||||||||||||||0|0|0|0|0|0|0|0|0|||||||||||||||||||||||||||||||||||||||||||||"27657285"|"82713353"
"R"||"R"||||30|||55||||||||||||||||||||||||||||||||||||||||||||||||||||||||||||||||||||||||0.0706|0.215|141.1111|||||||||||||||||||||||||||||||||0|0|0|0|0|0|0|0|0|||||||||||||||||||||||||||||||||||||||||||||"27657286"|"82713357"
"H1"||"H"||1||0|||5|||||0|1|1|0|3|20|85|90|95|80|87.5|95|50|62.5|75|25|35|45|40|71.1|75||0.3|||4.9|||15.8|||30.9|||19.2||15|22.4|50|||||||3|6.5|10||||5|7|9||||0.6|0.7|0.8||||0.63|0.73|0.83||14.1111|28.2222|42.3333|0.14|0.17|0.2||||9.2|15.7|18.6|3.8|6.5|9|49|57|63|0|1.5|2.9|0|34|42|0|3|6|0|0|0|".37"|".37"|0|0|0|0|0|0|0|0|0|0|0|0||||||||||5.1|5.8|6.5|||||||||||||||||||||||||||||||||"27657286"|"82713354"
"H2"||"H"||2||5|||23|||||0|3|5|0|13|25|85|90|95|80|85|95|50|62.5|75|25|35|45|40|71.1|75||0.3|||4.9|||15.8|||30.9|||19.2||15|22.4|50|||||||3|6.5|10||||0.5|1.25|2||||0.8|1.15|1.5||||0.86|1.21|1.56||14.1111|28.2222|42.3333|0.14|0.16|0.18||||4.7|11.9|16.7|1.6|4.1|7.2|30|45|64|0|1.5|2.9|0|21|26|0|3|6|0|0|0|".24"|".43"|0|0|0|0|0|0|0|0|0|0|0|0||||||||||5.1|5.8|6.5|||||||||||||||||||||||||||||||||"27657286"|"82713355"
"H3"||"H"||3||23|||30|||||0|3|5|0|8|15|75|85|95|65|80|95|45|60|75|20|32.5|45|40|65.8|75||5.2|||3.4|||14.5|||25.5|||17.2||15|31.2|50|||||||1|3|5||||0|0.5|1||||1.3|1.5|1.7||||1.38|1.58|1.78||42.3333|91.7222|141.1111|0.09|0.12|0.14||||1.8|8.9|13.7|0.4|2.2|4.7|22|33|47|0|1.5|2.9|0|16|20|0|1|2|0|0|0|".28"|".49"|0|0|0|0|0|0|0|0|0|0|0|0||||||||||5.6|6.1|6.5|||||||||||||||||||||||||||||||||"27657286"|"82713356"
"R"||"R"||||43|||68||||||||||||||||||||||||||||||||||||||||||||||||||||||||||||||||||||||||0.0706|0.215|141.1111|||||||||||||||||||||||||||||||||0|0|0|0|0|0|0|0|0|||||||||||||||||||||||||||||||||||||||||||||"27657287"|"82713360"
"H1"||"H"||1||0|||18|||||0|1|1|0|3|20|80|92|95|55|88|95|50|75|85|30|55|80|25|43|75||4|||5.6|||7.6|||13.4|||12.4||15|38.5|65|||||||10|18.5|27||||2|4|6||||1.1|1.25|1.4||||1.16|1.31|1.46||4.2333|9.1722|14.1111|0.11|0.15|0.19||||9.6|26.6|32.2|4.6|12.8|19.7|26|44|52|0|1.5|2.9|25|30|49|5|7|15|0|1|14|".28"|".28"|0|0|1|0|0|0|0|0|0|0|0|0|8.1|14.4|20.6|||||||5.1|6.2|7.3|||||||||||||||||||||||||||||||||"27657287"|"82713358"
"H2"||"H"||2||18|||43|||||0|0|0|0|3|20|80|95|95|55|95|95|35|80|85|20|70|80|25|27.1|75||2.2|||3.1|||4.4|||8.5|||8.9||15|54.4|65|||||||10|18.5|27||||0|0.5|1||||1.2|1.35|1.5||||1.26|1.41|1.56||4.2333|9.1722|14.1111|0.07|0.13|0.18||||8.1|25.2|29.5|3.3|10.2|15.4|25|44|50|0|1.5|2.9|20|30|39|5|7|15|0|1|12|".43"|".43"|0|3|5|0|0|0|0|0|0|0|0|0|4.3|10.9|16.2|||||||5.6|6.7|7.8|||||||||||||||||||||||||||||||||"27657287"|"82713359"
"R"||"R"||||46|||71||||||||||||||||||||||||||||||||||||||||||||||||||||||||||||||||||||||||0.4233|2.3283|4.2333|||||||||||||||||||||||||||||||||0|0|0|0|0|0|0|0|0|||||||||||||||||||||||||||||||||||||||||||||"27657288"|"82713363"
"H1"||"H"||1||0|||13|||||0|1|1|5|10|20|90|95|100|85|90|95|70|82.5|95|50|70|90|25|42.1|50||4|||5.5|||7.4|||13.1|||12.1||30|37.9|65|||||||10|20|30||||2|4|6||||1.3|1.4|1.5||||1.37|1.47|1.54||4.2333|9.1722|14.1111|0.17|0.19|0.21||||12.4|27.1|33.3|6.6|14.5|22.9|31|37|43|0|1.5|2.9|25|38|52|6|13|20|0|8|21|".32"|".32"|0|0|0|0|0|0|0|0|0|0|0|0|8.1|15.3|22.4|||||||5.6|6.7|7.8|||||||||||||||||||||||||||||||||"27657288"|"82713361"
"H2"||"H"||2||13|||46|||||0|3|5|15|25|30|40|70|85|35|50|80|30|45|80|20|35|75|0|42.1|50||4|||5.5|||7.4|||13.1|||12.1||30|37.9|65|||||||10|20|30||||0.5|1.25|2||||1.4|1.55|1.7||||1.55|1.7|1.84||4.2333|9.1722|14.1111|0.06|0.11|0.16||||4.8|14.3|26.4|2.3|7|16.7|11|19|34|0|1.5|2.9|21|32|43|6|8|18|0|0|13|".10"|".37"|0|0|0|0|0|0|0|0|0|0|0|0|6.7|13.1|19.3|||||||6.1|7|7.8|||||||||||||||||||||||||||||||||"27657288"|"82713362"
"R"||"R"||||8|||33||||||||||||||||||||||||||||||||||||||||||||||||||||||||||||||||||||||||0.0706|0.215|141.1111|||||||||||||||||||||||||||||||||0|0|0|0|0|0|0|0|0|||||||||||||||||||||||||||||||||||||||||||||"27657289"|"82713365"
"H1"||"H"||1||0|||8|||||0|0|0|5|5|15|80|95|100|75|90|95|50|72.5|95|30|57.5|85|20|27.1|60||2.2|||3.1|||4.4|||8.5|||8.9||30|54.4|70|||||||10|18.5|27||||2|4|6||||1.1|1.25|1.4||||1.16|1.31|1.46||4.2333|9.1722|14.1111|0.14|0.17|0.2||||12.2|26.8|31.4|5.8|12.9|19.2|33|44|51|0|1.5|2.9|25|37|49|6|12|18|0|5|17|".43"|".43"|0|0|0|0|0|0|0|0|0|0|0|0|8.2|14.8|21.3|||||||5.6|6.4|7.3|||||||||||||||||||||||||||||||||"27657289"|"82713364"
"R"||"R"||||61|||86||||||||||||||||||||||||||||||||||||||||||||||||||||||||||||||||||||||||0.0706|0.215|141.1111|||||||||||||||||||||||||||||||||0|0|0|0|0|0|0|0|0|||||||||||||||||||||||||||||||||||||||||||||"27657290"|"82713368"
"H2"||"H"||2||8|||61|||||0|1|1|0|1|5|60|90|95|50|85|95|35|62.5|90|20|52.5|75|30|67.5|75||0.3|||4.7|||15|||29.3|||18.2||15|21|65|||||||5|11.5|18||||0|0.5|1||||1.2|1.35|1.5||||1.27|1.42|1.57||4.2333|9.1722|14.1111|0.08|0.14|0.19||||4.4|15.7|20.9|1.9|6.9|11.9|26|42|50|0|1.5|2.9|16|23|31|2|7|12|0|0|7|".32"|".32"|0|3|5|0|0|0|0|0|0|0|0|0|2.5|7.5|11.7|||||||5.6|6.7|7.8|||||||||||||||||||||||||||||||||"27657290"|"82713367"
"H1"||"H"||1||0|||8|||||1|1|5|5|5|15|55|85|85|50|80|80|45|60|75|30|60|65|30|30.9|75||2.6|||3.6|||5.1|||9.7|||9.9||15|56.6|65|||||||7|12.5|18||||2|4|6||||1.1|1.25|1.4||||1.17|1.32|1.47||4.2333|9.1722|14.1111|0.09|0.13|0.16||||8.4|23.1|26.3|3.5|9.5|13.8|25|41|46|0|1.5|2.9|22|32|42|3|8|12|0|3|7|".37"|".37"|0|0|0|0|0|0|0|0|0|0|0|0|6.1|10.6|14.9|||||||5.6|6.5|7.3|||||||||||||||||||||||||||||||||"27657290"|"82713366"
"R"||"R"||||63|||88||||||||||||||||||||||||||||||||||||||||||||||||||||||||||||||||||||||||0|0.215|4.2333|||||||||||||||||||||||||||||||||0|0|0|0|0|0|0|0|0|||||||||||||||||||||||||||||||||||||||||||||"27657291"|"82713372"
"H1"||"H"||1||0|||13|||||0|0|0|0|3|5|80|90|100|75|87.5|100|60|80|100|40|65|80|30|32.3|50||2.9|||4|||5.5|||10|||9.9||30|56.2|65|||||||5|11.5|18||||4|6|8||||1.1|1.25|1.4||||1.16|1.31|1.46||4.2333|9.1722|14.1111|0.14|0.17|0.2||||13.6|26|31.9|6.2|11.9|18.3|34|43|52|0|1.5|2.9|25|36|46|2|7|12|0|3|11|".32"|".32"|0|0|0|0|0|0|0|0|0|0|0|0|6.3|12.6|18.6|||||||6.1|7|7.8|||||||||||||||||||||||||||||||||"27657291"|"82713369"
"H3"||"H"||3||43|||63|||||0|0|0|0|3|5|30|45|60|25|40|55|25|40|55|15|32.5|50|30|32.3|50||2.9|||4|||5.5|||10|||9.9||30|56.2|65|||||||5|11.5|18||||0|0.5|1||||1.7|1.83|1.95||||1.88|1.9|2.01||4.2333|9.1722|14.1111|0.03|0.06|0.08||||3.1|12|19|1.1|4.4|9.5||14|21|0|1.5|2.9|25|36|46|2|7|12|0|0|4|".20"|".64"|0|5|10|0|0|0|0|0|0|0|0|0|3.8|8.2|12.4|||||||7.4|7.9|8.4|||||||||||||||||||||||||||||||||"27657291"|"82713371"
"H2"||"H"||2||13|||43|||||0|0|0|0|3|5|40|75|100|35|60|100|30|55|100|20|45|80|30|32.3|50||2.9|||4|||5.5|||10|||9.9||30|56.2|65|||||||5|11.5|18||||0|0.5|1||||1.2|1.35|1.5||||1.28|1.43|1.52||4.2333|9.1722|14.1111|0.09|0.12|0.14||||4.4|16.5|26.6|1.3|5|11|20|34|52|0|1.5|2.9|25|36|46|2|7|12|0|0|11|".24"|".49"|0|1|1|0|0|0|0|0|0|0|0|0|3.8|8.2|12.4|||||||6.1|7|7.8|||||||||||||||||||||||||||||||||"27657291"|"82713370"
"R"||"R"||||0|||152||||||||||||||||||||||||||||||||||||||||||||||||||||||||||||||||||||||||0.0706|0.215|141.1111|0|0|0||||||||||||||||||||||||||||||0|0|0|0|0|0|0|0|0|||||||||||||||||||||||||||||||||||||||||||||"27657292"|"82713373"
"R"||"R"||||30|||55||||||||||||||||||||||||||||||||||||||||||||||||||||||||||||||||||||||||0.0706|0.215|141.1111|||||||||||||||||||||||||||||||||0|0|0|0|0|0|0|0|0|||||||||||||||||||||||||||||||||||||||||||||"27657293"|"82713377"
"H1"||"H"||1||0|||5|||||0|1|1|0|3|20|85|90|95|80|87.5|95|50|62.5|75|25|35|45|40|71.1|75||0.3|||4.9|||15.8|||30.9|||19.2||15|22.4|50|||||||3|6.5|10||||5|7|9||||0.6|0.7|0.8||||0.63|0.73|0.83||14.1111|28.2222|42.3333|0.14|0.17|0.2||||9.2|15.7|18.6|3.8|6.5|9|49|57|63|0|1.5|2.9|0|34|42|0|3|6|0|0|0|".37"|".37"|0|0|0|0|0|0|0|0|0|0|0|0||||||||||5.1|5.8|6.5|||||||||||||||||||||||||||||||||"27657293"|"82713374"
"H2"||"H"||2||5|||23|||||0|3|5|0|13|25|85|90|95|80|85|95|50|62.5|75|25|35|45|40|71.1|75||0.3|||4.9|||15.8|||30.9|||19.2||15|22.4|50|||||||3|6.5|10||||0.5|1.25|2||||0.8|1.15|1.5||||0.86|1.21|1.56||14.1111|28.2222|42.3333|0.14|0.16|0.18||||4.7|11.9|16.7|1.6|4.1|7.2|30|45|64|0|1.5|2.9|0|21|26|0|3|6|0|0|0|".24"|".43"|0|0|0|0|0|0|0|0|0|0|0|0||||||||||5.1|5.8|6.5|||||||||||||||||||||||||||||||||"27657293"|"82713375"
"H3"||"H"||3||23|||30|||||0|3|5|0|8|15|75|85|95|65|80|95|45|60|75|20|32.5|45|40|65.8|75||5.2|||3.4|||14.5|||25.5|||17.2||15|31.2|50|||||||1|3|5||||0|0.5|1||||1.3|1.5|1.7||||1.38|1.58|1.78||42.3333|91.7222|141.1111|0.09|0.12|0.14||||1.8|8.9|13.7|0.4|2.2|4.7|22|33|47|0|1.5|2.9|0|16|20|0|1|2|0|0|0|".28"|".49"|0|0|0|0|0|0|0|0|0|0|0|0||||||||||5.6|6.1|6.5|||||||||||||||||||||||||||||||||"27657293"|"82713376"
"H1"||"H"||1||0|||23|||||0|0|1|0|2|10|80|90|95|75|80|90|65|70|85|40|50|65|35|45.3|75||4.5|||6.1|||8.1|||13.9|||12.7||15|43.2|65|||||||5|11.5|18||||2|4|6||||1|1.13|1.25||||1.06|1.19|1.31||4.2333|9.1722|14.1111|0.14|0.19|0.24||||9.8|22.7|28|3.7|8.5|13.8|39|46|54|0|1.5|2.9|20|31|42|2|7|12|0|1|7|".32"|".32"|0|0|0|0|0|0|0|0|0|0|0|0|4.7|9.9|14.9|||||||5.1|6.2|7.3|||||||||||||||||||||||||||||||||"27657294"|"82713378"
"H3"||"H"||3||43|||76|||||0|1|1|0|3|10|60|90|95|50|85|85|40|75|85|20|40|50|35|67.5|75||0.3|||4.7|||15|||29.3|||18.2||15|21|65|||||||5|11.5|18||||0|0.25|0.5||||1.6|1.73|1.85||||1.69|1.82|1.91||0.4233|0.9172|4.2333|0.08|0.13|0.18||||4.4|16.6|21|2.1|8.2|13.3|16|29|34|0|1.5|2.9|16|23|30|2|3|12|0|0|2|".37"|".37"|0|0|0|0|0|0|0|0|0|0|0|0|2.5|6.8|10.7|||||||5.6|6.5|7.3|||||||||||||||||||||||||||||||||"27657294"|"82713380"
"H2"||"H"||2||23|||43|||||0|1|1|0|3|10|75|90|95|65|85|90|60|73|85|30|53|65|35|45.3|75||4.5|||6.1|||8.1|||13.9|||12.7||15|43.2|65|||||||5|11.5|18||||0.5|1.25|2||||1.4|1.53|1.65||||1.48|1.61|1.69||4.2333|9.1722|14.1111|0.12|0.17|0.22||||7.5|21.9|27.2|2.7|7.8|13|25|35|41|0|1.5|2.9|17|25|33|2|3|12|0|0|5|".49"|".49"|0|0|0|0|0|0|0|0|0|0|0|0|3.9|8.5|12.9|||||||5.6|6.5|7.3|||||||||||||||||||||||||||||||||"27657294"|"82713381"
"H4"||"H"||4||76|||165|||||0|1|1|0|5|10|50|75|90|35|65|85|30|55|80|25|45|75|35|45.8|75||4.6|||6.2|||8.1|||14.1|||12.8||15|43.7|65|||||||3|10.5|18||||0|0.25|0.5||||1.6|1.73|1.85||||1.71|1.84|1.95||0.4233|0.9172|4.2333|0.07|0.12|0.17||||2.6|16.6|25.5|0.8|5.4|11.9|12|23|34|0|1.5|2.9|0|22|30|0|3|12|0|0|7|".28"|".55"|0|0|20|0|0|0|0|0|0|0|0|0|1.6|6.3|10.7|||||||5.6|7|8.4|||||||||||||||||||||||||||||||||"27657294"|"82713379"
"R"||"R"||||43|||68||||||||||||||||||||||||||||||||||||||||||||||||||||||||||||||||||||||||0.0706|0.215|141.1111|||||||||||||||||||||||||||||||||0|0|0|0|0|0|0|0|0|||||||||||||||||||||||||||||||||||||||||||||"27657295"|"82713384"
"H1"||"H"||1||0|||18|||||0|1|1|0|3|20|80|92|95|55|88|95|50|75|85|30|55|80|25|43|75||4|||5.6|||7.6|||13.4|||12.4||15|38.5|65|||||||10|18.5|27||||2|4|6||||1.1|1.25|1.4||||1.16|1.31|1.46||4.2333|9.1722|14.1111|0.11|0.15|0.19||||9.6|26.6|32.2|4.6|12.8|19.7|26|44|52|0|1.5|2.9|25|30|49|5|7|15|0|1|14|".28"|".28"|0|0|1|0|0|0|0|0|0|0|0|0|8.1|14.4|20.6|||||||5.1|6.2|7.3|||||||||||||||||||||||||||||||||"27657295"|"82713382"
"H2"||"H"||2||18|||43|||||0|0|0|0|3|20|80|95|95|55|95|95|35|80|85|20|70|80|25|27.1|75||2.2|||3.1|||4.4|||8.5|||8.9||15|54.4|65|||||||10|18.5|27||||0|0.5|1||||1.2|1.35|1.5||||1.26|1.41|1.56||4.2333|9.1722|14.1111|0.07|0.13|0.18||||8.1|25.2|29.5|3.3|10.2|15.4|25|44|50|0|1.5|2.9|20|30|39|5|7|15|0|1|12|".43"|".43"|0|3|5|0|0|0|0|0|0|0|0|0|4.3|10.9|16.2|||||||5.6|6.7|7.8|||||||||||||||||||||||||||||||||"27657295"|"82713383"
"R"||"R"||||46|||71||||||||||||||||||||||||||||||||||||||||||||||||||||||||||||||||||||||||0.4233|2.3283|4.2333|||||||||||||||||||||||||||||||||0|0|0|0|0|0|0|0|0|||||||||||||||||||||||||||||||||||||||||||||"27657296"|"82713387"
"H1"||"H"||1||0|||13|||||0|1|1|5|10|20|90|95|100|85|90|95|70|82.5|95|50|70|90|25|42.1|50||4|||5.5|||7.4|||13.1|||12.1||30|37.9|65|||||||10|20|30||||2|4|6||||1.3|1.4|1.5||||1.37|1.47|1.54||4.2333|9.1722|14.1111|0.17|0.19|0.21||||12.4|27.1|33.3|6.6|14.5|22.9|31|37|43|0|1.5|2.9|25|38|52|6|13|20|0|8|21|".32"|".32"|0|0|0|0|0|0|0|0|0|0|0|0|8.1|15.3|22.4|||||||5.6|6.7|7.8|||||||||||||||||||||||||||||||||"27657296"|"82713385"
"H2"||"H"||2||13|||46|||||0|3|5|15|25|30|40|70|85|35|50|80|30|45|80|20|35|75|0|42.1|50||4|||5.5|||7.4|||13.1|||12.1||30|37.9|65|||||||10|20|30||||0.5|1.25|2||||1.4|1.55|1.7||||1.55|1.7|1.84||4.2333|9.1722|14.1111|0.06|0.11|0.16||||4.8|14.3|26.4|2.3|7|16.7|11|19|34|0|1.5|2.9|21|32|43|6|8|18|0|0|13|".10"|".37"|0|0|0|0|0|0|0|0|0|0|0|0|6.7|13.1|19.3|||||||6.1|7|7.8|||||||||||||||||||||||||||||||||"27657296"|"82713386"
"R"||"R"||||61|||86||||||||||||||||||||||||||||||||||||||||||||||||||||||||||||||||||||||||0.0706|0.215|141.1111|||||||||||||||||||||||||||||||||0|0|0|0|0|0|0|0|0|||||||||||||||||||||||||||||||||||||||||||||"27657297"|"82713390"
"H2"||"H"||2||8|||61|||||0|1|1|0|1|5|60|90|95|50|85|95|35|62.5|90|20|52.5|75|30|67.5|75||0.3|||4.7|||15|||29.3|||18.2||15|21|65|||||||5|11.5|18||||0|0.5|1||||1.2|1.35|1.5||||1.27|1.42|1.57||4.2333|9.1722|14.1111|0.08|0.14|0.19||||4.4|15.7|20.9|1.9|6.9|11.9|26|42|50|0|1.5|2.9|16|23|31|2|7|12|0|0|7|".32"|".32"|0|3|5|0|0|0|0|0|0|0|0|0|2.5|7.5|11.7|||||||5.6|6.7|7.8|||||||||||||||||||||||||||||||||"27657297"|"82713389"
"H1"||"H"||1||0|||8|||||0|1|1|0|1|5|80|92.5|100|75|87.5|100|65|82.5|100|45|67.5|90|30|30.9|75||2.6|||3.6|||5.1|||9.7|||9.9||15|56.6|65|||||||7|12.5|18||||2|4|6||||1.1|1.25|1.4||||1.16|1.31|1.46||4.2333|9.1722|14.1111|0.15|0.18|0.21||||12|24.7|30.4|5|10.2|16|35|44|53|0|1.5|2.9|22|32|42|3|8|12|0|4|13|".37"|".37"|0|0|0|0|0|0|0|0|0|0|0|0|6.1|10.6|14.9|||||||5.6|6.5|7.3|||||||||||||||||||||||||||||||||"27657297"|"82713388"
"R"||"R"||||63|||88||||||||||||||||||||||||||||||||||||||||||||||||||||||||||||||||||||||||0|0.215|4.2333|||||||||||||||||||||||||||||||||0|0|0|0|0|0|0|0|0|||||||||||||||||||||||||||||||||||||||||||||"27657298"|"82713394"
"H1"||"H"||1||0|||13|||||0|0|0|0|3|5|80|90|100|75|87.5|100|60|80|100|40|65|80|30|32.3|50||2.9|||4|||5.5|||10|||9.9||30|56.2|65|||||||5|11.5|18||||4|6|8||||1.1|1.25|1.4||||1.16|1.31|1.46||4.2333|9.1722|14.1111|0.14|0.17|0.2||||13.6|26|31.9|6.2|11.9|18.3|34|43|52|0|1.5|2.9|25|36|46|2|7|12|0|3|11|".32"|".32"|0|0|0|0|0|0|0|0|0|0|0|0|6.3|12.6|18.6|||||||6.1|7|7.8|||||||||||||||||||||||||||||||||"27657298"|"82713391"
"H3"||"H"||3||43|||63|||||0|0|0|0|3|5|30|45|60|25|40|55|25|40|55|15|32.5|50|30|32.3|50||2.9|||4|||5.5|||10|||9.9||30|56.2|65|||||||5|11.5|18||||0|0.5|1||||1.7|1.83|1.95||||1.88|1.9|2.01||4.2333|9.1722|14.1111|0.03|0.06|0.08||||3.1|12|19|1.1|4.4|9.5||14|21|0|1.5|2.9|25|36|46|2|7|12|0|0|4|".20"|".64"|0|5|10|0|0|0|0|0|0|0|0|0|3.8|8.2|12.4|||||||7.4|7.9|8.4|||||||||||||||||||||||||||||||||"27657298"|"82713393"
"H2"||"H"||2||13|||43|||||0|0|0|0|3|5|40|75|100|35|60|100|30|55|100|20|45|80|30|32.3|50||2.9|||4|||5.5|||10|||9.9||30|56.2|65|||||||5|11.5|18||||0|0.5|1||||1.2|1.35|1.5||||1.28|1.43|1.52||4.2333|9.1722|14.1111|0.09|0.12|0.14||||4.4|16.5|26.6|1.3|5|11|20|34|52|0|1.5|2.9|25|36|46|2|7|12|0|0|11|".24"|".49"|0|1|1|0|0|0|0|0|0|0|0|0|3.8|8.2|12.4|||||||6.1|7|7.8|||||||||||||||||||||||||||||||||"27657298"|"82713392"
"R"||"R"||||30|||55||||||||||||||||||||||||||||||||||||||||||||||||||||||||||||||||||||||||0.0706|0.215|141.1111|||||||||||||||||||||||||||||||||0|0|0|0|0|0|0|0|0|||||||||||||||||||||||||||||||||||||||||||||"27657299"|"82713398"
"H1"||"H"||1||0|||5|||||0|1|1|0|3|20|85|90|95|80|87.5|95|50|62.5|75|25|35|45|40|71.1|75||0.3|||4.9|||15.8|||30.9|||19.2||15|22.4|50|||||||3|6.5|10||||5|7|9||||0.6|0.7|0.8||||0.63|0.73|0.83||14.1111|28.2222|42.3333|0.14|0.17|0.2||||9.2|15.7|18.6|3.8|6.5|9|49|57|63|0|1.5|2.9|0|34|42|0|3|6|0|0|0|".37"|".37"|0|0|0|0|0|0|0|0|0|0|0|0||||||||||5.1|5.8|6.5|||||||||||||||||||||||||||||||||"27657299"|"82713395"
"H2"||"H"||2||5|||23|||||0|3|5|0|13|25|85|90|95|80|85|95|50|62.5|75|25|35|45|40|71.1|75||0.3|||4.9|||15.8|||30.9|||19.2||15|22.4|50|||||||3|6.5|10||||0.5|1.25|2||||0.8|1.15|1.5||||0.86|1.21|1.56||14.1111|28.2222|42.3333|0.14|0.16|0.18||||4.7|11.9|16.7|1.6|4.1|7.2|30|45|64|0|1.5|2.9|0|21|26|0|3|6|0|0|0|".24"|".43"|0|0|0|0|0|0|0|0|0|0|0|0||||||||||5.1|5.8|6.5|||||||||||||||||||||||||||||||||"27657299"|"82713396"
"H3"||"H"||3||23|||30|||||0|3|5|0|8|15|75|85|95|65|80|95|45|60|75|20|32.5|45|40|65.8|75||5.2|||3.4|||14.5|||25.5|||17.2||15|31.2|50|||||||1|3|5||||0|0.5|1||||1.3|1.5|1.7||||1.38|1.58|1.78||42.3333|91.7222|141.1111|0.09|0.12|0.14||||1.8|8.9|13.7|0.4|2.2|4.7|22|33|47|0|1.5|2.9|0|16|20|0|1|2|0|0|0|".28"|".49"|0|0|0|0|0|0|0|0|0|0|0|0||||||||||5.6|6.1|6.5|||||||||||||||||||||||||||||||||"27657299"|"82713397"
"H1"||"H"||1||0|||23|||||0|0|1|0|2|10|80|90|95|75|80|90|65|70|85|40|50|65|35|45.3|75||4.5|||6.1|||8.1|||13.9|||12.7||15|43.2|65|||||||5|11.5|18||||2|4|6||||1|1.13|1.25||||1.06|1.19|1.31||4.2333|9.1722|14.1111|0.14|0.19|0.24||||9.8|22.7|28|3.7|8.5|13.8|39|46|54|0|1.5|2.9|20|31|42|2|7|12|0|1|7|".32"|".32"|0|0|0|0|0|0|0|0|0|0|0|0|4.7|9.9|14.9|||||||5.1|6.2|7.3|||||||||||||||||||||||||||||||||"27657306"|"82713420"
"H3"||"H"||3||43|||76|||||0|1|1|0|3|10|60|90|95|50|85|85|40|75|85|20|40|50|35|67.5|75||0.3|||4.7|||15|||29.3|||18.2||15|21|65|||||||5|11.5|18||||0|0.25|0.5||||1.6|1.73|1.85||||1.69|1.82|1.91||0.4233|0.9172|4.2333|0.08|0.13|0.18||||4.4|16.6|21|2.1|8.2|13.3|16|29|34|0|1.5|2.9|16|23|30|2|3|12|0|0|2|".37"|".37"|0|0|0|0|0|0|0|0|0|0|0|0|2.5|6.8|10.7|||||||5.6|6.5|7.3|||||||||||||||||||||||||||||||||"27657306"|"82713422"
"H2"||"H"||2||23|||43|||||0|1|1|0|3|10|75|90|95|65|85|90|60|73|85|30|53|65|35|45.3|75||4.5|||6.1|||8.1|||13.9|||12.7||15|43.2|65|||||||5|11.5|18||||0.5|1.25|2||||1.4|1.53|1.65||||1.48|1.61|1.69||4.2333|9.1722|14.1111|0.12|0.17|0.22||||7.5|21.9|27.2|2.7|7.8|13|25|35|41|0|1.5|2.9|17|25|33|2|3|12|0|0|5|".49"|".49"|0|0|0|0|0|0|0|0|0|0|0|0|3.9|8.5|12.9|||||||5.6|6.5|7.3|||||||||||||||||||||||||||||||||"27657306"|"82713423"
"H4"||"H"||4||76|||165|||||0|1|1|0|5|10|50|75|90|35|65|85|30|55|80|25|45|75|35|45.8|75||4.6|||6.2|||8.1|||14.1|||12.8||15|43.7|65|||||||3|10.5|18||||0|0.25|0.5||||1.6|1.73|1.85||||1.71|1.84|1.95||0.4233|0.9172|4.2333|0.07|0.12|0.17||||2.6|16.6|25.5|0.8|5.4|11.9|12|23|34|0|1.5|2.9|0|22|30|0|3|12|0|0|7|".28"|".55"|0|0|20|0|0|0|0|0|0|0|0|0|1.6|6.3|10.7|||||||5.6|7|8.4|||||||||||||||||||||||||||||||||"27657306"|"82713421"
"R"||"R"||||43|||68||||||||||||||||||||||||||||||||||||||||||||||||||||||||||||||||||||||||0.0706|0.215|141.1111|||||||||||||||||||||||||||||||||0|0|0|0|0|0|0|0|0|||||||||||||||||||||||||||||||||||||||||||||"27657307"|"82713426"
"H1"||"H"||1||0|||18|||||0|1|1|0|3|20|80|92|95|55|88|95|50|75|85|30|55|80|25|43|75||4|||5.6|||7.6|||13.4|||12.4||15|38.5|65|||||||10|18.5|27||||2|4|6||||1.1|1.25|1.4||||1.16|1.31|1.46||4.2333|9.1722|14.1111|0.11|0.15|0.19||||9.6|26.6|32.2|4.6|12.8|19.7|26|44|52|0|1.5|2.9|25|30|49|5|7|15|0|1|14|".28"|".28"|0|0|1|0|0|0|0|0|0|0|0|0|8.1|14.4|20.6|||||||5.1|6.2|7.3|||||||||||||||||||||||||||||||||"27657307"|"82713424"
"H2"||"H"||2||18|||43|||||0|0|0|0|3|20|80|95|95|55|95|95|35|80|85|20|70|80|25|27.1|75||2.2|||3.1|||4.4|||8.5|||8.9||15|54.4|65|||||||10|18.5|27||||0|0.5|1||||1.2|1.35|1.5||||1.26|1.41|1.56||4.2333|9.1722|14.1111|0.07|0.13|0.18||||8.1|25.2|29.5|3.3|10.2|15.4|25|44|50|0|1.5|2.9|20|30|39|5|7|15|0|1|12|".43"|".43"|0|3|5|0|0|0|0|0|0|0|0|0|4.3|10.9|16.2|||||||5.6|6.7|7.8|||||||||||||||||||||||||||||||||"27657307"|"82713425"
"R"||"R"||||46|||71||||||||||||||||||||||||||||||||||||||||||||||||||||||||||||||||||||||||0.4233|2.3283|4.2333|||||||||||||||||||||||||||||||||0|0|0|0|0|0|0|0|0|||||||||||||||||||||||||||||||||||||||||||||"27657308"|"82713429"
"H1"||"H"||1||0|||13|||||0|1|1|5|10|20|90|95|100|85|90|95|70|82.5|95|50|70|90|25|42.1|50||4|||5.5|||7.4|||13.1|||12.1||30|37.9|65|||||||10|20|30||||2|4|6||||1.3|1.4|1.5||||1.37|1.47|1.54||4.2333|9.1722|14.1111|0.17|0.19|0.21||||12.4|27.1|33.3|6.6|14.5|22.9|31|37|43|0|1.5|2.9|25|38|52|6|13|20|0|8|21|".32"|".32"|0|0|0|0|0|0|0|0|0|0|0|0|8.1|15.3|22.4|||||||5.6|6.7|7.8|||||||||||||||||||||||||||||||||"27657308"|"82713427"
"H2"||"H"||2||13|||46|||||0|3|5|15|25|30|40|70|85|35|50|80|30|45|80|20|35|75|0|42.1|50||4|||5.5|||7.4|||13.1|||12.1||30|37.9|65|||||||10|20|30||||0.5|1.25|2||||1.4|1.55|1.7||||1.55|1.7|1.84||4.2333|9.1722|14.1111|0.06|0.11|0.16||||4.8|14.3|26.4|2.3|7|16.7|11|19|34|0|1.5|2.9|21|32|43|6|8|18|0|0|13|".10"|".37"|0|0|0|0|0|0|0|0|0|0|0|0|6.7|13.1|19.3|||||||6.1|7|7.8|||||||||||||||||||||||||||||||||"27657308"|"82713428"
"R"||"R"||||61|||86||||||||||||||||||||||||||||||||||||||||||||||||||||||||||||||||||||||||0.0706|0.215|141.1111|||||||||||||||||||||||||||||||||0|0|0|0|0|0|0|0|0|||||||||||||||||||||||||||||||||||||||||||||"27657309"|"82713432"
"H2"||"H"||2||8|||61|||||0|1|1|0|1|5|60|90|95|50|85|95|35|62.5|90|20|52.5|75|30|67.5|75||0.3|||4.7|||15|||29.3|||18.2||15|21|65|||||||5|11.5|18||||0|0.5|1||||1.2|1.35|1.5||||1.27|1.42|1.57||4.2333|9.1722|14.1111|0.08|0.14|0.19||||4.4|15.7|20.9|1.9|6.9|11.9|26|42|50|0|1.5|2.9|16|23|31|2|7|12|0|0|7|".32"|".32"|0|3|5|0|0|0|0|0|0|0|0|0|2.5|7.5|11.7|||||||5.6|6.7|7.8|||||||||||||||||||||||||||||||||"27657309"|"82713431"
"H1"||"H"||1||0|||8|||||1|1|5|5|5|15|55|85|85|50|80|80|45|60|75|30|60|65|30|30.9|75||2.6|||3.6|||5.1|||9.7|||9.9||15|56.6|65|||||||7|12.5|18||||2|4|6||||1.1|1.25|1.4||||1.17|1.32|1.47||4.2333|9.1722|14.1111|0.09|0.13|0.16||||8.4|23.1|26.3|3.5|9.5|13.8|25|41|46|0|1.5|2.9|22|32|42|3|8|12|0|3|7|".37"|".37"|0|0|0|0|0|0|0|0|0|0|0|0|6.1|10.6|14.9|||||||5.6|6.5|7.3|||||||||||||||||||||||||||||||||"27657309"|"82713430"
"R"||"R"||||63|||88||||||||||||||||||||||||||||||||||||||||||||||||||||||||||||||||||||||||0|0.215|4.2333|||||||||||||||||||||||||||||||||0|0|0|0|0|0|0|0|0|||||||||||||||||||||||||||||||||||||||||||||"27657310"|"82713436"
"H1"||"H"||1||0|||13|||||0|0|0|0|3|5|80|90|100|75|87.5|100|60|80|100|40|65|80|30|32.3|50||2.9|||4|||5.5|||10|||9.9||30|56.2|65|||||||5|11.5|18||||4|6|8||||1.1|1.25|1.4||||1.16|1.31|1.46||4.2333|9.1722|14.1111|0.14|0.17|0.2||||13.6|26|31.9|6.2|11.9|18.3|34|43|52|0|1.5|2.9|25|36|46|2|7|12|0|3|11|".32"|".32"|0|0|0|0|0|0|0|0|0|0|0|0|6.3|12.6|18.6|||||||6.1|7|7.8|||||||||||||||||||||||||||||||||"27657310"|"82713433"
"H3"||"H"||3||43|||63|||||0|0|0|0|3|5|30|45|60|25|40|55|25|40|55|15|32.5|50|30|32.3|50||2.9|||4|||5.5|||10|||9.9||30|56.2|65|||||||5|11.5|18||||0|0.5|1||||1.7|1.83|1.95||||1.88|1.9|2.01||4.2333|9.1722|14.1111|0.03|0.06|0.08||||3.1|12|19|1.1|4.4|9.5||14|21|0|1.5|2.9|25|36|46|2|7|12|0|0|4|".20"|".64"|0|5|10|0|0|0|0|0|0|0|0|0|3.8|8.2|12.4|||||||7.4|7.9|8.4|||||||||||||||||||||||||||||||||"27657310"|"82713435"
"H2"||"H"||2||13|||43|||||0|0|0|0|3|5|40|75|100|35|60|100|30|55|100|20|45|80|30|32.3|50||2.9|||4|||5.5|||10|||9.9||30|56.2|65|||||||5|11.5|18||||0|0.5|1||||1.2|1.35|1.5||||1.28|1.43|1.52||4.2333|9.1722|14.1111|0.09|0.12|0.14||||4.4|16.5|26.6|1.3|5|11|20|34|52|0|1.5|2.9|25|36|46|2|7|12|0|0|11|".24"|".49"|0|1|1|0|0|0|0|0|0|0|0|0|3.8|8.2|12.4|||||||6.1|7|7.8|||||||||||||||||||||||||||||||||"27657310"|"82713434"
"R"||"R"||||30|||55||||||||||||||||||||||||||||||||||||||||||||||||||||||||||||||||||||||||0.0706|0.215|141.1111|||||||||||||||||||||||||||||||||0|0|0|0|0|0|0|0|0|||||||||||||||||||||||||||||||||||||||||||||"27657311"|"82713440"
"H1"||"H"||1||0|||5|||||0|1|1|0|3|20|85|90|95|80|87.5|95|50|62.5|75|25|35|45|40|71.1|75||0.3|||4.9|||15.8|||30.9|||19.2||15|22.4|50|||||||3|6.5|10||||5|7|9||||0.6|0.7|0.8||||0.63|0.73|0.83||14.1111|28.2222|42.3333|0.14|0.17|0.2||||9.2|15.7|18.6|3.8|6.5|9|49|57|63|0|1.5|2.9|0|34|42|0|3|6|0|0|0|".37"|".37"|0|0|0|0|0|0|0|0|0|0|0|0||||||||||5.1|5.8|6.5|||||||||||||||||||||||||||||||||"27657311"|"82713437"
"H2"||"H"||2||5|||23|||||0|3|5|0|13|25|85|90|95|80|85|95|50|62.5|75|25|35|45|40|71.1|75||0.3|||4.9|||15.8|||30.9|||19.2||15|22.4|50|||||||3|6.5|10||||0.5|1.25|2||||0.8|1.15|1.5||||0.86|1.21|1.56||14.1111|28.2222|42.3333|0.14|0.16|0.18||||4.7|11.9|16.7|1.6|4.1|7.2|30|45|64|0|1.5|2.9|0|21|26|0|3|6|0|0|0|".24"|".43"|0|0|0|0|0|0|0|0|0|0|0|0||||||||||5.1|5.8|6.5|||||||||||||||||||||||||||||||||"27657311"|"82713438"
"H3"||"H"||3||23|||30|||||0|3|5|0|8|15|75|85|95|65|80|95|45|60|75|20|32.5|45|40|65.8|75||5.2|||3.4|||14.5|||25.5|||17.2||15|31.2|50|||||||1|3|5||||0|0.5|1||||1.3|1.5|1.7||||1.38|1.58|1.78||42.3333|91.7222|141.1111|0.09|0.12|0.14||||1.8|8.9|13.7|0.4|2.2|4.7|22|33|47|0|1.5|2.9|0|16|20|0|1|2|0|0|0|".28"|".49"|0|0|0|0|0|0|0|0|0|0|0|0||||||||||5.6|6.1|6.5|||||||||||||||||||||||||||||||||"27657311"|"82713439"
"H1"||"H"||1||0|||20|||||0|0|1|0|5|10|85|95|95|80|92.5|95|75|80|90|40|56|70|25|45.7|50||4.5|||6.1|||8.1|||14.1|||12.9||30|41.8|65|||||||7|12.5|18||||3|5.5|8||||1|1.15|1.3||||1.06|1.21|1.36||4.2333|9.1722|14.1111|0.17|0.21|0.24||||13|25.8|30.3|5.6|11.1|16.4|38|47|55|0|1.5|2.9|24|35|46|3|7|12|0|2|9|".28"|".28"|0|0|0|0|0|0|0|0|0|0|0|0|6.4|11|15.5|||||||5.1|6.2|7.3|||||||||||||||||||||||||||||||||"27657314"|"82713442"
"H2"||"H"||2||20|||66|||||0|1|5|0|2|20|60|90|95|50|85|90|40|75|85|35|58|70|25|45.3|50||4.5|||6.1|||8.1|||13.9|||12.7||30|43.2|65|||||||5|11.5|18||||0|0.5|1||||1.3|1.45|1.6||||1.37|1.52|1.67||4.2333|9.1722|14.1111|0.09|0.14|0.18||||4.8|20.7|25.8|1.5|6.6|11.1|19|38|45|0|1.5|2.9|16|23|31|2|7|12|0|1|6|".49"|".49"|0|0|0|0|0|0|0|0|0|0|0|0|2.5|7.5|11.7|||||||5.1|6.2|7.3|||||||||||||||||||||||||||||||||"27657314"|"82713443"
"H3"||"H"||3||66|||165|||||0|1|5|0|5|20|60|90|95|50|85|90|40|75|85|30|55|70|40|44.8|75||4.4|||6|||8|||13.8|||12.6||15|41.2|50|||||||10|14|18||||0|0.25|0.5||||1.6|1.7|1.8||||1.69|1.79|1.88||0.4233|0.9172|1.4111|0.08|0.13|0.18||||8.5|22.1|26.4|3.3|8.5|12.2|15|29|35|0|1.5|2.9|15|20|25|0|3|7|0|0|2|".49"|".49"|0|0|10|0|0|0|0|0|0|0|0|0|4.3|8|10.7|||||||5.1|6.2|7.3|||||||||||||||||||||||||||||||||"27657314"|"82713444"
"H1"||"H"||1||0|||23|||||0|0|1|0|0|0|80|95|95|75|90|90|65|77.5|90|45|62.5|80|30|30.1|75||2.5|||3.5|||5|||9.4|||9.7||15|54.9|65|||||||8|15|22||||3|5.5|8||||1.1|1.25|1.4||||1.16|1.31|1.46||4.2333|9.1722|14.1111|0.14|0.17|0.2||||13.6|27.6|31.4|6.6|13.3|19.1|35|45|50|0|1.5|2.9|25|37|49|4|9|14|0|4|13|".32"|".32"|0|0|1|0|0|0|0|0|0|0|0|0|7.1|12.7|18.2|||||||5.6|6.5|7.3|||||||||||||||||||||||||||||||||"27657315"|"82713447"
"H2"||"H"||2||23|||63|||||0|0|1|0|0|5|55|95|95|50|90|90|35|75|85|15|60|65|30|30.9|75||2.6|||3.6|||5.1|||9.7|||9.9||15|56.6|65|||||||7|12.5|18||||0|0.5|1||||1.2|1.35|1.5||||1.27|1.42|1.57||0.4233|2.3283|4.2333|0.08|0.12|0.15||||7.5|21.9|25.2|2.4|7|10.4|26|44|49|0|1.5|2.9|18|24|31|3|8|12|0|2|5|".55"|".55"|0|5|15|0|0|0|0|0|0|0|0|0|3.2|8|11.7|||||||5.6|6.5|7.3|||||||||||||||||||||||||||||||||"27657315"|"82713445"
"H3"||"H"||3||63|||165|||||0|0|1|0|0|5|40|95|95|35|90|90|20|85|90|10|55|65|40|63.8|75||0|||0.1|||2.3|||24.6|||36.8||15|23.7|50|||||||7|12.5|18||||0|0.25|0.5||||1.7|1.78|1.95||||1.79|1.87|1.95||0.4233|0.9172|4.2333|0.06|0.1|0.14||||4.6|18.8|22.3|2.4|9.9|14.5|10|29|32|0|1.5|2.9|18|24|30|3|8|12|0|1|5|".55"|".55"|10|15|20|0|0|0|0|0|0|0|0|0|3.2|7.3|10.7|||||||6.6|7.5|8.4|||||||||||||||||||||||||||||||||"27657315"|"82713446"
"H1"||"H"||1||0|||23|||||0|0|1|0|2|5|80|95|100|75|90|95|50|72.5|95|35|60|85|30|45.3|50||4.5|||6.1|||8.1|||13.9|||12.7||30|43.2|65|||||||5|11.5|18||||2|4|6||||1.3|1.45|1.6||||1.37|1.52|1.67||4.2333|9.1722|14.1111|0.13|0.17|0.2||||10.6|25.8|31.1|4.7|11.4|18|28|38|45|0|1.5|2.9|20|31|42|1|3|5|0|0|7|".28"|".28"|0|0|0|0|0|0|0|0|0|0|0|0|4.7|9.9|14.9|||||||5.6|6.5|7.3|||||||||||||||||||||||||||||||||"27657316"|"82713451"
"H2"||"H"||2||23|||36|||||0|1|1|0|3|5|55|95|95|50|90|90|35|80|90|20|70|80|30|32.3|50||2.9|||4|||5.5|||10|||9.9||30|56.2|65|||||||5|11.5|18||||0|0.5|1||||1.4|1.55|1.7||||1.48|1.63|1.7||4.2333|9.1722|14.1111|0.08|0.14|0.19||||5.6|21.7|26.3|1.9|7.2|11.8|20|36|42|0|1.5|2.9|16|23|31|1|3|5|0|0|3|".49"|".49"|0|0|0|0|0|0|0|0|0|0|0|0|2.5|7.5|11.7|||||||5.6|6.5|7.3|||||||||||||||||||||||||||||||||"27657316"|"82713448"
"H3"||"H"||3||36|||53|||||0|1|1|0|3|5|55|90|95|50|85|90|35|75|90|20|65|80|30|32.3|50||2.9|||4|||5.5|||10|||9.9||30|56.2|65|||||||5|11.5|18||||0|0.5|1||||1.4|1.55|1.7||||1.48|1.63|1.71||4.2333|9.1722|14.1111|0.08|0.14|0.19||||5.6|20.9|26.3|1.9|7|11.8|20|35|42|0|1.5|2.9|16|23|31|1|3|5|0|0|3|".55"|".55"|0|5|10|0|0|0|0|0|0|0|0|0|2.5|7.5|11.7|||||||5.6|6.7|7.8|||||||||||||||||||||||||||||||||"27657316"|"82713449"
"H4"||"H"||4||53|||165|||||0|1|1|0|3|5|40|80|95|35|60|90|20|52.5|85|10|40|70|30|45.8|50||4.6|||6.2|||8.1|||14.1|||12.8||30|43.7|65|||||||3|10.5|18||||0|0.5|1||||1.7|1.78|1.85||||1.82|1.9|2.02||1.4111|7.7611|14.1111|0.07|0.13|0.19||||2.6|16.2|27.3|0.9|5.6|13.5|12|21|31|0|1.5|2.9|0|23|31|0|2|5|0|0|2|".24"|".49"|10|15|25|0|0|0|0|0|0|0|0|0|1.6|7|11.7|||||||6.6|7.5|8.4|||||||||||||||||||||||||||||||||"27657316"|"82713450"
"H1"||"H"||1||0|||23|||||0|0|1|0|2|10|80|90|95|75|80|90|65|70|85|40|50|65|35|45.3|75||4.5|||6.1|||8.1|||13.9|||12.7||15|43.2|65|||||||5|11.5|18||||2|4|6||||1|1.13|1.25||||1.06|1.19|1.31||4.2333|9.1722|14.1111|0.14|0.19|0.24||||9.8|22.7|28|3.7|8.5|13.8|39|46|54|0|1.5|2.9|20|31|42|2|7|12|0|1|7|".32"|".32"|0|0|0|0|0|0|0|0|0|0|0|0|4.7|9.9|14.9|||||||5.1|6.2|7.3|||||||||||||||||||||||||||||||||"27657317"|"82713452"
"H3"||"H"||3||43|||76|||||0|1|1|0|3|10|60|90|95|50|85|85|40|75|85|20|40|50|35|67.5|75||0.3|||4.7|||15|||29.3|||18.2||15|21|65|||||||5|11.5|18||||0|0.25|0.5||||1.6|1.73|1.85||||1.69|1.82|1.91||0.4233|0.9172|4.2333|0.08|0.13|0.18||||4.4|16.6|21|2.1|8.2|13.3|16|29|34|0|1.5|2.9|16|23|30|2|3|12|0|0|2|".37"|".37"|0|0|0|0|0|0|0|0|0|0|0|0|2.5|6.8|10.7|||||||5.6|6.5|7.3|||||||||||||||||||||||||||||||||"27657317"|"82713454"
"H2"||"H"||2||23|||43|||||0|1|1|0|3|10|75|90|95|65|85|90|60|73|85|30|53|65|35|45.3|75||4.5|||6.1|||8.1|||13.9|||12.7||15|43.2|65|||||||5|11.5|18||||0.5|1.25|2||||1.4|1.53|1.65||||1.48|1.61|1.69||4.2333|9.1722|14.1111|0.12|0.17|0.22||||7.5|21.9|27.2|2.7|7.8|13|25|35|41|0|1.5|2.9|17|25|33|2|3|12|0|0|5|".49"|".49"|0|0|0|0|0|0|0|0|0|0|0|0|3.9|8.5|12.9|||||||5.6|6.5|7.3|||||||||||||||||||||||||||||||||"27657317"|"82713455"
"H4"||"H"||4||76|||165|||||0|1|1|0|5|10|50|75|90|35|65|85|30|55|80|25|45|75|35|45.8|75||4.6|||6.2|||8.1|||14.1|||12.8||15|43.7|65|||||||3|10.5|18||||0|0.25|0.5||||1.6|1.73|1.85||||1.71|1.84|1.95||0.4233|0.9172|4.2333|0.07|0.12|0.17||||2.6|16.6|25.5|0.8|5.4|11.9|12|23|34|0|1.5|2.9|0|22|30|0|3|12|0|0|7|".28"|".55"|0|0|20|0|0|0|0|0|0|0|0|0|1.6|6.3|10.7|||||||5.6|7|8.4|||||||||||||||||||||||||||||||||"27657317"|"82713453"
"H1"||"H"||1||0|||20|||||1|5|25|5|5|40|50|90|90|45|85|85|40|70|80|30|52.5|65|25|45.7|50||4.5|||6.1|||8.1|||14.1|||12.9||30|41.8|65|||||||7|12.5|18||||3|5.5|8||||1|1.15|1.3||||1.06|1.21|1.36||4.2333|9.1722|14.1111|0.1|0.14|0.18||||4.6|24.1|27.9|2|10.4|15.2|13|44|50|0|1.5|2.9|24|35|46|3|7|12|0|1|7|".28"|".28"|0|0|0|0|0|0|0|0|0|0|0|0|6.4|11|15.5|||||||5.1|6.2|7.3|||||||||||||||||||||||||||||||||"27657322"|"82713471"
"H3"||"H"||3||66|||165|||||0|1|5|0|5|20|60|90|95|50|85|90|40|75|80|30|55|70|40|44.8|75||4.4|||6|||8|||13.8|||12.6||15|41.2|50|||||||10|14|18||||0|0.25|0.5||||1.6|1.7|1.8||||1.69|1.79|1.88||0.4233|0.9172|1.4111|0.08|0.13|0.18||||8.5|22.1|26.4|3.3|8.5|12.2|15|29|35|0|1.5|2.9|15|20|25|0|3|7|0|0|2|".49"|".49"|0|0|10|0|0|0|0|0|0|0|0|0|4.3|8|10.7|||||||5.1|6.2|7.3|||||||||||||||||||||||||||||||||"27657322"|"82713470"
"H2"||"H"||2||20|||66|||||0|1|5|0|2|20|60|90|95|50|85|90|40|75|85|35|57.5|70|25|45.3|50||4.5|||6.1|||8.1|||13.9|||12.7||30|43.2|65|||||||5|11.5|18||||0|0.5|1||||1.3|1.45|1.6||||1.37|1.52|1.67||4.2333|9.1722|14.1111|0.09|0.14|0.18||||4.8|20.7|25.8|1.5|6.6|11.1|19|38|45|0|1.5|2.9|16|23|31|2|7|12|0|1|6|".49"|".49"|0|0|0|0|0|0|0|0|0|0|0|0|2.5|7.5|11.7|||||||5.1|6.2|7.3|||||||||||||||||||||||||||||||||"27657322"|"82713472"
"H1"||"H"||1||0|||23|||||5|5|25|5|5|25|80|95|95|75|90|90|65|77.5|90|45|62.5|80|30|30.1|75||2.5|||3.5|||5|||9.4|||9.7||15|54.9|65|||||||8|15|22||||3|5.5|8||||1.1|1.25|1.4||||1.16|1.31|1.46||4.2333|9.1722|14.1111|0.08|0.12|0.15||||8.9|26.1|29.7|4.3|12.6|18.1|23|42|47|0|1.5|2.9|25|37|49|4|9|14|0|4|13|".32"|".32"|0|0|1|0|0|0|0|0|0|0|0|0|7.1|12.7|18.2|||||||5.6|6.5|7.3|||||||||||||||||||||||||||||||||"27657323"|"82713475"
"H2"||"H"||2||23|||63|||||0|0|1|0|0|5|55|95|95|50|90|90|35|75|85|15|60|65|30|30.9|75||2.6|||3.6|||5.1|||9.7|||9.9||15|56.6|65|||||||7|12.5|18||||0|0.5|1||||1.2|1.35|1.5||||1.27|1.42|1.57||0.4233|2.3283|4.2333|0.08|0.12|0.15||||7.5|21.9|25.2|2.4|7|10.4|26|44|49|0|1.5|2.9|18|24|31|3|8|12|0|2|5|".55"|".55"|0|5|15|0|0|0|0|0|0|0|0|0|3.2|8|11.7|||||||5.6|6.5|7.3|||||||||||||||||||||||||||||||||"27657323"|"82713473"
"H3"||"H"||3||63|||165|||||0|0|1|0|0|5|40|95|95|35|90|90|20|85|90|10|55|65|40|63.8|75||0|||0.1|||2.3|||24.6|||36.8||15|23.7|50|||||||7|12.5|18||||0|0.25|0.5||||1.7|1.78|1.95||||1.79|1.87|1.95||0.4233|0.9172|4.2333|0.06|0.1|0.14||||4.6|18.8|22.3|2.4|9.9|14.5|10|29|32|0|1.5|2.9|18|24|30|3|8|12|0|1|5|".55"|".55"|10|15|20|0|0|0|0|0|0|0|0|0|3.2|7.3|10.7|||||||6.6|7.5|8.4|||||||||||||||||||||||||||||||||"27657323"|"82713474"
"H1"||"H"||1||0|||23|||||5|5|25|5|5|15|80|95|100|75|90|95|50|72.5|95|35|60|85|30|45.3|50||4.5|||6.1|||8.1|||13.9|||12.7||30|43.2|65|||||||5|11.5|18||||2|4|6||||1.3|1.45|1.6||||1.37|1.52|1.67||4.2333|9.1722|14.1111|0.1|0.15|0.19||||7.8|24.5|29.3|3.4|10.8|16.9|21|36|42|0|1.5|2.9|20|31|42|1|3|5|0|0|7|".28"|".28"|0|0|0|0|0|0|0|0|0|0|0|0|4.7|9.9|14.9|||||||5.6|6.5|7.3|||||||||||||||||||||||||||||||||"27657324"|"82713479"
"H2"||"H"||2||23|||36|||||0|1|1|0|3|5|55|95|95|50|90|90|35|80|90|20|70|80|30|32.3|50||2.9|||4|||5.5|||10|||9.9||30|56.2|65|||||||5|11.5|18||||0|0.5|1||||1.4|1.55|1.7||||1.48|1.63|1.7||4.2333|9.1722|14.1111|0.08|0.14|0.19||||5.6|21.7|26.3|1.9|7.2|11.8|20|36|42|0|1.5|2.9|16|23|31|1|3|5|0|0|3|".49"|".49"|0|0|0|0|0|0|0|0|0|0|0|0|2.5|7.5|11.7|||||||5.6|6.5|7.3|||||||||||||||||||||||||||||||||"27657324"|"82713476"
"H3"||"H"||3||36|||53|||||0|1|1|0|3|5|55|90|95|50|85|90|35|75|90|20|65|80|30|32.3|50||2.9|||4|||5.5|||10|||9.9||30|56.2|65|||||||5|11.5|18||||0|0.5|1||||1.4|1.55|1.7||||1.48|1.63|1.71||4.2333|9.1722|14.1111|0.08|0.14|0.19||||5.6|20.9|26.3|1.9|7|11.8|20|35|42|0|1.5|2.9|16|23|31|1|3|5|0|0|3|".55"|".55"|0|5|10|0|0|0|0|0|0|0|0|0|2.5|7.5|11.7|||||||5.6|6.7|7.8|||||||||||||||||||||||||||||||||"27657324"|"82713477"
"H4"||"H"||4||53|||165|||||0|1|1|0|3|5|40|80|95|35|60|90|20|52.5|85|10|40|70|30|45.8|50||4.6|||6.2|||8.1|||14.1|||12.8||30|43.7|65|||||||3|10.5|18||||0|0.5|1||||1.7|1.78|1.85||||1.82|1.9|2.02||1.4111|7.7611|14.1111|0.07|0.13|0.19||||2.6|16.2|27.3|0.9|5.6|13.5|12|21|31|0|1.5|2.9|0|23|31|0|2|5|0|0|2|".24"|".49"|10|15|25|0|0|0|0|0|0|0|0|0|1.6|7|11.7|||||||6.6|7.5|8.4|||||||||||||||||||||||||||||||||"27657324"|"82713478"
"H1"||"H"||1||0|||23|||||5|5|25|10|10|25|70|95|95|40|90|90|30|75|85|20|55|75|35|45.3|75||4.5|||6.1|||8.1|||13.9|||12.7||15|43.2|65|||||||5|11.5|18||||2|4|6||||1|1.13|1.25||||1.06|1.19|1.31||4.2333|9.1722|14.1111|0.11|0.16|0.21||||4.4|22.4|25.9|1.7|8.4|12.8|17|46|50|0|1.5|2.9|20|31|42|2|7|12|0|1|9|".32"|".32"|0|0|0|0|0|0|0|0|0|0|0|0|4.7|9.9|14.9|||||||5.1|6.2|7.3|||||||||||||||||||||||||||||||||"27657325"|"82713483"
"H3"||"H"||3||43|||76|||||0|1|1|0|3|10|60|90|95|50|85|85|40|75|85|20|40|50|35|67.5|75||0.3|||4.7|||15|||29.3|||18.2||15|21|65|||||||5|11.5|18||||0|0.25|0.5||||1.6|1.73|1.85||||1.69|1.82|1.91||0.4233|0.9172|4.2333|0.08|0.13|0.18||||4.4|16.6|21|2.1|8.2|13.3|16|29|34|0|1.5|2.9|16|23|30|2|3|12|0|0|2|".37"|".37"|0|0|0|0|0|0|0|0|0|0|0|0|2.5|6.8|10.7|||||||5.6|6.5|7.3|||||||||||||||||||||||||||||||||"27657325"|"82713481"
"H2"||"H"||2||23|||43|||||0|1|1|0|3|10|75|90|95|65|85|90|60|73|85|30|53|65|35|45.3|75||4.5|||6.1|||8.1|||13.9|||12.7||15|43.2|65|||||||5|11.5|18||||0.5|1.25|2||||1.4|1.53|1.65||||1.48|1.61|1.69||4.2333|9.1722|14.1111|0.12|0.17|0.22||||7.5|21.9|27.2|2.7|7.8|13|25|35|41|0|1.5|2.9|17|25|33|2|3|12|0|0|5|".49"|".49"|0|0|0|0|0|0|0|0|0|0|0|0|3.9|8.5|12.9|||||||5.6|6.5|7.3|||||||||||||||||||||||||||||||||"27657325"|"82713482"
"H4"||"H"||4||76|||165|||||0|1|1|0|5|10|50|75|90|35|65|85|30|55|80|25|45|75|35|45.8|75||4.6|||6.2|||8.1|||14.1|||12.8||15|43.7|65|||||||3|10.5|18||||0|0.25|0.5||||1.6|1.73|1.85||||1.71|1.84|1.95||0.4233|0.9172|4.2333|0.07|0.12|0.17||||2.6|16.6|25.5|0.8|5.4|11.9|12|23|34|0|1.5|2.9|0|22|30|0|3|12|0|0|7|".28"|".55"|0|0|20|0|0|0|0|0|0|0|0|0|1.6|6.3|10.7|||||||5.6|7|8.4|||||||||||||||||||||||||||||||||"27657325"|"82713480"
"H1"||"H"||1||0|||20|||||0|0|0|0|3|5|95|97.5|100|80|90|100|65|75|85|30|38|45|40|65.8|75||5.2|||3.4|||14.5|||25.5|||17.2||15|31.2|50|||||||1|3|5||||3|4.5|6||||1.2|1.35|1.5||||1.27|1.42|1.57||42.3333|91.7222|141.1111|0.1|0.13|0.16||||9|16.3|20.4|4|7.3|11|33|41|49|0|1.5|2.9|0|25|31|0|1|2|0|0|0|".17"|".17"|0|0|0|0|0|0|0|0|0|0|0|0|1.1|3.1|4.9|||||||5.6|6.1|6.5|||||||||||||||||||||||||||||||||"27657365"|"82713616"
"H2"||"H"||2||20|||71|||||0|0|0|0|3|5|95|97.5|100|80|90|100|70|80|90|10|30|35|75|80.3|100||0|||2|||13.1|||39.8|||25.4||0|16.7|25|||||||1|3|5||||0.5|1.25|2||||1.3|1.4|1.5||||1.37|1.47|1.54||42.3333|91.7222|141.1111|0.04|0.07|0.1|5.7|16.9|20.9|3.9|11.5|15.4|1.1|3.4|5.9|35|41|48|0|1.5|2.9|0|18|22|0|1|2|0|0|0|".20"|".20"|0|0|0|0|0|0|0|0|0|0|0|0|1|2.8|4.5|||||||5.6|6.1|6.5|||||||||||||||||||||||||||||||||"27657365"|"82713617"
"H3"||"H"||3||71|||165|||||0|0|0|0|0|0|95|97.5|100|85|90|100|75|85|95|45|55|80|20|64.1|65||0.3|||1.1|||3.8|||20.6|||38.3||25|26.4|70|||||||3|9.5|16||||0|0.25|0.5||||1.3|1.5|1.7||||1.37|1.57|1.77||1.4111|2.8222|4.2333|0.18|0.2|0.22||||4.5|15.6|21.1|1.9|6.5|11.7|31|39|48|0|1.5|2.9|0|21|28|0|3|10|0|0|6|".55"|".55"|0|0|0|0|0|0|0|0|0|0|0|0|2|6.7|11.1|||||||5.1|6.2|7.3|||||||||||||||||||||||||||||||||"27657365"|"82713618"
"H1"||"H"||1||0|||18|||||0|0|0|0|0|0|100|100|100|93|100|100|90|95|100|50|55|70|0|64.1|65||0.3|||1.1|||3.8|||20.6|||38.3||25|26.4|90|||||||4|9.5|15||||1|3|5||||0.95|1.05|1.15||||1|1.1|1.2||4.2333|9.1722|14.1111|0.18|0.22|0.25||||6.6|17.3|21.4|2.9|7.6|12.1|49|54|58|0|1.5|2.9|17|27|37|1|5|10|0|0|10|".32"|".32"|0|0|0|0|0|0|0|0|0|0|0|0|3.6|8.2|12.6|||||||4.5|5.9|7.3|||||||||||||||||||||||||||||||||"27657366"|"82713619"
"H2"||"H"||2||18|||58|||||0|0|0|0|0|0|100|100|100|93|100|100|90|95|100|50|55|70|0|64.1|65||0.3|||1.1|||3.8|||20.6|||38.3||25|26.4|90|||||||4|9.5|15||||0.5|1.75|3||||1.1|1.25|1.4||||1.16|1.31|1.46||4.2333|9.1722|14.1111|0.16|0.18|0.2||||6.4|17.3|21.4|2.8|7.6|12.1|42|49|55|0|1.5|2.9|16|25|33|1|3|10|0|0|9|".49"|".49"|0|0|0|0|0|0|0|0|0|0|0|0|3.2|7.6|11.7|||||||4.5|5.9|7.3|||||||||||||||||||||||||||||||||"27657366"|"82713620"
"H3"||"H"||3||58|||152|||||0|0|0|0|0|0|100|100|100|93|100|100|90|95|100|50|55|70|0|63.1|65||0.3|||1.1|||3.8|||20.3|||37.6||25|25.9|90|||||||2|11|20||||0|0.5|1||||1.2|1.3|1.4||||1.26|1.36|1.42||0.4233|9.1722|42.3333|0.06|0.13|0.2||||2.7|16.9|22.2|1.2|7.2|13.1|43|48|52|0|1.5|2.9|0|23|33|0|3|11|0|0|9|".55"|".55"|0|0|0|0|0|0|0|0|0|0|0|0|1.2|7.2|12.7|||||||6.1|7|7.8|||||||||||||||||||||||||||||||||"27657366"|"82713621"
"H3"||"H"||3||56|||165|||||0|0|0|0|0|0|90|96|100|55|90|100|30|52.5|75|3|10|20|75|96|100||0.7|||13.1|||37.2|||37.8|||7.2||0|1.5|25|||||||0|2.5|5||||0|0.25|0.5||||1.4|1.45|1.5||||1.47|1.52|1.59||141.1111|141.1111|705|0.01|0.05|0.08|0.3|11.4|14.5|0.2|7.4|10.6|0|1.8|3.9|28|40|45|0|1.5|2.9|0|0|19|0|0|2|0|0|0|".02"|".02"|0|0|0|0|0|0|0|0|0|0|0|0|0|2.1|4|||||||4.5|5.5|6.5|||||||||||||||||||||||||||||||||"27657367"|"82713624"
"H1"||"H"||1||0|||15|||||0|0|0|0|0|0|95|98|100|90|95|100|40|57.5|75|5|35|48|60|64.6|90||4.8|||3.1|||14.3|||25.3|||17.1||0|30.9|35|||||||2|4.5|7||||1|2.5|4||||1|1.1|1.2||||1.05|1.15|1.2||42.3333|91.7222|141.1111|0.07|0.1|0.13||||5.8|13.9|17.5|2|4.8|7.7|47|52|57|0|1.5|2.9|0|22|28|0|2|4|0|0|0|".24"|".24"|0|0|0|0|0|0|0|0|0|0|0|0|1.9|4.2|6.4|||||||4.5|5.5|6.5|||||||||||||||||||||||||||||||||"27657367"|"82713622"
"H2"||"H"||2||15|||56|||||0|0|0|0|0|0|95|98|100|90|95|100|40|60|80|5|22.5|35|75|79.2|100||3.4|||12.6|||20.7|||27.2|||15.3||0|16.8|25|||||||1|4|7||||0.5|1.25|2||||1.2|1.33|1.45||||1.26|1.39|1.45||42.3333|91.7222|141.1111|0.01|0.07|0.13|5.6|18.3|21.7|3.9|12.7|16.4|1.2|3.9|6.8|40|45|51|0|1.5|2.9|0|19|24|0|1|4|0|0|0|".24"|".24"|0|0|0|0|0|0|0|0|0|0|0|0|1|3.6|6|||||||4.5|5.5|6.5|||||||||||||||||||||||||||||||||"27657367"|"82713623"
"H4"||"H"||4||38|||132|||||0|0|0|0|15|30|45|60|80|40|50|80|20|35|60|2|4|5|75|97|100||0.7|||13.3|||37.6|||38.2|||7.2||0|1.5|25|||||||0|1.5|3||||0|0.25|0.5||||1.45|1.55|1.65||||1.58|1.68|1.8||42.3333|91.7222|141.1111|0.01|0.02|0.02|0.2|6.2|11.6|0.1|3.8|8|0|0.8|2.5|14|22|37|0|1.5|2.9|0|0|17|0|0|1|0|0|0|".02"|".02"|0|0|0|0|0|0|0|0|0|0|0|0||||0|0.4|1.6||||4.5|5.3|6|||||||||||||||||||||||||||||||||"27657368"|"82713626"
"H2"||"H"||2||10|||28|||||0|0|0|0|5|30|40|90|100|35|80|100|20|75|90|2|25|30|60|80.7|100||0|||2|||13.1|||40|||25.6||0|16.8|50|||||||0|2.5|5||||0.5|1.25|2||||1.25|1.4|1.55||||1.32|1.47|1.62||42.3333|91.7222|141.1111|0.01|0.04|0.06|1.6|15.2|20.9|1|10.2|15.4|0.3|2.8|5.9|15|38|49|0|1.5|2.9|0|0|22|0|0|2|0|0|0|".15"|".20"|0|0|0|0|0|0|0|0|0|0|0|0||||0.1|1.7|3.8||||4.5|5.3|6|||||||||||||||||||||||||||||||||"27657368"|"82713628"
"H1"||"H"||1||0|||10|||||0|0|0|0|0|5|90|100|100|75|87.5|100|40|85|90|10|40|45|40|65.8|75||5.2|||3.4|||14.5|||25.5|||17.2||15|31.2|50|||||||1|3|5||||3|5.5|8||||1.1|1.25|1.4||||1.16|1.31|1.46||14.1111|28.2222|42.3333|0.06|0.08|0.1||||7.8|17|21.8|3.6|7.9|12.6|35|44|53|0|1.5|2.9|0|27|36|0|1|2|0|0|0|".20"|".20"|0|0|0|0|0|0|0|0|0|0|0|0||||1.4|3.5|5.8||||3.6|4.8|6|||||||||||||||||||||||||||||||||"27657368"|"82713627"
"H3"||"H"||3||28|||38|||||0|0|0|0|10|30|40|80|100|35|60|100|20|55|90|2|20|30|60|80.7|100||0|||2|||13.1|||40|||25.6||0|16.8|50|||||||0|2.5|5||||0.5|1.25|2||||1.25|1.4|1.55||||1.34|1.49|1.58||42.3333|91.7222|141.1111|0.01|0.04|0.06|1.6|12.2|20.9|1|8.2|15.4|0.3|2.3|5.9|15|30|49|0|1.5|2.9|0|0|22|0|0|2|0|0|0|".10"|".20"|0|0|0|0|0|0|0|0|0|0|0|0||||0.1|1.7|3.8||||4.5|5.3|6|||||||||||||||||||||||||||||||||"27657368"|"82713625"
"H1"||"H"||1||0|||23|||||0|0|0|0|0|0|100|100|100|98|100|100|60|67.5|80|20|35|55|70|80.3|90||0|||2|||13.1|||39.8|||25.4||0|16.7|30|||||||1|3|5||||2|3|4||||1.4|1.5|1.6||||1.47|1.57|1.63||42.3333|91.7222|141.1111|0.1|0.14|0.18|12|21.4|23.7|9|16.1|18.9|3.6|6.5|9.2|35|39|43|0|1.5|2.9|0|22|27|0|1|2|0|0|0|".20"|".20"|0|0|0|0|0|0|0|0|0|0|0|0|1.1|3|4.7|||||||5.1|6.2|7.3|||||||||||||||||||||||||||||||||"27657369"|"82713629"
"H2"||"H"||2||23|||68|||||0|0|0|0|0|0|100|100|100|98|100|100|50|67.5|80|10|30|35|75|80.3|100||0|||2|||13.1|||39.8|||25.4||0|16.7|25|||||||1|3|5||||0.5|1.25|2||||1.6|1.7|1.8||||1.68|1.78|1.85||42.3333|91.7222|141.1111|0.06|0.09|0.11|7|19.2|22|4.9|13.5|16.9|1.6|4.4|7.1|29|33|37|0|1.5|2.9|0|18|22|0|1|2|0|0|0|".32"|".32"|0|0|0|0|0|0|0|0|0|0|0|0|1|2.8|4.5|||||||5.1|6.2|7.3|||||||||||||||||||||||||||||||||"27657369"|"82713630"
"H3"||"H"||3||68|||152|||||0|0|0|0|0|0|100|100|100|98|100|100|70|85|100|35|62.5|80|0|32.7|65||3|||4.1|||5.5|||10.1|||10||25|56.8|90|||||||3|10.5|18||||0|0.25|0.5||||1.5|1.65|1.8||||1.58|1.73|1.88||0.4233|2.3283|4.2333|0.19|0.2|0.21||||6.2|23.1|28|2|7.3|12.6|30|36|41|0|1.5|2.9|0|22|30|0|3|12|0|0|8|".55"|".55"|0|0|0|0|0|0|0|0|0|0|0|0|2|7.3|12.3|||||||5.1|6.2|7.3|||||||||||||||||||||||||||||||||"27657369"|"82713631"
"H1"||"H"||1||0|||20|||||0|0|0|0|3|5|95|97.5|100|80|90|100|65|75|85|30|38|45|40|65.8|75||5.2|||3.4|||14.5|||25.5|||17.2||15|31.2|50|||||||1|3|5||||3|4.5|6||||1.2|1.35|1.5||||1.27|1.42|1.57||42.3333|91.7222|141.1111|0.1|0.13|0.16||||9|16.3|20.4|4|7.3|11|33|41|49|0|1.5|2.9|0|25|31|0|1|2|0|0|0|".17"|".17"|0|0|0|0|0|0|0|0|0|0|0|0|1.1|3.1|4.9|||||||5.6|6.1|6.5|||||||||||||||||||||||||||||||||"27657370"|"82713632"
"H2"||"H"||2||20|||71|||||0|0|0|0|3|5|95|97.5|100|80|90|100|70|80|90|10|30|35|75|80.3|100||0|||2|||13.1|||39.8|||25.4||0|16.7|25|||||||1|3|5||||0.5|1.25|2||||1.3|1.4|1.5||||1.37|1.47|1.54||42.3333|91.7222|141.1111|0.04|0.07|0.1|5.7|16.9|20.9|3.9|11.5|15.4|1.1|3.4|5.9|35|41|48|0|1.5|2.9|0|18|22|0|1|2|0|0|0|".20"|".20"|0|0|0|0|0|0|0|0|0|0|0|0|1|2.8|4.5|||||||5.6|6.1|6.5|||||||||||||||||||||||||||||||||"27657370"|"82713633"
"H3"||"H"||3||71|||165|||||0|0|0|0|0|0|95|97.5|100|85|90|100|75|85|95|45|55|80|20|64.1|65||0.3|||1.1|||3.8|||20.6|||38.3||25|26.4|70|||||||3|9.5|16||||0|0.25|0.5||||1.3|1.5|1.7||||1.37|1.57|1.77||1.4111|2.8222|4.2333|0.18|0.2|0.22||||4.5|15.6|21.1|1.9|6.5|11.7|31|39|48|0|1.5|2.9|0|21|28|0|3|10|0|0|6|".55"|".55"|0|0|0|0|0|0|0|0|0|0|0|0|2|6.7|11.1|||||||5.1|6.2|7.3|||||||||||||||||||||||||||||||||"27657370"|"82713634"
"H1"||"H"||1||0|||18|||||0|0|0|0|0|0|100|100|100|93|100|100|90|95|100|50|55|70|0|64.1|65||0.3|||1.1|||3.8|||20.6|||38.3||25|26.4|90|||||||4|9.5|15||||1|3|5||||0.95|1.05|1.15||||1|1.1|1.2||4.2333|9.1722|14.1111|0.18|0.22|0.25||||6.6|17.3|21.4|2.9|7.6|12.1|49|54|58|0|1.5|2.9|17|27|37|1|5|10|0|0|10|".32"|".32"|0|0|0|0|0|0|0|0|0|0|0|0|3.6|8.2|12.6|||||||4.5|5.9|7.3|||||||||||||||||||||||||||||||||"27657371"|"82713635"
"H2"||"H"||2||18|||58|||||0|0|0|0|0|0|100|100|100|93|100|100|90|95|100|50|55|70|0|64.1|65||0.3|||1.1|||3.8|||20.6|||38.3||25|26.4|90|||||||4|9.5|15||||0.5|1.75|3||||1.1|1.25|1.4||||1.16|1.31|1.46||4.2333|9.1722|14.1111|0.16|0.18|0.2||||6.4|17.3|21.4|2.8|7.6|12.1|42|49|55|0|1.5|2.9|16|25|33|1|3|10|0|0|9|".49"|".49"|0|0|0|0|0|0|0|0|0|0|0|0|3.2|7.6|11.7|||||||4.5|5.9|7.3|||||||||||||||||||||||||||||||||"27657371"|"82713636"
"H3"||"H"||3||58|||152|||||0|0|0|0|0|0|100|100|100|93|100|100|90|95|100|50|55|70|0|63.1|65||0.3|||1.1|||3.8|||20.3|||37.6||25|25.9|90|||||||2|11|20||||0|0.5|1||||1.2|1.3|1.4||||1.26|1.36|1.42||0.4233|9.1722|42.3333|0.06|0.13|0.2||||2.7|16.9|22.2|1.2|7.2|13.1|43|48|52|0|1.5|2.9|0|23|33|0|3|11|0|0|9|".55"|".55"|0|0|0|0|0|0|0|0|0|0|0|0|1.2|7.2|12.7|||||||6.1|7|7.8|||||||||||||||||||||||||||||||||"27657371"|"82713637"
"H3"||"H"||3||56|||165|||||0|0|0|0|0|0|90|96|100|55|90|100|30|52.5|75|3|10|20|75|96|100||0.7|||13.1|||37.2|||37.8|||7.2||0|1.5|25|||||||0|2.5|5||||0|0.25|0.5||||1.4|1.45|1.5||||1.47|1.52|1.59||141.1111|141.1111|705|0.01|0.05|0.08|0.3|11.4|14.5|0.2|7.4|10.6|0|1.8|3.9|28|40|45|0|1.5|2.9|0|0|19|0|0|2|0|0|0|".02"|".02"|0|0|0|0|0|0|0|0|0|0|0|0|0|2.1|4|||||||4.5|5.5|6.5|||||||||||||||||||||||||||||||||"27657372"|"82713640"
"H1"||"H"||1||0|||15|||||0|0|0|0|0|0|95|98|100|90|95|100|40|57.5|75|5|35|48|60|64.6|90||4.8|||3.1|||14.3|||25.3|||17.1||0|30.9|35|||||||2|4.5|7||||1|2.5|4||||1|1.1|1.2||||1.05|1.15|1.2||42.3333|91.7222|141.1111|0.07|0.1|0.13||||5.8|13.9|17.5|2|4.8|7.7|47|52|57|0|1.5|2.9|0|22|28|0|2|4|0|0|0|".24"|".24"|0|0|0|0|0|0|0|0|0|0|0|0|1.9|4.2|6.4|||||||4.5|5.5|6.5|||||||||||||||||||||||||||||||||"27657372"|"82713638"
"H2"||"H"||2||15|||56|||||0|0|0|0|0|0|95|98|100|90|95|100|40|60|80|5|22.5|35|75|79.2|100||3.4|||12.6|||20.7|||27.2|||15.3||0|16.8|25|||||||1|4|7||||0.5|1.25|2||||1.2|1.33|1.45||||1.26|1.39|1.45||42.3333|91.7222|141.1111|0.01|0.07|0.13|5.6|18.3|21.7|3.9|12.7|16.4|1.2|3.9|6.8|40|45|51|0|1.5|2.9|0|19|24|0|1|4|0|0|0|".24"|".24"|0|0|0|0|0|0|0|0|0|0|0|0|1|3.6|6|||||||4.5|5.5|6.5|||||||||||||||||||||||||||||||||"27657372"|"82713639"
"H4"||"H"||4||38|||132|||||0|0|0|0|15|30|45|60|80|40|50|80|20|35|60|2|4|5|75|97|100||0.7|||13.3|||37.6|||38.2|||7.2||0|1.5|25|||||||0|1.5|3||||0|0.25|0.5||||1.45|1.55|1.65||||1.58|1.68|1.8||42.3333|91.7222|141.1111|0.01|0.02|0.02|0.2|6.2|11.6|0.1|3.8|8|0|0.8|2.5|14|22|37|0|1.5|2.9|0|0|17|0|0|1|0|0|0|".02"|".02"|0|0|0|0|0|0|0|0|0|0|0|0||||0|0.4|1.6||||4.5|5.3|6|||||||||||||||||||||||||||||||||"27657373"|"82713644"
"H2"||"H"||2||10|||28|||||0|0|0|0|5|30|40|90|100|35|80|100|20|75|90|2|25|30|60|80.7|100||0|||2|||13.1|||40|||25.6||0|16.8|50|||||||0|2.5|5||||0.5|1.25|2||||1.25|1.4|1.55||||1.32|1.47|1.62||42.3333|91.7222|141.1111|0.01|0.04|0.06|1.6|15.2|20.9|1|10.2|15.4|0.3|2.8|5.9|15|38|49|0|1.5|2.9|0|0|22|0|0|2|0|0|0|".15"|".20"|0|0|0|0|0|0|0|0|0|0|0|0||||0.1|1.7|3.8||||4.5|5.3|6|||||||||||||||||||||||||||||||||"27657373"|"82713642"
"H1"||"H"||1||0|||10|||||0|0|0|0|0|5|90|100|100|75|87.5|100|40|85|90|10|40|45|40|65.8|75||5.2|||3.4|||14.5|||25.5|||17.2||15|31.2|50|||||||1|3|5||||3|5.5|8||||1.1|1.25|1.4||||1.16|1.31|1.46||14.1111|28.2222|42.3333|0.06|0.08|0.1||||7.8|17|21.8|3.6|7.9|12.6|35|44|53|0|1.5|2.9|0|27|36|0|1|2|0|0|0|".20"|".20"|0|0|0|0|0|0|0|0|0|0|0|0||||1.4|3.5|5.8||||3.6|4.8|6|||||||||||||||||||||||||||||||||"27657373"|"82713641"
"H3"||"H"||3||28|||38|||||0|0|0|0|10|30|40|80|100|35|60|100|20|55|90|2|20|30|60|80.7|100||0|||2|||13.1|||40|||25.6||0|16.8|50|||||||0|2.5|5||||0.5|1.25|2||||1.25|1.4|1.55||||1.34|1.49|1.58||42.3333|91.7222|141.1111|0.01|0.04|0.06|1.6|12.2|20.9|1|8.2|15.4|0.3|2.3|5.9|15|30|49|0|1.5|2.9|0|0|22|0|0|2|0|0|0|".10"|".20"|0|0|0|0|0|0|0|0|0|0|0|0||||0.1|1.7|3.8||||4.5|5.3|6|||||||||||||||||||||||||||||||||"27657373"|"82713643"
"H1"||"H"||1||0|||23|||||0|0|0|0|0|0|100|100|100|98|100|100|60|67.5|80|20|35|55|70|80.3|90||0|||2|||13.1|||39.8|||25.4||0|16.7|30|||||||1|3|5||||2|3|4||||1.4|1.5|1.6||||1.47|1.57|1.63||42.3333|91.7222|141.1111|0.1|0.14|0.18|12|21.4|23.7|9|16.1|18.9|3.6|6.5|9.2|35|39|43|0|1.5|2.9|0|22|27|0|1|2|0|0|0|".20"|".20"|0|0|0|0|0|0|0|0|0|0|0|0|1.1|3|4.7|||||||5.1|6.2|7.3|||||||||||||||||||||||||||||||||"27657374"|"82713645"
"H2"||"H"||2||23|||68|||||0|0|0|0|0|0|100|100|100|98|100|100|50|67.5|80|10|30|35|75|80.3|100||0|||2|||13.1|||39.8|||25.4||0|16.7|25|||||||1|3|5||||0.5|1.25|2||||1.6|1.7|1.8||||1.68|1.78|1.85||42.3333|91.7222|141.1111|0.06|0.09|0.11|7|19.2|22|4.9|13.5|16.9|1.6|4.4|7.1|29|33|37|0|1.5|2.9|0|18|22|0|1|2|0|0|0|".32"|".32"|0|0|0|0|0|0|0|0|0|0|0|0|1|2.8|4.5|||||||5.1|6.2|7.3|||||||||||||||||||||||||||||||||"27657374"|"82713646"
"H3"||"H"||3||68|||152|||||0|0|0|0|0|0|100|100|100|98|100|100|70|85|100|35|62.5|80|0|32.7|65||3|||4.1|||5.5|||10.1|||10||25|56.8|90|||||||3|10.5|18||||0|0.25|0.5||||1.5|1.65|1.8||||1.58|1.73|1.88||0.4233|2.3283|4.2333|0.19|0.2|0.21||||6.2|23.1|28|2|7.3|12.6|30|36|41|0|1.5|2.9|0|22|30|0|3|12|0|0|8|".55"|".55"|0|0|0|0|0|0|0|0|0|0|0|0|2|7.3|12.3|||||||5.1|6.2|7.3|||||||||||||||||||||||||||||||||"27657374"|"82713647"
"H1"||"H"||1||0|||20|||||0|0|0|0|3|5|95|97.5|100|80|90|100|65|75|85|30|38|45|40|65.8|75||5.2|||3.4|||14.5|||25.5|||17.2||15|31.2|50|||||||1|3|5||||3|4.5|6||||1.2|1.35|1.5||||1.27|1.42|1.57||42.3333|91.7222|141.1111|0.1|0.13|0.16||||9|16.3|20.4|4|7.3|11|33|41|49|0|1.5|2.9|0|25|31|0|1|2|0|0|0|".17"|".17"|0|0|0|0|0|0|0|0|0|0|0|0|1.1|3.1|4.9|||||||5.6|6.1|6.5|||||||||||||||||||||||||||||||||"27657375"|"82713648"
"H2"||"H"||2||20|||71|||||0|0|0|0|3|5|95|97.5|100|80|90|100|70|80|90|10|30|35|75|80.3|100||0|||2|||13.1|||39.8|||25.4||0|16.7|25|||||||1|3|5||||0.5|1.25|2||||1.3|1.4|1.5||||1.37|1.47|1.54||42.3333|91.7222|141.1111|0.04|0.07|0.1|5.7|16.9|20.9|3.9|11.5|15.4|1.1|3.4|5.9|35|41|48|0|1.5|2.9|0|18|22|0|1|2|0|0|0|".20"|".20"|0|0|0|0|0|0|0|0|0|0|0|0|1|2.8|4.5|||||||5.6|6.1|6.5|||||||||||||||||||||||||||||||||"27657375"|"82713649"
"H3"||"H"||3||71|||165|||||0|0|0|0|0|0|95|97.5|100|85|90|100|75|85|95|45|55|80|20|64.1|65||0.3|||1.1|||3.8|||20.6|||38.3||25|26.4|70|||||||3|9.5|16||||0|0.25|0.5||||1.3|1.5|1.7||||1.37|1.57|1.77||1.4111|2.8222|4.2333|0.18|0.2|0.22||||4.5|15.6|21.1|1.9|6.5|11.7|31|39|48|0|1.5|2.9|0|21|28|0|3|10|0|0|6|".55"|".55"|0|0|0|0|0|0|0|0|0|0|0|0|2|6.7|11.1|||||||5.1|6.2|7.3|||||||||||||||||||||||||||||||||"27657375"|"82713650"
"H1"||"H"||1||0|||18|||||0|0|0|0|0|0|95|100|100|95|100|100|45|70|85|5|22.5|40|70|80.5|88||3.8|||12.9|||21|||27.4|||15.4||7|17|30|||||||0|2.5|5||||2|3.5|5||||1|1.15|1.3||||1.05|1.2|1.35||42.3333|91.7222|141.1111|0.06|0.09|0.12|8.8|20.2|22.9|6.4|14.7|17.9|2.3|5.3|8.2|45|51|57|0|1.5|2.9|0|0|29|0|0|2|0|0|0|".10"|".10"|0|0|0|0|0|0|0|0|0|0|0|0||||0.3|2.4|4.4||||3.6|4.8|6|||||||||||||||||||||||||||||||||"27657376"|"82713651"
"H2"||"H"||2||18|||76|||||0|0|0|0|0|0|95|100|100|95|100|100|35|85|95|5|25|40|70|80.7|100||0|||2|||13.1|||40|||25.6||0|16.8|30|||||||0|2.5|5||||1|2|3||||1.1|1.28|1.45||||1.16|1.34|1.51||42.3333|91.7222|141.1111|0.03|0.07|0.1|6.1|18.7|21.6|4.2|12.9|16.3|1.3|4|6.6|41|48|55|0|1.5|2.9|0|0|24|0|0|2|0|0|0|".20"|".20"|0|0|0|0|0|0|0|0|0|0|0|0||||0.1|2|3.8||||4.5|5.3|6|||||||||||||||||||||||||||||||||"27657376"|"82713652"
"H3"||"H"||3||76|||165|||||0|0|0|0|0|0|90|100|100|80|100|100|30|75|90|5|25|30|70|84.7|100||0|||2|||13.1|||42|||23.6||0|12.8|30|||||||0|2.5|5||||0|0.25|0.5||||1.2|1.35|1.5||||1.26|1.41|1.56||141.1111|141.1111|705|0.03|0.04|0.04|0.4|15.1|18.3|0.3|9.1|12.5|0.1|1.9|3.7|36|46|52|0|1.5|2.9|0|0|19|0|0|2|0|0|0|".20"|".20"|0|0|0|0|0|0|0|0|0|0|0|0||||||||||4.5|5.5|6.5|||||||||||||||||||||||||||||||||"27657376"|"82713653"
"H1"||"H"||1||0|||18|||||0|0|0|0|0|0|100|100|100|93|100|100|90|95|100|50|55|70|0|64.1|65||0.3|||1.1|||3.8|||20.6|||38.3||25|26.4|90|||||||4|9.5|15||||1|3|5||||0.95|1.05|1.15||||1|1.1|1.2||4.2333|9.1722|14.1111|0.18|0.22|0.25||||6.6|17.3|21.4|2.9|7.6|12.1|49|54|58|0|1.5|2.9|17|27|37|1|5|10|0|0|10|".32"|".32"|0|0|0|0|0|0|0|0|0|0|0|0|3.6|8.2|12.6|||||||4.5|5.9|7.3|||||||||||||||||||||||||||||||||"27657377"|"82713654"
"H2"||"H"||2||18|||58|||||0|0|0|0|0|0|100|100|100|93|100|100|90|95|100|50|55|70|0|64.1|65||0.3|||1.1|||3.8|||20.6|||38.3||25|26.4|90|||||||4|9.5|15||||0.5|1.75|3||||1.1|1.25|1.4||||1.16|1.31|1.46||4.2333|9.1722|14.1111|0.16|0.18|0.2||||6.4|17.3|21.4|2.8|7.6|12.1|42|49|55|0|1.5|2.9|16|25|33|1|3|10|0|0|9|".49"|".49"|0|0|0|0|0|0|0|0|0|0|0|0|3.2|7.6|11.7|||||||4.5|5.9|7.3|||||||||||||||||||||||||||||||||"27657377"|"82713655"
"H3"||"H"||3||58|||152|||||0|0|0|0|0|0|100|100|100|93|100|100|90|95|100|50|55|70|0|63.1|65||0.3|||1.1|||3.8|||20.3|||37.6||25|25.9|90|||||||2|11|20||||0|0.5|1||||1.2|1.3|1.4||||1.26|1.36|1.42||0.4233|9.1722|42.3333|0.06|0.13|0.2||||2.7|16.9|22.2|1.2|7.2|13.1|43|48|52|0|1.5|2.9|0|23|33|0|3|11|0|0|9|".55"|".55"|0|0|0|0|0|0|0|0|0|0|0|0|1.2|7.2|12.7|||||||6.1|7|7.8|||||||||||||||||||||||||||||||||"27657377"|"82713656"
"H3"||"H"||3||56|||165|||||0|0|0|0|0|0|90|96|100|55|90|100|30|52.5|75|3|10|20|75|96|100||0.7|||13.1|||37.2|||37.8|||7.2||0|1.5|25|||||||0|2.5|5||||0|0.25|0.5||||1.4|1.45|1.5||||1.47|1.52|1.59||141.1111|141.1111|705|0.01|0.05|0.08|0.3|11.4|14.5|0.2|7.4|10.6|0|1.8|3.9|28|40|45|0|1.5|2.9|0|0|19|0|0|2|0|0|0|".02"|".02"|0|0|0|0|0|0|0|0|0|0|0|0|0|2.1|4|||||||4.5|5.5|6.5|||||||||||||||||||||||||||||||||"27657378"|"82713659"
"H1"||"H"||1||0|||15|||||0|0|0|0|0|0|95|98|100|90|95|100|40|57.5|75|5|35|48|60|64.6|90||4.8|||3.1|||14.3|||25.3|||17.1||0|30.9|35|||||||2|4.5|7||||1|2.5|4||||1|1.1|1.2||||1.05|1.15|1.2||42.3333|91.7222|141.1111|0.07|0.1|0.13||||5.8|13.9|17.5|2|4.8|7.7|47|52|57|0|1.5|2.9|0|22|28|0|2|4|0|0|0|".24"|".24"|0|0|0|0|0|0|0|0|0|0|0|0|1.9|4.2|6.4|||||||4.5|5.5|6.5|||||||||||||||||||||||||||||||||"27657378"|"82713657"
"H2"||"H"||2||15|||56|||||0|0|0|0|0|0|95|98|100|90|95|100|40|60|80|5|22.5|35|75|79.2|100||3.4|||12.6|||20.7|||27.2|||15.3||0|16.8|25|||||||1|4|7||||0.5|1.25|2||||1.2|1.33|1.45||||1.26|1.39|1.45||42.3333|91.7222|141.1111|0.01|0.07|0.13|5.6|18.3|21.7|3.9|12.7|16.4|1.2|3.9|6.8|40|45|51|0|1.5|2.9|0|19|24|0|1|4|0|0|0|".24"|".24"|0|0|0|0|0|0|0|0|0|0|0|0|1|3.6|6|||||||4.5|5.5|6.5|||||||||||||||||||||||||||||||||"27657378"|"82713658"
"H4"||"H"||4||38|||132|||||0|0|0|0|15|30|45|60|80|40|50|80|20|35|60|2|4|5|75|97|100||0.7|||13.3|||37.6|||38.2|||7.2||0|1.5|25|||||||0|1.5|3||||0|0.25|0.5||||1.45|1.55|1.65||||1.58|1.68|1.8||42.3333|91.7222|141.1111|0.01|0.02|0.02|0.2|6.2|11.6|0.1|3.8|8|0|0.8|2.5|14|22|37|0|1.5|2.9|0|0|17|0|0|1|0|0|0|".02"|".02"|0|0|0|0|0|0|0|0|0|0|0|0||||0|0.4|1.6||||4.5|5.3|6|||||||||||||||||||||||||||||||||"27657379"|"82713663"
"H2"||"H"||2||10|||28|||||0|0|0|0|5|30|40|90|100|35|80|100|20|75|90|2|25|30|60|80.7|100||0|||2|||13.1|||40|||25.6||0|16.8|50|||||||0|2.5|5||||0.5|1.25|2||||1.25|1.4|1.55||||1.32|1.47|1.62||42.3333|91.7222|141.1111|0.01|0.04|0.06|1.6|15.2|20.9|1|10.2|15.4|0.3|2.8|5.9|15|38|49|0|1.5|2.9|0|0|22|0|0|2|0|0|0|".15"|".20"|0|0|0|0|0|0|0|0|0|0|0|0||||0.1|1.7|3.8||||4.5|5.3|6|||||||||||||||||||||||||||||||||"27657379"|"82713661"
"H1"||"H"||1||0|||10|||||0|0|0|0|0|5|90|100|100|75|87.5|100|40|85|90|10|40|45|40|65.8|75||5.2|||3.4|||14.5|||25.5|||17.2||15|31.2|50|||||||1|3|5||||3|5.5|8||||1.1|1.25|1.4||||1.16|1.31|1.46||14.1111|28.2222|42.3333|0.06|0.08|0.1||||7.8|17|21.8|3.6|7.9|12.6|35|44|53|0|1.5|2.9|0|27|36|0|1|2|0|0|0|".20"|".20"|0|0|0|0|0|0|0|0|0|0|0|0||||1.4|3.5|5.8||||3.6|4.8|6|||||||||||||||||||||||||||||||||"27657379"|"82713660"
"H3"||"H"||3||28|||38|||||0|0|0|0|10|30|40|80|100|35|60|100|20|55|90|2|20|30|60|80.7|100||0|||2|||13.1|||40|||25.6||0|16.8|50|||||||0|2.5|5||||0.5|1.25|2||||1.25|1.4|1.55||||1.34|1.49|1.58||42.3333|91.7222|141.1111|0.01|0.04|0.06|1.6|12.2|20.9|1|8.2|15.4|0.3|2.3|5.9|15|30|49|0|1.5|2.9|0|0|22|0|0|2|0|0|0|".10"|".20"|0|0|0|0|0|0|0|0|0|0|0|0||||0.1|1.7|3.8||||4.5|5.3|6|||||||||||||||||||||||||||||||||"27657379"|"82713662"
"H1"||"H"||1||0|||23|||||0|0|0|0|0|0|100|100|100|98|100|100|60|67.5|80|20|35|55|70|80.3|90||0|||2|||13.1|||39.8|||25.4||0|16.7|30|||||||1|3|5||||2|3|4||||1.4|1.5|1.6||||1.47|1.57|1.63||42.3333|91.7222|141.1111|0.1|0.14|0.18|12|21.4|23.7|9|16.1|18.9|3.6|6.5|9.2|35|39|43|0|1.5|2.9|0|22|27|0|1|2|0|0|0|".20"|".20"|0|0|0|0|0|0|0|0|0|0|0|0|1.1|3|4.7|||||||5.1|6.2|7.3|||||||||||||||||||||||||||||||||"27657380"|"82713664"
"H2"||"H"||2||23|||68|||||0|0|0|0|0|0|100|100|100|98|100|100|50|67.5|80|10|30|35|75|80.3|100||0|||2|||13.1|||39.8|||25.4||0|16.7|25|||||||1|3|5||||0.5|1.25|2||||1.6|1.7|1.8||||1.68|1.78|1.85||42.3333|91.7222|141.1111|0.06|0.09|0.11|7|19.2|22|4.9|13.5|16.9|1.6|4.4|7.1|29|33|37|0|1.5|2.9|0|18|22|0|1|2|0|0|0|".32"|".32"|0|0|0|0|0|0|0|0|0|0|0|0|1|2.8|4.5|||||||5.1|6.2|7.3|||||||||||||||||||||||||||||||||"27657380"|"82713665"
"H3"||"H"||3||68|||152|||||0|0|0|0|0|0|100|100|100|98|100|100|70|85|100|35|62.5|80|0|32.7|65||3|||4.1|||5.5|||10.1|||10||25|56.8|90|||||||3|10.5|18||||0|0.25|0.5||||1.5|1.65|1.8||||1.58|1.73|1.88||0.4233|2.3283|4.2333|0.19|0.2|0.21||||6.2|23.1|28|2|7.3|12.6|30|36|41|0|1.5|2.9|0|22|30|0|3|12|0|0|8|".55"|".55"|0|0|0|0|0|0|0|0|0|0|0|0|2|7.3|12.3|||||||5.1|6.2|7.3|||||||||||||||||||||||||||||||||"27657380"|"82713666"
"H3"||"H"||3||58|||165|||||0|0|0|0|0|0|90|100|100|80|100|100|35|50|60|2|10|15|70|92.5|100||18.2|||30.6|||22.5|||15.6|||5.6||0|6.5|30|||||||0|1|2||||0|0.25|0.5||||1.4|1.53|1.65||||1.47|1.6|1.67||42.3333|91.7222|141.1111|0.04|0.07|0.1|0.5|10.2|12.2|0.3|5.8|7.9|0.1|1|2|31|40|45|0|1.5|2.9|0|0|14|0|0|0|0|0|0|".02"|".02"|0|0|0|0|0|0|0|0|0|0|0|0|0|0.9|1.8|||||||4.5|5.5|6.5|||||||||||||||||||||||||||||||||"27657381"|"82713669"
"H1"||"H"||1||0|||15|||||0|0|0|0|0|0|100|100|100|95|100|100|45|67.5|90|20|27.5|35|70|80.9|90||3.9|||13|||21|||27.5|||15.5||10|17.1|30|||||||1|2|3||||2|3|4||||1|1.1|1.2||||1.05|1.15|1.25||42.3333|91.7222|141.1111|0.09|0.11|0.12|11.8|19.1|20.8|8.2|13.3|15.4|2.6|4.3|5.8|48|53|56|0|1.5|2.9|0|0|25|0|0|1|0|0|0|".15"|".15"|0|0|0|0|0|0|0|0|0|0|0|0||||0.8|1.6|2.4||||4.5|5.3|6|||||||||||||||||||||||||||||||||"27657381"|"82713667"
"H2"||"H"||2||15|||58|||||0|0|0|0|0|0|100|100|100|95|100|100|45|67.5|90|15|22.5|30|70|81.3|100||4|||13.1|||21.1|||27.6|||15.5||0|17.2|30|||||||0|1.5|3||||0.5|1.25|2||||1.3|1.43|1.55||||1.37|1.5|1.56||42.3333|91.7222|141.1111|0.07|0.09|0.1|4.7|16.8|19.6|3|10.9|14|0.8|2.7|4.8|37|43|48|0|1.5|2.9|0|0|20|0|0|1|0|0|0|".15"|".15"|0|0|0|0|0|0|0|0|0|0|0|0||||0.1|0.9|1.8||||4.5|5.3|6|||||||||||||||||||||||||||||||||"27657381"|"82713668"
"H1"||"H"||1||0|||13|||||0|0|0|0|0|0|100|100|100|100|100|100|95|97.5|100|80|85|90|0|21.9|60||0.1|||0.4|||1.3|||6.1|||14||30|71.1|90|||||||4|7|10||||2|3.5|5||||1.1|1.3|1.5||||1.16|1.36|1.56||4.2333|9.1722|14.1111|0.18|0.24|0.3||||13.7|23.9|27|4.6|8.1|11.4|39|46|54|0|1.5|2.9|20|26|33|1|3|6|0|1|6|".43"|".43"|0|0|0|0|0|0|0|0|0|0|0|0|3.7|6.3|8.8|||||||5.1|6.2|7.3|||||||||||||||||||||||||||||||||"27657392"|"82713702"
"H2"||"H"||2||13|||71|||||0|0|0|0|0|0|100|100|100|100|100|100|95|97.5|100|80|85|90|0|27.8|60||0|||0.2|||0.8|||6.1|||20.7||30|66.2|90|||||||2|6|10||||0|1|2||||1.1|1.3|1.5||||1.16|1.36|1.56||4.2333|9.1722|14.1111|0.18|0.22|0.26||||4.6|19.3|23.5|1|4.4|7.7|41|48|55|0|1.5|2.9|0|20|26|0|3|6|0|0|4|".64"|".64"|0|0|0|0|0|0|0|0|0|0|0|0|1.4|5|8.2|||||||5.6|6.5|7.3|||||||||||||||||||||||||||||||||"27657392"|"82713703"
"H3"||"H"||3||71|||165|||||0|0|0|0|0|0|100|100|100|100|100|100|95|97.5|100|80|85|90|0|28.2|60||0|||0.2|||0.8|||6.2|||21||30|67.3|90|||||||1|4.5|8||||0|1|2||||1.2|1.35|1.5||||1.26|1.41|1.56||4.2333|9.1722|14.1111|0.18|0.22|0.25||||2.6|18.2|22.7|0.5|3.8|6.9|41|46|51|0|1.5|2.9|0|19|25|0|2|4|0|0|2|".64"|".64"|0|0|0|0|0|0|0|0|0|0|0|0|0.8|3.9|6.8|||||||5.6|6.5|7.3|||||||||||||||||||||||||||||||||"27657392"|"82713701"
"H3"||"H"||3||64|||152|||||0|0|0|0|0|10|70|95|100|45|90|100|25|50|75|0|12.5|25|75|98.4|100||0|||1.4|||18.5|||64.1|||14.4||0|0.6|25|||||||0|1|2||||0|0.5|1||||1.25|1.38|1.5||||1.32|1.45|1.51||42.3333|91.7222|141.1111|0.01|0.06|0.1|0.3|10.3|13|0.2|6.2|8.9|0|1.2|2.6|23|43|50|0|1.5|2.9|0|0|14|0|0|0|0|0|0|".10"|".10"|0|0|0|0|0|0|0|0|0|0|0|0|0|1|1.9|||||||4.5|5.9|7.3|||||||||||||||||||||||||||||||||"27657393"|"82713706"
"H1"||"H"||1||0|||13|||||0|0|0|0|0|0|95|97.5|100|80|90|100|55|75|95|30|50|75|40|65|75||5|||3.2|||14.3|||25.4|||17.1||15|31|50|||||||2|4|6||||3|5.5|8||||1.1|1.23|1.35||||1.16|1.29|1.41||4.2333|23.2833|42.3333|0.11|0.16|0.21||||8.9|17.7|22|4.3|8.4|12.9|39|45|53|0|1.5|2.9|0|28|36|0|1|3|0|0|3|".28"|".28"|0|0|0|0|0|0|0|0|0|0|0|0|2.1|4|5.9|||||||4.5|5.9|7.3|||||||||||||||||||||||||||||||||"27657393"|"82713704"
"H2"||"H"||2||13|||64|||||0|0|0|0|0|0|95|97.5|100|80|90|100|55|70|85|30|40|50|40|65.5|75||5.1|||3.3|||14.4|||25.5|||17.2||15|31|50|||||||1|3.5|6||||0.5|1.75|3||||1.2|1.33|1.45||||1.26|1.39|1.46||4.2333|23.2833|42.3333|0.09|0.14|0.18||||3.5|12.8|17.2|1.1|4.2|7.5|37|44|51|0|1.5|2.9|0|19|25|0|1|3|0|0|0|".37"|".37"|0|0|0|0|0|0|0|0|0|0|0|0|1|3.3|5.4|||||||4.5|5.9|7.3|||||||||||||||||||||||||||||||||"27657393"|"82713705"
"H1"||"H"||1||0|||25|||||0|0|0|0|0|0|100|100|100|95|100|100|90|95|100|50|55|70|0|62.7|65||0.3|||1.1|||3.8|||20.1|||37.4||25|25.8|90|||||||5|11.5|18||||2|3.5|5||||1.15|1.25|1.35||||1.21|1.31|1.36||4.2333|9.1722|42.3333|0.15|0.19|0.23||||9.8|20.3|24.3|5.2|10.8|16.1|43|48|52|0|1.5|2.9|20|30|40|2|7|12|0|1|8|".37"|".37"|0|0|0|0|0|0|0|0|0|0|0|0|4.5|9.7|14.7|||||||4.5|5.9|7.3|||||||||||||||||||||||||||||||||"27657394"|"82713707"
"H2"||"H"||2||25|||152|||||0|0|0|0|0|0|100|100|100|95|100|100|90|95|100|50|55|70|0|60.8|85||0.3|||1.1|||3.7|||19.1|||36.6||10|33.2|90|||||||2|6|10||||0|1|2||||1.2|1.35|1.5||||1.26|1.41|1.56||4.2333|9.1722|42.3333|0.13|0.17|0.21||||3.5|14.4|18.5|1.2|5|8.8|39|46|51|0|1.5|2.9|0|20|26|0|3|6|0|0|2|".55"|".55"|0|0|0|0|0|0|0|0|0|0|0|0|1.4|5|8.2|||||||4.5|5.9|7.3|||||||||||||||||||||||||||||||||"27657394"|"82713708"
"H1"||"H"||1||0|||23|||||0|0|0|0|0|0|100|100|100|100|100|100|90|95|100|85|92.5|100|0|3|10||0|||0|||0|||0.7|||2.3||10|42|50|||||||35|55|90||||4|10|16||||1.1|1.35|1.6||||1.29|1.54|1.6||1.4111|2.8222|4.2333|0.11|0.17|0.23||||28.5|39|46.7|23.5|35.1|42|30|40|51|3|4.5|5.9|40|62|85|10|25|40|10|29|53|".49"|".49"|0|0|0|0|0|0|0|0|0|0|0|0|18.1|31.1|54.4|||||||5.1|6.2|7.3|||||||||||||||||||||||||||||||||"27657398"|"82713717"
"H2"||"H"||2||23|||68|||||0|0|0|0|0|0|100|100|100|100|100|100|100|100|100|95|97.5|100|0|7.4|10||0.7|||0.9|||1.2|||2.3|||2.3||10|17.6|50|||||||60|75|90||||0|1|2||||1.3|1.38|1.45||||1.49|1.57|1.64||0|0.7056|1.4111|0.09|0.1|0.11||||41.1|43.3|45.2|32.2|40.7|41.3|42|45|48|3|4.5|5.9|50|68|85|20|30|40|23|37|53|".49"|".49"|0|0|0|0|0|0|0|0|0|0|0|0|14.3|29.6|44|||||||5.1|6.2|7.3|||||||||||||||||||||||||||||||||"27657398"|"82713718"
"H3"||"H"||3||68|||165|||||0|0|0|0|0|0|100|100|100|100|100|100|100|100|100|95|97.5|100|0|7.4|10||0.7|||0.9|||1.2|||2.3|||2.3||10|17.6|50|||||||60|75|90||||0|0.25|0.5||||1.3|1.38|1.45||||1.49|1.57|1.64||0|0.7056|1.4111|0.09|0.1|0.1||||41.1|43.3|45.2|32.2|40.5|40.7|43|45|48|3|4.5|5.9|50|68|85|20|30|40|23|37|53|".49"|".49"|0|0|0|0|0|0|0|0|0|0|0|0|12.2|19.7|25.3|||||||7.4|7.9|8.4|||||||||||||||||||||||||||||||||"27657398"|"82713719"
"H1"||"H"||1||0|||20|||||0|0|0|0|0|0|100|100|100|95|100|100|95|97.5|100|90|95|100|0|5.3|20||0.2|||0.3|||0.6|||1.7|||2.5||10|44.7|60|||||||40|50|90||||4|9.5|16||||1.1|1.3|1.5||||1.41|1.61|1.68||0|0.7056|1.4111|0.11|0.13|0.14||||0.8|37.5|46.3|0.7|36.1|41.6|34|43|51|6|7.5|8.9|40|60|80|10|25|40|11|30|51|".49"|".49"|0|0|0|0|0|0|0|0|0|0|0|0|19.6|27.8|49|||||||5.6|6.5|7.3|||||||||||||||||||||||||||||||||"27657399"|"82713720"
"H2"||"H"||2||20|||71|||||0|0|0|0|0|0|100|100|100|95|100|100|90|95|100|85|90|100|0|7.4|20||0.7|||0.9|||1.2|||2.3|||2.3||10|17.6|40|||||||60|75|90||||0.5|1.25|2||||1.25|1.38|1.5||||1.58|1.71|1.78||0|0.2117|0.4233|0.09|0.1|0.11||||37|43.3|45.2|31.9|40.7|41.5|39|45|49|6|7.5|8.9|50|65|80|20|35|45|19|36|55|".49"|".49"|0|0|0|0|0|0|0|0|0|0|0|0|18.7|27.8|39.7|||||||5.6|6.7|7.8|||||||||||||||||||||||||||||||||"27657399"|"82713721"
"H3"||"H"||3||71|||165|||||0|0|0|0|0|0|100|100|100|95|100|100|90|95|100|85|90|100|0|7.4|20||0.7|||0.9|||1.2|||2.3|||2.3||10|17.6|40|||||||60|75|90||||0|0.25|0.5||||1.25|1.38|1.5||||1.58|1.71|1.78||0|0.2117|0.4233|0.08|0.09|0.1||||40|43.3|45.2|31.4|40.5|40.7|40|45|50|6|7.5|8.9|50|65|80|20|35|45|19|36|55|".49"|".49"|0|0|0|0|0|0|0|0|0|0|0|0|12.2|22.5|34.4|||||||5.6|7|8.4|||||||||||||||||||||||||||||||||"27657399"|"82713722"
"H1"||"H"||1||0|||20|||||0|0|0|0|0|0|100|100|100|95|100|100|80|87|95|35|40|50|40|69.7|75||0.3|||4.8|||15.5|||30.3|||18.8||15|21.8|50|||||||5|8.5|12||||4|6|8||||1|1.15|1.3||||1.05|1.2|1.35||14.1111|28.2222|42.3333|0.13|0.19|0.25||||12.9|20.5|23.5|6.9|11|14.9|43|50|56|0|1.5|2.9|25|33|41|2|5|7|0|0|2|".24"|".24"|0|0|0|0|0|0|0|0|0|0|0|0|5.1|8.2|11.2|||||||5.1|6.2|7.3|||||||||||||||||||||||||||||||||"27657400"|"82713723"
"H2"||"H"||2||20|||38|||||0|0|0|0|0|0|100|100|100|95|100|100|80|87|95|35|39|50|40|69.7|75||0.3|||4.8|||15.5|||30.3|||18.8||15|21.8|50|||||||5|8.5|12||||0.5|1.75|3||||1.15|1.3|1.45||||1.21|1.36|1.51||14.1111|28.2222|42.3333|0.12|0.16|0.2||||8.2|16.9|20.2|3.5|7.2|10.7|41|47|53|0|1.5|2.9|17|24|30|2|5|7|0|0|1|".32"|".32"|0|0|0|0|0|0|0|0|0|0|0|0|3.9|7|9.8|||||||5.1|6.2|7.3|||||||||||||||||||||||||||||||||"27657400"|"82713724"
"H3"||"H"||3||38|||165|||||0|0|0|0|0|0|100|100|100|100|100|100|95|97.5|100|80|85|100|0|18.4|30||1.3|||2|||2.9|||5.8|||6.4||10|43.6|65|||||||35|38|55||||0|0.25|0.5||||1.4|1.55|1.7||||1.62|1.77|1.84||0|0.7056|1.4111|0.11|0.14|0.16||||31.8|35.1|38.5|21.7|23.9|31.1|34|39|45|3|4.5|5.9|25|40|55|11|20|30|6|17|34|".37"|".37"|0|0|0|0|0|0|0|0|0|0|0|0|11.5|17.6|25.9|||||||5.6|7|8.4|||||||||||||||||||||||||||||||||"27657400"|"82713725"
"H1"||"H"||1||0|||23|||||0|0|1|0|0|0|80|95|95|75|90|90|65|77.5|90|45|62.5|80|30|30.1|75||2.5|||3.5|||5|||9.4|||9.7||15|54.9|65|||||||8|15|22||||3|5.5|8||||1.1|1.25|1.4||||1.16|1.31|1.46||4.2333|9.1722|14.1111|0.14|0.17|0.2||||13.6|27.6|31.4|6.6|13.3|19.1|35|45|50|0|1.5|2.9|25|37|49|4|9|14|0|4|13|".32"|".32"|0|0|1|0|0|0|0|0|0|0|0|0|7.1|12.7|18.2|||||||5.6|6.5|7.3|||||||||||||||||||||||||||||||||"27657453"|"82714023"
"H2"||"H"||2||23|||63|||||0|0|1|0|0|5|55|95|95|50|90|90|35|75|85|15|60|65|30|30.9|75||2.6|||3.6|||5.1|||9.7|||9.9||15|56.6|65|||||||7|12.5|18||||0|0.5|1||||1.2|1.35|1.5||||1.27|1.42|1.57||0.4233|2.3283|4.2333|0.08|0.12|0.15||||7.5|21.9|25.2|2.4|7|10.4|26|44|49|0|1.5|2.9|18|24|31|3|8|12|0|2|5|".55"|".55"|0|5|15|0|0|0|0|0|0|0|0|0|3.2|8|11.7|||||||5.6|6.5|7.3|||||||||||||||||||||||||||||||||"27657453"|"82714021"
"H3"||"H"||3||63|||165|||||0|0|1|0|0|5|40|95|95|35|90|90|20|85|90|10|55|65|40|63.8|75||0|||0.1|||2.3|||24.6|||36.8||15|23.7|50|||||||7|12.5|18||||0|0.25|0.5||||1.7|1.78|1.95||||1.79|1.87|1.95||0.4233|0.9172|4.2333|0.06|0.1|0.14||||4.6|18.8|22.3|2.4|9.9|14.5|10|29|32|0|1.5|2.9|18|24|30|3|8|12|0|1|5|".55"|".55"|10|15|20|0|0|0|0|0|0|0|0|0|3.2|7.3|10.7|||||||6.6|7.5|8.4|||||||||||||||||||||||||||||||||"27657453"|"82714022"
"H1"||"H"||1||0|||20|||||0|0|1|0|5|10|85|95|95|80|92.5|95|75|80|90|40|56|70|25|45.7|50||4.5|||6.1|||8.1|||14.1|||12.9||30|41.8|65|||||||7|12.5|18||||3|5.5|8||||1|1.15|1.3||||1.06|1.21|1.36||4.2333|9.1722|14.1111|0.17|0.21|0.24||||13|25.8|30.3|5.6|11.1|16.4|38|47|55|0|1.5|2.9|24|35|46|3|7|12|0|2|9|".28"|".28"|0|0|0|0|0|0|0|0|0|0|0|0|6.4|11|15.5|||||||5.1|6.2|7.3|||||||||||||||||||||||||||||||||"27657454"|"82714024"
"H2"||"H"||2||20|||66|||||0|1|5|0|2|20|60|90|95|50|85|90|40|75|85|35|58|70|25|45.3|50||4.5|||6.1|||8.1|||13.9|||12.7||30|43.2|65|||||||5|11.5|18||||0|0.5|1||||1.3|1.45|1.6||||1.37|1.52|1.67||4.2333|9.1722|14.1111|0.09|0.14|0.18||||4.8|20.7|25.8|1.5|6.6|11.1|19|38|45|0|1.5|2.9|16|23|31|2|7|12|0|1|6|".49"|".49"|0|0|0|0|0|0|0|0|0|0|0|0|2.5|7.5|11.7|||||||5.1|6.2|7.3|||||||||||||||||||||||||||||||||"27657454"|"82714025"
"H3"||"H"||3||66|||165|||||0|1|5|0|5|20|60|90|95|50|85|90|40|75|85|30|55|70|40|44.8|75||4.4|||6|||8|||13.8|||12.6||15|41.2|50|||||||10|14|18||||0|0.25|0.5||||1.6|1.7|1.8||||1.69|1.79|1.88||0.4233|0.9172|1.4111|0.08|0.13|0.18||||8.5|22.1|26.4|3.3|8.5|12.2|15|29|35|0|1.5|2.9|15|20|25|0|3|7|0|0|2|".49"|".49"|0|0|10|0|0|0|0|0|0|0|0|0|4.3|8|10.7|||||||5.1|6.2|7.3|||||||||||||||||||||||||||||||||"27657454"|"82714026"
"H1"||"O"||1||0|||13|||||0|1|1|0|0|0|98|99|100|97|99|100||||||||||||||||||||||||||||||||||||||||20|40|60||||0.3|0.4|0.5|||||||2.15|1.4111|23.2833|42.3333|0.35|0.4|0.45||||50|100|100|10|32|90|57|61|66|||||||||||||||0|0|0|0|0|0|0|0|0|0|0|0|53.9|92.6|131.2|||||||4.5|5.9|7.3|4|5.4|6.8||||||||||||||||||||||||||||||"27657455"|"82714027"
"H3"||"H"||3||48|||165|||||0|2|5|0|3|15|75|90|100|65|87.5|100|40|78|90|20|55|70|30|47.6|75||4.8|||6.4|||8.5|||14.6|||13.3||15|45.4|65|||||||3|7|10||||0|0.25|0.5||||1.8|1.9|2||||1.9|2|2.1||0|0.7056|1.4111|0|0|0||||5|18.5|24.4|1.4|5|8.5|14|23|30|0|1.5|2.9|0|19|23|0|3|6|0|0|1|".55"|".55"|0|0|0|0|0|0|0|0|0|0|0|0|1.6|4.6|6.7|||||||4.5|5.9|7.3|||||||||||||||||||||||||||||||||"27657455"|"82714029"
"H2"||"H"||2||13|||48|||||0|1|5|0|2|15|75|95|100|65|90|100|40|80|95|20|60|80|30|34.2|75||3.1|||4.3|||5.8|||10.5|||10.5||15|59.3|65|||||||3|6.5|10||||0.5|1.25|2||||1.2|1.3|1.4||||1.26|1.36|1.42||4.2333|9.1722|14.1111|0.11|0.17|0.22||||6.1|18.8|23.5|1.5|4.6|7.7|30|44|51|0|1.5|2.9|0|21|26|0|3|6|0|0|3|".64"|".64"|0|0|0|0|0|0|0|0|0|0|0|0|2.6|5.4|8.1|||||||4.5|5.9|7.3|||||||||||||||||||||||||||||||||"27657455"|"82714028"
"H1"||"H"||1||0|||20|||||0|0|1|0|5|10|85|95|95|80|92.5|95|75|80|90|40|56|70|25|45.7|50||4.5|||6.1|||8.1|||14.1|||12.9||30|41.8|65|||||||7|12.5|18||||3|5.5|8||||1|1.15|1.3||||1.06|1.21|1.36||4.2333|9.1722|14.1111|0.17|0.21|0.24||||13|25.8|30.3|5.6|11.1|16.4|38|47|55|0|1.5|2.9|24|35|46|3|7|12|0|2|9|".28"|".28"|0|0|0|0|0|0|0|0|0|0|0|0|6.4|11|15.5|||||||5.1|6.2|7.3|||||||||||||||||||||||||||||||||"27657474"|"82714082"
"H2"||"H"||2||20|||66|||||0|1|5|0|2|20|60|90|95|50|85|90|40|75|85|35|58|70|25|45.3|50||4.5|||6.1|||8.1|||13.9|||12.7||30|43.2|65|||||||5|11.5|18||||0|0.5|1||||1.3|1.45|1.6||||1.37|1.52|1.67||4.2333|9.1722|14.1111|0.09|0.14|0.18||||4.8|20.7|25.8|1.5|6.6|11.1|19|38|45|0|1.5|2.9|16|23|31|2|7|12|0|1|6|".49"|".49"|0|0|0|0|0|0|0|0|0|0|0|0|2.5|7.5|11.7|||||||5.1|6.2|7.3|||||||||||||||||||||||||||||||||"27657474"|"82714083"
"H3"||"H"||3||66|||165|||||0|1|5|0|5|20|60|90|95|50|85|90|40|75|85|30|55|70|40|44.8|75||4.4|||6|||8|||13.8|||12.6||15|41.2|50|||||||10|14|18||||0|0.25|0.5||||1.6|1.7|1.8||||1.69|1.79|1.88||0.4233|0.9172|1.4111|0.08|0.13|0.18||||8.5|22.1|26.4|3.3|8.5|12.2|15|29|35|0|1.5|2.9|15|20|25|0|3|7|0|0|2|".49"|".49"|0|0|10|0|0|0|0|0|0|0|0|0|4.3|8|10.7|||||||5.1|6.2|7.3|||||||||||||||||||||||||||||||||"27657474"|"82714084"
"H1"||"H"||1||0|||23|||||0|0|1|0|2|5|80|95|100|75|90|95|50|72.5|95|35|60|85|30|45.3|50||4.5|||6.1|||8.1|||13.9|||12.7||30|43.2|65|||||||5|11.5|18||||2|4|6||||1.3|1.45|1.6||||1.37|1.52|1.67||4.2333|9.1722|14.1111|0.13|0.17|0.2||||10.6|25.8|31.1|4.7|11.4|18|28|38|45|0|1.5|2.9|20|31|42|1|3|5|0|0|7|".28"|".28"|0|0|0|0|0|0|0|0|0|0|0|0|4.7|9.9|14.9|||||||5.6|6.5|7.3|||||||||||||||||||||||||||||||||"27657475"|"82714087"
"H2"||"H"||2||23|||36|||||0|1|1|0|3|5|55|95|95|50|90|90|35|80|90|20|70|80|30|32.3|50||2.9|||4|||5.5|||10|||9.9||30|56.2|65|||||||5|11.5|18||||0|0.5|1||||1.4|1.55|1.7||||1.48|1.63|1.7||4.2333|9.1722|14.1111|0.08|0.14|0.19||||5.6|21.7|26.3|1.9|7.2|11.8|20|36|42|0|1.5|2.9|16|23|31|1|3|5|0|0|3|".49"|".49"|0|0|0|0|0|0|0|0|0|0|0|0|2.5|7.5|11.7|||||||5.6|6.5|7.3|||||||||||||||||||||||||||||||||"27657475"|"82714088"
"H3"||"H"||3||36|||53|||||0|1|1|0|3|5|55|90|95|50|85|90|35|75|90|20|65|80|30|32.3|50||2.9|||4|||5.5|||10|||9.9||30|56.2|65|||||||5|11.5|18||||0|0.5|1||||1.4|1.55|1.7||||1.48|1.63|1.71||4.2333|9.1722|14.1111|0.08|0.14|0.19||||5.6|20.9|26.3|1.9|7|11.8|20|35|42|0|1.5|2.9|16|23|31|1|3|5|0|0|3|".55"|".55"|0|5|10|0|0|0|0|0|0|0|0|0|2.5|7.5|11.7|||||||5.6|6.7|7.8|||||||||||||||||||||||||||||||||"27657475"|"82714085"
"H4"||"H"||4||53|||165|||||0|1|1|0|3|5|40|80|95|35|60|90|20|52.5|85|10|40|70|30|45.8|50||4.6|||6.2|||8.1|||14.1|||12.8||30|43.7|65|||||||3|10.5|18||||0|0.5|1||||1.7|1.78|1.85||||1.82|1.9|2.02||1.4111|7.7611|14.1111|0.07|0.13|0.19||||2.6|16.2|27.3|0.9|5.6|13.5|12|21|31|0|1.5|2.9|0|23|31|0|2|5|0|0|2|".24"|".49"|10|15|25|0|0|0|0|0|0|0|0|0|1.6|7|11.7|||||||6.6|7.5|8.4|||||||||||||||||||||||||||||||||"27657475"|"82714086"
"H1"||"H"||1||0|||23|||||0|0|1|0|2|10|80|90|95|75|80|90|65|70|85|40|50|65|35|45.3|75||4.5|||6.1|||8.1|||13.9|||12.7||15|43.2|65|||||||5|11.5|18||||2|4|6||||1|1.13|1.25||||1.06|1.19|1.31||4.2333|9.1722|14.1111|0.14|0.19|0.24||||9.8|22.7|28|3.7|8.5|13.8|39|46|54|0|1.5|2.9|20|31|42|2|7|12|0|1|7|".32"|".32"|0|0|0|0|0|0|0|0|0|0|0|0|4.7|9.9|14.9|||||||5.1|6.2|7.3|||||||||||||||||||||||||||||||||"27657476"|"82714089"
"H3"||"H"||3||43|||76|||||0|1|1|0|3|10|60|90|95|50|85|85|40|75|85|20|40|50|35|67.5|75||0.3|||4.7|||15|||29.3|||18.2||15|21|65|||||||5|11.5|18||||0|0.25|0.5||||1.6|1.73|1.85||||1.69|1.82|1.91||0.4233|0.9172|4.2333|0.08|0.13|0.18||||4.4|16.6|21|2.1|8.2|13.3|16|29|34|0|1.5|2.9|16|23|30|2|3|12|0|0|2|".37"|".37"|0|0|0|0|0|0|0|0|0|0|0|0|2.5|6.8|10.7|||||||5.6|6.5|7.3|||||||||||||||||||||||||||||||||"27657476"|"82714091"
"H2"||"H"||2||23|||43|||||0|1|1|0|3|10|75|90|95|65|85|90|60|73|85|30|53|65|35|45.3|75||4.5|||6.1|||8.1|||13.9|||12.7||15|43.2|65|||||||5|11.5|18||||0.5|1.25|2||||1.4|1.53|1.65||||1.48|1.61|1.69||4.2333|9.1722|14.1111|0.12|0.17|0.22||||7.5|21.9|27.2|2.7|7.8|13|25|35|41|0|1.5|2.9|17|25|33|2|3|12|0|0|5|".49"|".49"|0|0|0|0|0|0|0|0|0|0|0|0|3.9|8.5|12.9|||||||5.6|6.5|7.3|||||||||||||||||||||||||||||||||"27657476"|"82714092"
"H4"||"H"||4||76|||165|||||0|1|1|0|5|10|50|75|90|35|65|85|30|55|80|25|45|75|35|45.8|75||4.6|||6.2|||8.1|||14.1|||12.8||15|43.7|65|||||||3|10.5|18||||0|0.25|0.5||||1.6|1.73|1.85||||1.71|1.84|1.95||0.4233|0.9172|4.2333|0.07|0.12|0.17||||2.6|16.6|25.5|0.8|5.4|11.9|12|23|34|0|1.5|2.9|0|22|30|0|3|12|0|0|7|".28"|".55"|0|0|20|0|0|0|0|0|0|0|0|0|1.6|6.3|10.7|||||||5.6|7|8.4|||||||||||||||||||||||||||||||||"27657476"|"82714090"
"R"||"R"||||46|||71||||||||||||||||||||||||||||||||||||||||||||||||||||||||||||||||||||||||0.4233|2.3283|4.2333|||||||||||||||||||||||||||||||||0|0|0|0|0|0|0|0|0|||||||||||||||||||||||||||||||||||||||||||||"27657477"|"82714095"
"H1"||"H"||1||0|||13|||||0|1|1|5|10|20|90|95|100|85|90|95|70|82.5|95|50|70|90|25|42.1|50||4|||5.5|||7.4|||13.1|||12.1||30|37.9|65|||||||10|20|30||||2|4|6||||1.3|1.4|1.5||||1.37|1.47|1.54||4.2333|9.1722|14.1111|0.17|0.19|0.21||||12.4|27.1|33.3|6.6|14.5|22.9|31|37|43|0|1.5|2.9|25|38|52|6|13|20|0|8|21|".32"|".32"|0|0|0|0|0|0|0|0|0|0|0|0|8.1|15.3|22.4|||||||5.6|6.7|7.8|||||||||||||||||||||||||||||||||"27657477"|"82714093"
"H2"||"H"||2||13|||46|||||0|3|5|15|25|30|40|70|85|35|50|80|30|45|80|20|35|75|0|42.1|50||4|||5.5|||7.4|||13.1|||12.1||30|37.9|65|||||||10|20|30||||0.5|1.25|2||||1.4|1.55|1.7||||1.55|1.7|1.84||4.2333|9.1722|14.1111|0.06|0.11|0.16||||4.8|14.3|26.4|2.3|7|16.7|11|19|34|0|1.5|2.9|21|32|43|6|8|18|0|0|13|".10"|".37"|0|0|0|0|0|0|0|0|0|0|0|0|6.7|13.1|19.3|||||||6.1|7|7.8|||||||||||||||||||||||||||||||||"27657477"|"82714094"
"R"||"R"||||61|||86||||||||||||||||||||||||||||||||||||||||||||||||||||||||||||||||||||||||0.0706|0.215|141.1111|||||||||||||||||||||||||||||||||0|0|0|0|0|0|0|0|0|||||||||||||||||||||||||||||||||||||||||||||"27657478"|"82714098"
"H2"||"H"||2||8|||61|||||0|1|1|0|1|5|60|90|95|50|85|95|35|62.5|90|20|52.5|75|30|67.5|75||0.3|||4.7|||15|||29.3|||18.2||15|21|65|||||||5|11.5|18||||0|0.5|1||||1.2|1.35|1.5||||1.27|1.42|1.57||4.2333|9.1722|14.1111|0.08|0.14|0.19||||4.4|15.7|20.9|1.9|6.9|11.9|26|42|50|0|1.5|2.9|16|23|31|2|7|12|0|0|7|".32"|".32"|0|3|5|0|0|0|0|0|0|0|0|0|2.5|7.5|11.7|||||||5.6|6.7|7.8|||||||||||||||||||||||||||||||||"27657478"|"82714097"
"H1"||"H"||1||0|||8|||||0|1|1|0|1|5|80|92.5|100|75|87.5|100|65|82.5|100|45|67.5|90|30|30.9|75||2.6|||3.6|||5.1|||9.7|||9.9||15|56.6|65|||||||7|12.5|18||||2|4|6||||1.1|1.25|1.4||||1.16|1.31|1.46||4.2333|9.1722|14.1111|0.15|0.18|0.21||||12|24.7|30.4|5|10.2|16|35|44|53|0|1.5|2.9|22|32|42|3|8|12|0|4|13|".37"|".37"|0|0|0|0|0|0|0|0|0|0|0|0|6.1|10.6|14.9|||||||5.6|6.5|7.3|||||||||||||||||||||||||||||||||"27657478"|"82714096"
"R"||"R"||||63|||88||||||||||||||||||||||||||||||||||||||||||||||||||||||||||||||||||||||||0|0.215|4.2333|||||||||||||||||||||||||||||||||0|0|0|0|0|0|0|0|0|||||||||||||||||||||||||||||||||||||||||||||"27657479"|"82714102"
"H1"||"H"||1||0|||13|||||0|0|0|0|3|5|80|90|100|75|87.5|100|60|80|100|40|65|80|30|32.3|50||2.9|||4|||5.5|||10|||9.9||30|56.2|65|||||||5|11.5|18||||4|6|8||||1.1|1.25|1.4||||1.16|1.31|1.46||4.2333|9.1722|14.1111|0.14|0.17|0.2||||13.6|26|31.9|6.2|11.9|18.3|34|43|52|0|1.5|2.9|25|36|46|2|7|12|0|3|11|".32"|".32"|0|0|0|0|0|0|0|0|0|0|0|0|6.3|12.6|18.6|||||||6.1|7|7.8|||||||||||||||||||||||||||||||||"27657479"|"82714099"
"H3"||"H"||3||43|||63|||||0|0|0|0|3|5|30|45|60|25|40|55|25|40|55|15|32.5|50|30|32.3|50||2.9|||4|||5.5|||10|||9.9||30|56.2|65|||||||5|11.5|18||||0|0.5|1||||1.7|1.83|1.95||||1.88|1.9|2.01||4.2333|9.1722|14.1111|0.03|0.06|0.08||||3.1|12|19|1.1|4.4|9.5||14|21|0|1.5|2.9|25|36|46|2|7|12|0|0|4|".20"|".64"|0|5|10|0|0|0|0|0|0|0|0|0|3.8|8.2|12.4|||||||7.4|7.9|8.4|||||||||||||||||||||||||||||||||"27657479"|"82714101"
"H2"||"H"||2||13|||43|||||0|0|0|0|3|5|40|75|100|35|60|100|30|55|100|20|45|80|30|32.3|50||2.9|||4|||5.5|||10|||9.9||30|56.2|65|||||||5|11.5|18||||0|0.5|1||||1.2|1.35|1.5||||1.28|1.43|1.52||4.2333|9.1722|14.1111|0.09|0.12|0.14||||4.4|16.5|26.6|1.3|5|11|20|34|52|0|1.5|2.9|25|36|46|2|7|12|0|0|11|".24"|".49"|0|1|1|0|0|0|0|0|0|0|0|0|3.8|8.2|12.4|||||||6.1|7|7.8|||||||||||||||||||||||||||||||||"27657479"|"82714100"
"H1"||"H"||1||0|||23|||||0|0|1|0|2|5|80|95|100|75|90|95|50|72.5|95|35|60|85|30|45.3|50||4.5|||6.1|||8.1|||13.9|||12.7||30|43.2|65|||||||5|11.5|18||||2|4|6||||1.3|1.45|1.6||||1.37|1.52|1.67||4.2333|9.1722|14.1111|0.13|0.17|0.2||||10.6|25.8|31.1|4.7|11.4|18|28|38|45|0|1.5|2.9|20|31|42|1|3|5|0|0|7|".28"|".28"|0|0|0|0|0|0|0|0|0|0|0|0|4.7|9.9|14.9|||||||5.6|6.5|7.3|||||||||||||||||||||||||||||||||"27657480"|"82714106"
"H2"||"H"||2||23|||36|||||0|1|1|0|3|5|55|95|95|50|90|90|35|80|90|20|70|80|30|32.3|50||2.9|||4|||5.5|||10|||9.9||30|56.2|65|||||||5|11.5|18||||0|0.5|1||||1.4|1.55|1.7||||1.48|1.63|1.7||4.2333|9.1722|14.1111|0.08|0.14|0.19||||5.6|21.7|26.3|1.9|7.2|11.8|20|36|42|0|1.5|2.9|16|23|31|1|3|5|0|0|3|".49"|".49"|0|0|0|0|0|0|0|0|0|0|0|0|2.5|7.5|11.7|||||||5.6|6.5|7.3|||||||||||||||||||||||||||||||||"27657480"|"82714103"
"H3"||"H"||3||36|||53|||||0|1|1|0|3|5|55|90|95|50|85|90|35|75|90|20|65|80|30|32.3|50||2.9|||4|||5.5|||10|||9.9||30|56.2|65|||||||5|11.5|18||||0|0.5|1||||1.4|1.55|1.7||||1.48|1.63|1.71||4.2333|9.1722|14.1111|0.08|0.14|0.19||||5.6|20.9|26.3|1.9|7|11.8|20|35|42|0|1.5|2.9|16|23|31|1|3|5|0|0|3|".55"|".55"|0|5|10|0|0|0|0|0|0|0|0|0|2.5|7.5|11.7|||||||5.6|6.7|7.8|||||||||||||||||||||||||||||||||"27657480"|"82714104"
"H4"||"H"||4||53|||165|||||0|1|1|0|3|5|40|80|95|35|60|90|20|52.5|85|10|40|70|30|45.8|50||4.6|||6.2|||8.1|||14.1|||12.8||30|43.7|65|||||||3|10.5|18||||0|0.5|1||||1.7|1.78|1.85||||1.82|1.9|2.02||1.4111|7.7611|14.1111|0.07|0.13|0.19||||2.6|16.2|27.3|0.9|5.6|13.5|12|21|31|0|1.5|2.9|0|23|31|0|2|5|0|0|2|".24"|".49"|10|15|25|0|0|0|0|0|0|0|0|0|1.6|7|11.7|||||||6.6|7.5|8.4|||||||||||||||||||||||||||||||||"27657480"|"82714105"
"H1"||"H"||1||0|||23|||||0|0|1|0|2|10|80|90|95|75|80|90|65|70|85|40|50|65|35|45.3|75||4.5|||6.1|||8.1|||13.9|||12.7||15|43.2|65|||||||5|11.5|18||||2|4|6||||1|1.13|1.25||||1.06|1.19|1.31||4.2333|9.1722|14.1111|0.14|0.19|0.24||||9.8|22.7|28|3.7|8.5|13.8|39|46|54|0|1.5|2.9|20|31|42|2|7|12|0|1|7|".32"|".32"|0|0|0|0|0|0|0|0|0|0|0|0|4.7|9.9|14.9|||||||5.1|6.2|7.3|||||||||||||||||||||||||||||||||"27657481"|"82714107"
"H3"||"H"||3||43|||76|||||0|1|1|0|3|10|60|90|95|50|85|85|40|75|85|20|40|50|35|67.5|75||0.3|||4.7|||15|||29.3|||18.2||15|21|65|||||||5|11.5|18||||0|0.25|0.5||||1.6|1.73|1.85||||1.69|1.82|1.91||0.4233|0.9172|4.2333|0.08|0.13|0.18||||4.4|16.6|21|2.1|8.2|13.3|16|29|34|0|1.5|2.9|16|23|30|2|3|12|0|0|2|".37"|".37"|0|0|0|0|0|0|0|0|0|0|0|0|2.5|6.8|10.7|||||||5.6|6.5|7.3|||||||||||||||||||||||||||||||||"27657481"|"82714109"
"H2"||"H"||2||23|||43|||||0|1|1|0|3|10|75|90|95|65|85|90|60|73|85|30|53|65|35|45.3|75||4.5|||6.1|||8.1|||13.9|||12.7||15|43.2|65|||||||5|11.5|18||||0.5|1.25|2||||1.4|1.53|1.65||||1.48|1.61|1.69||4.2333|9.1722|14.1111|0.12|0.17|0.22||||7.5|21.9|27.2|2.7|7.8|13|25|35|41|0|1.5|2.9|17|25|33|2|3|12|0|0|5|".49"|".49"|0|0|0|0|0|0|0|0|0|0|0|0|3.9|8.5|12.9|||||||5.6|6.5|7.3|||||||||||||||||||||||||||||||||"27657481"|"82714110"
"H4"||"H"||4||76|||165|||||0|1|1|0|5|10|50|75|90|35|65|85|30|55|80|25|45|75|35|45.8|75||4.6|||6.2|||8.1|||14.1|||12.8||15|43.7|65|||||||3|10.5|18||||0|0.25|0.5||||1.6|1.73|1.85||||1.71|1.84|1.95||0.4233|0.9172|4.2333|0.07|0.12|0.17||||2.6|16.6|25.5|0.8|5.4|11.9|12|23|34|0|1.5|2.9|0|22|30|0|3|12|0|0|7|".28"|".55"|0|0|20|0|0|0|0|0|0|0|0|0|1.6|6.3|10.7|||||||5.6|7|8.4|||||||||||||||||||||||||||||||||"27657481"|"82714108"
"R"||"R"||||46|||71||||||||||||||||||||||||||||||||||||||||||||||||||||||||||||||||||||||||0.4233|2.3283|4.2333|||||||||||||||||||||||||||||||||0|0|0|0|0|0|0|0|0|||||||||||||||||||||||||||||||||||||||||||||"27657482"|"82714113"
"H1"||"H"||1||0|||13|||||0|1|1|5|10|20|90|95|100|85|90|95|70|82.5|95|50|70|90|25|42.1|50||4|||5.5|||7.4|||13.1|||12.1||30|37.9|65|||||||10|20|30||||2|4|6||||1.3|1.4|1.5||||1.37|1.47|1.54||4.2333|9.1722|14.1111|0.17|0.19|0.21||||12.4|27.1|33.3|6.6|14.5|22.9|31|37|43|0|1.5|2.9|25|38|52|6|13|20|0|8|21|".32"|".32"|0|0|0|0|0|0|0|0|0|0|0|0|8.1|15.3|22.4|||||||5.6|6.7|7.8|||||||||||||||||||||||||||||||||"27657482"|"82714111"
"H2"||"H"||2||13|||46|||||0|3|5|15|25|30|40|70|85|35|50|80|30|45|80|20|35|75|0|42.1|50||4|||5.5|||7.4|||13.1|||12.1||30|37.9|65|||||||10|20|30||||0.5|1.25|2||||1.4|1.55|1.7||||1.55|1.7|1.84||4.2333|9.1722|14.1111|0.06|0.11|0.16||||4.8|14.3|26.4|2.3|7|16.7|11|19|34|0|1.5|2.9|21|32|43|6|8|18|0|0|13|".10"|".37"|0|0|0|0|0|0|0|0|0|0|0|0|6.7|13.1|19.3|||||||6.1|7|7.8|||||||||||||||||||||||||||||||||"27657482"|"82714112"
"R"||"R"||||61|||86||||||||||||||||||||||||||||||||||||||||||||||||||||||||||||||||||||||||0.0706|0.215|141.1111|||||||||||||||||||||||||||||||||0|0|0|0|0|0|0|0|0|||||||||||||||||||||||||||||||||||||||||||||"27657483"|"82714116"
"H2"||"H"||2||8|||61|||||0|1|1|0|1|5|60|90|95|50|85|95|35|62.5|90|20|52.5|75|30|67.5|75||0.3|||4.7|||15|||29.3|||18.2||15|21|65|||||||5|11.5|18||||0|0.5|1||||1.2|1.35|1.5||||1.27|1.42|1.57||4.2333|9.1722|14.1111|0.08|0.14|0.19||||4.4|15.7|20.9|1.9|6.9|11.9|26|42|50|0|1.5|2.9|16|23|31|2|7|12|0|0|7|".32"|".32"|0|3|5|0|0|0|0|0|0|0|0|0|2.5|7.5|11.7|||||||5.6|6.7|7.8|||||||||||||||||||||||||||||||||"27657483"|"82714115"
"H1"||"H"||1||0|||8|||||0|1|1|0|1|5|80|92.5|100|75|87.5|100|65|82.5|100|45|67.5|90|30|30.9|75||2.6|||3.6|||5.1|||9.7|||9.9||15|56.6|65|||||||7|12.5|18||||2|4|6||||1.1|1.25|1.4||||1.16|1.31|1.46||4.2333|9.1722|14.1111|0.15|0.18|0.21||||12|24.7|30.4|5|10.2|16|35|44|53|0|1.5|2.9|22|32|42|3|8|12|0|4|13|".37"|".37"|0|0|0|0|0|0|0|0|0|0|0|0|6.1|10.6|14.9|||||||5.6|6.5|7.3|||||||||||||||||||||||||||||||||"27657483"|"82714114"
"R"||"R"||||63|||88||||||||||||||||||||||||||||||||||||||||||||||||||||||||||||||||||||||||0|0.215|4.2333|||||||||||||||||||||||||||||||||0|0|0|0|0|0|0|0|0|||||||||||||||||||||||||||||||||||||||||||||"27657484"|"82714119"
"H1"||"H"||1||0|||13|||||0|0|0|0|3|5|80|90|100|75|87.5|100|60|80|100|40|65|80|30|32.3|50||2.9|||4|||5.5|||10|||9.9||30|56.2|65|||||||5|11.5|18||||4|6|8||||1.1|1.25|1.4||||1.16|1.31|1.46||4.2333|9.1722|14.1111|0.14|0.17|0.2||||13.6|26|31.9|6.2|11.9|18.3|34|43|52|0|1.5|2.9|25|36|46|2|7|12|0|3|11|".32"|".32"|0|0|0|0|0|0|0|0|0|0|0|0|6.3|12.6|18.6|||||||6.1|7|7.8|||||||||||||||||||||||||||||||||"27657484"|"82714117"
"H3"||"H"||3||43|||63|||||0|0|0|0|3|5|30|45|60|25|40|55|25|40|55|15|32.5|50|30|32.3|50||2.9|||4|||5.5|||10|||9.9||30|56.2|65|||||||5|11.5|18||||0|0.5|1||||1.7|1.83|1.95||||1.88|1.9|2.01||4.2333|9.1722|14.1111|0.03|0.06|0.08||||3.1|12|19|1.1|4.4|9.5||14|21|0|1.5|2.9|25|36|46|2|7|12|0|0|4|".20"|".64"|0|5|10|0|0|0|0|0|0|0|0|0|3.8|8.2|12.4|||||||7.4|7.9|8.4|||||||||||||||||||||||||||||||||"27657484"|"82714118"
"H2"||"H"||2||13|||43|||||0|0|0|0|3|5|40|75|100|35|60|100|30|55|100|20|45|80|30|32.3|50||2.9|||4|||5.5|||10|||9.9||30|56.2|65|||||||5|11.5|18||||0|0.5|1||||1.2|1.35|1.5||||1.28|1.43|1.52||4.2333|9.1722|14.1111|0.09|0.12|0.14||||4.4|16.5|26.6|1.3|5|11|20|34|52|0|1.5|2.9|25|36|46|2|7|12|0|0|11|".24"|".49"|0|1|1|0|0|0|0|0|0|0|0|0|3.8|8.2|12.4|||||||6.1|7|7.8|||||||||||||||||||||||||||||||||"27657484"|"82714120"
"R"||"R"||||46|||71||||||||||||||||||||||||||||||||||||||||||||||||||||||||||||||||||||||||0.4233|2.3283|4.2333|||||||||||||||||||||||||||||||||0|0|0|0|0|0|0|0|0|||||||||||||||||||||||||||||||||||||||||||||"27657485"|"82714122"
"H1"||"H"||1||0|||13|||||0|1|1|5|10|20|90|95|100|85|90|95|70|82.5|95|50|70|90|25|42.1|50||4|||5.5|||7.4|||13.1|||12.1||30|37.9|65|||||||10|20|30||||2|4|6||||1.3|1.4|1.5||||1.37|1.47|1.54||4.2333|9.1722|14.1111|0.17|0.19|0.21||||12.4|27.1|33.3|6.6|14.5|22.9|31|37|43|0|1.5|2.9|25|38|52|6|13|20|0|8|21|".32"|".32"|0|0|0|0|0|0|0|0|0|0|0|0|8.1|15.3|22.4|||||||5.6|6.7|7.8|||||||||||||||||||||||||||||||||"27657485"|"82714123"
"H2"||"H"||2||13|||46|||||0|3|5|15|25|30|40|70|85|35|50|80|30|45|80|20|35|75|0|42.1|50||4|||5.5|||7.4|||13.1|||12.1||30|37.9|65|||||||10|20|30||||0.5|1.25|2||||1.4|1.55|1.7||||1.55|1.7|1.84||4.2333|9.1722|14.1111|0.06|0.11|0.16||||4.8|14.3|26.4|2.3|7|16.7|11|19|34|0|1.5|2.9|21|32|43|6|8|18|0|0|13|".10"|".37"|0|0|0|0|0|0|0|0|0|0|0|0|6.7|13.1|19.3|||||||6.1|7|7.8|||||||||||||||||||||||||||||||||"27657485"|"82714121"
"R"||"R"||||61|||86||||||||||||||||||||||||||||||||||||||||||||||||||||||||||||||||||||||||0.0706|0.215|141.1111|||||||||||||||||||||||||||||||||0|0|0|0|0|0|0|0|0|||||||||||||||||||||||||||||||||||||||||||||"27657486"|"82714126"
"H2"||"H"||2||8|||61|||||0|1|1|0|1|5|60|90|95|50|85|95|35|62.5|90|20|52.5|75|30|67.5|75||0.3|||4.7|||15|||29.3|||18.2||15|21|65|||||||5|11.5|18||||0|0.5|1||||1.2|1.35|1.5||||1.27|1.42|1.57||4.2333|9.1722|14.1111|0.08|0.14|0.19||||4.4|15.7|20.9|1.9|6.9|11.9|26|42|50|0|1.5|2.9|16|23|31|2|7|12|0|0|7|".32"|".32"|0|3|5|0|0|0|0|0|0|0|0|0|2.5|7.5|11.7|||||||5.6|6.7|7.8|||||||||||||||||||||||||||||||||"27657486"|"82714125"
"H1"||"H"||1||0|||8|||||1|1|5|5|5|15|55|85|85|50|80|80|45|60|75|30|60|65|30|30.9|75||2.6|||3.6|||5.1|||9.7|||9.9||15|56.6|65|||||||7|12.5|18||||2|4|6||||1.1|1.25|1.4||||1.17|1.32|1.47||4.2333|9.1722|14.1111|0.09|0.13|0.16||||8.4|23.1|26.3|3.5|9.5|13.8|25|41|46|0|1.5|2.9|22|32|42|3|8|12|0|3|7|".37"|".37"|0|0|0|0|0|0|0|0|0|0|0|0|6.1|10.6|14.9|||||||5.6|6.5|7.3|||||||||||||||||||||||||||||||||"27657486"|"82714124"
"R"||"R"||||69|||94||||||||||||||||||||||||||||||||||||||||||||||||||||||||||||||||||||||||0.0706|0.215|141.1111|||||||||||||||||||||||||||||||||0|0|0|0|0|0|0|0|0|||||||||||||||||||||||||||||||||||||||||||||"27657487"|"82714128"
"H1"||"H"||1||0|||23|||||0|0|1|0|2|20|65|90|95|50|85|95|50|62.5|75|45|52.5|65|25|45.4|50||4.5|||6.1|||8.1|||14|||12.7||30|41.6|65|||||||8|13|18||||2|4|6||||1.1|1.25|1.4||||1.16|1.31|1.46||4.2333|9.1722|14.1111|0.13|0.17|0.2||||8.9|24.5|29.7|3.7|10.3|15.6|24|44|52|0|1.5|2.9|23|32|42|4|8|12|0|2|7|".32"|".32"|0|0|0|0|0|0|0|0|0|0|0|0||||3.1|6|10.3||||4.5|5.3|6|||||||||||||||||||||||||||||||||"27657487"|"82714129"
"H2"||"H"||2||23|||69|||||0|0|1|0|2|10|65|90|90|50|82.5|85|50|62.5|75|40|52.5|65|30|70.5|75||0.1|||3.3|||16|||33.8|||17.3||15|16.5|65|||||||8|13|18||||0.5|1.25|2||||1.2|1.35|1.5||||1.27|1.42|1.57||4.2333|9.1722|14.1111|0.1|0.13|0.16||||6.8|17.1|20.6|3.4|8.5|12.3|25|41|47|0|1.5|2.9|20|26|33|0|2|4|0|0|1|".32"|".32"|0|0|0|0|0|0|0|0|0|0|0|0||||1.8|3.7|8.2||||4.5|5.3|6|||||||||||||||||||||||||||||||||"27657487"|"82714127"
"R"||"R"||||63|||88||||||||||||||||||||||||||||||||||||||||||||||||||||||||||||||||||||||||0|0.215|4.2333|||||||||||||||||||||||||||||||||0|0|0|0|0|0|0|0|0|||||||||||||||||||||||||||||||||||||||||||||"27657488"|"82714133"
"H1"||"H"||1||0|||13|||||0|0|0|0|3|5|80|90|100|75|87.5|100|60|80|100|40|65|80|30|32.3|50||2.9|||4|||5.5|||10|||9.9||30|56.2|65|||||||5|11.5|18||||4|6|8||||1.1|1.25|1.4||||1.16|1.31|1.46||4.2333|9.1722|14.1111|0.14|0.17|0.2||||13.6|26|31.9|6.2|11.9|18.3|34|43|52|0|1.5|2.9|25|36|46|2|7|12|0|3|11|".32"|".32"|0|0|0|0|0|0|0|0|0|0|0|0|6.3|12.6|18.6|||||||6.1|7|7.8|||||||||||||||||||||||||||||||||"27657488"|"82714130"
"H3"||"H"||3||43|||63|||||0|0|0|0|3|5|30|45|60|25|40|55|25|40|55|15|32.5|50|30|32.3|50||2.9|||4|||5.5|||10|||9.9||30|56.2|65|||||||5|11.5|18||||0|0.5|1||||1.7|1.83|1.95||||1.88|1.9|2.01||4.2333|9.1722|14.1111|0.03|0.06|0.08||||3.1|12|19|1.1|4.4|9.5||14|21|0|1.5|2.9|25|36|46|2|7|12|0|0|4|".20"|".64"|0|5|10|0|0|0|0|0|0|0|0|0|3.8|8.2|12.4|||||||7.4|7.9|8.4|||||||||||||||||||||||||||||||||"27657488"|"82714132"
"H2"||"H"||2||13|||43|||||0|0|0|0|3|5|40|75|100|35|60|100|30|55|100|20|45|80|30|32.3|50||2.9|||4|||5.5|||10|||9.9||30|56.2|65|||||||5|11.5|18||||0|0.5|1||||1.2|1.35|1.5||||1.28|1.43|1.52||4.2333|9.1722|14.1111|0.09|0.12|0.14||||4.4|16.5|26.6|1.3|5|11|20|34|52|0|1.5|2.9|25|36|46|2|7|12|0|0|11|".24"|".49"|0|1|1|0|0|0|0|0|0|0|0|0|3.8|8.2|12.4|||||||6.1|7|7.8|||||||||||||||||||||||||||||||||"27657488"|"82714131"
"H1"||"H"||1||0|||15|||||0|0|0|0|0|15|85|95|100|75|92|100|50|70|90|30|60|90|44|67.6|85||0.1|||3.1|||15.3|||32.4|||16.7||0|20.4|49|||||||4|12|22||||2|4|6||||1.1|1.25|1.4|||||1.31|||4|9|14|0.11|0.15|0.19|||||20.1|||11|||47||0|1.5|2.9|30|35|40|5|7.5|10|0|3|11|".17"|".17"|0|0|0|0|0|0|0|0|0|0|0|0|2.2|6.6|12.1|||||||5.1|6.6|7.3|||||||||||||||||||||||||||||||||"27657555"|"82714425"
"H2"||"H"||2||15|||71|||||0|0|0|0|3|15|80|92|95|60|85|90|40|60|90|25|40|80|15|71.3|85||0.1|||3.3|||16.2|||34.2|||17.5||0|16.7|80|||||||4|12|18||||0|1|2||||1.3|1.45|1.6|||||1.52|||4|9|14|0.09|0.14|0.19|||||16.9|||8.2|||38||0|1.5|2.9|20|25|30|5|7.5|10|0|0|6|".28"|".28"|0|0|0|0|0|0|0|0|0|0|0|0|2.1|6.5|9.8|||||||5.1|6.2|7.3|||||||||||||||||||||||||||||||||"27657555"|"82714426"
"H4"||"H"||4||107|||183|||||0|0|0|0|3|15|65|75|90|50|65|90|35|50|90|20|35|80|15|68.5|85||0.3|||4.7|||15.2|||29.8|||18.5||0|21.5|80|||||||4|10|20||||0|0.5|1||||1.5|1.6|1.7|||||1.7|||1.4|2.7|4|0.08|0.11|0.14|||||13.1|||5.9|||28||0|1.5|2.9|20|25|30|5|7.5|10|0|0|6|".20"|".37"|0|2|5|0|0|0|0|0|0|0|0|0|2.1|5.4|10.7|||||||6.6|7.2|8.4|||||||||||||||||||||||||||||||||"27657555"|"82714428"
"H3"||"H"||3||71|||107|||||0|0|0|0|3|15|70|85|95|55|70|90|40|60|90|25|50|80|15|44.8|85||4.4|||6|||8|||13.8|||12.6||0|41.2|80|||||||4|14|22||||0|0.5|1||||1.3|1.45|1.6|||||1.53|||1.4|7.7|14|0.09|0.14|0.19|||||19.6|||7|||34||0|1.5|2.9|20|25|30|5|7.5|10|0|0|6|".24"|".43"|0|0|0|0|0|0|0|0|0|0|0|0|2.1|7.5|11.8|||||||5.6|6.6|7.3|||||||||||||||||||||||||||||||||"27657555"|"82714427"
"Cd1"||"C"||1||53|||91|||||0|0|15|0|5|25|55|90|95|50|85|90|25|75|90|10|40|80|33|62.6|85||4.1|||6.1|||8.5|||23.3|||20.6||0|28.8|50||14.1|||14.7||0|8.6|17|0|0|10|0.1|0.1|1||||1.7|1.9|2.2|||||1.94|||0.42|0.91|1.4|0|0.07|0.1|||||19|||11|||||0|0.1|2.9|0|14|25|0|0|6|0|0|3|".49"|".49"|3|15|25|0|0|0|0|0|0|0|0|0|1|4|10|||||19||7.4|8.4|9||7.8|||||||||||||||||||||||||||||"Very high"|"Moist"|"27657556"|"82714432"
"Cd2"||"C"||2||91|||122|||||0|0|15|0|5|25|55|95|95|50|90|90|25|75|90|10|40|80|33|67.4|85||4.6|||7|||10.4|||23.1|||22.3||0|24.5|50||10.9|||13.6||0|8.1|17|0|0|10|0.1|0.1|1||||1.75|2.02|2.2|||||2.06|||0.42|0.91|1.4|0|0|0.1|||||16|||10|||||0|0|2.9|0|0|25|0|0|6|0|0|3|".49"|".49"|3|20|25|0|0|0|0|0|0|0|0|0|1|3|10|||||21.2||7.4|8.5|9||7.8|||||||||||||||||||||||||||||"Very high"|"Moist"|"27657556"|"82714433"
"Cd3"||"C"||3||122|||183|||||0|0|15|0|5|25|55|95|95|50|90|90|25|75|90|10|40|80|33|66.4|85||4.2|||6.4|||7.7|||24.5|||23.6||0|24.2|50||9.8|||14.4||0|9.4|17|0|0.7|10|0.1|0.1|1||||1.75|2|2.2|||||2.04|||0.42|0.91|1.4|0|0|0.1|||||16|||10|||||0|2|2.9|0|13|25|0|1|6|0|0|3|".49"|".49"|3|20|25|0|0|0|0|0|0|0|0|0|1|3.5|10|||||24.9||7.4|8.5|9||7.8|||||||||||||||||||||||||||||"Very high"|"Moist"|"27657556"|"82714434"
"Ap"||"A"||||0|||23|||||0|0|15|0|0|25|55|95|95|50|90|90|25|80|90|10|45|80|33|56.8|85||1.8|||5.6|||8.2|||24.1|||17.1||0|31.9|50||18.5|||13.4||0|11.3|17|0|0.4|10|1|4|15||||0.85|1.26|1.55|||||1.35|||4|20|42|0.06|0.15|0.24|||||26|||11|||||0|2.9|2.9|0|0|50|0|0|6|0|0|8|".20"|".20"|0|0|0|0|0|0|0|0|0|0|0|0|5|14|25|||||13.7||5.6|7.6|7.8||7|||||||||||||||||||||||||||||"Moderate"|"Moist"|"27657556"|"82714429"
"BC"||"BC"||||36|||53|||||0|0|15|0|2|25|55|95|95|50|90|90|25|80|90|10|45|80|33|56.9|85||2|||4.7|||7.8|||24.2|||18.2||0|31.6|50||16.6|||15||0|11.5|17|0|4.8|10|0.1|0.6|3||||1.3|1.59|1.65|||||1.62|||4|20|42|0.05|0.1|0.18|||||22|||11|||||0|2|2.9|0|18|30|0|3|6|0|0|4|".43"|".43"|0|0|0|0|0|0|0|0|0|0|0|0|3|10.5|20|||||4.5||5.6|7.7|7.8||7.2|||||||||||||||||||||||||||||"Moderate"|"Moist"|"27657556"|"82714431"
"Bw"||"B"||||23|||36|||||0|0|15|0|0|25|55|95|95|50|90|90|25|80|90|10|45|80|33|59.2|85||1.7|||5.3|||10|||24.5|||17.7||0|31.2|50||16.5|||14.7||0|9.6|17|0|0.2|10|0.1|1|5||||1.2|1.49|1.65|||||1.53|||4|20|42|0.05|0.13|0.19|||||22|||9|||||0|2|2.9|0|0|30|0|0|6|0|0|4|".43"|".43"|0|0|0|0|0|0|0|0|0|0|0|0|3|9|20|||||3.9||5.6|7.4|7.8||6.9|||||||||||||||||||||||||||||"Moderate"|"Moist"|"27657556"|"82714430"
"R"||"R"||||89|||183|||||0|0|0|0|0|0||||||||||||||0|||0|||0|||0|||0|||0|||0|||||||||0|||||0|0|0||||||||||||||0|0.01|42|0|0|0||||||||||||||0|||||||||||||0|0|0|0|0|0|0|0|0|0|0|0|||||||||||||||||||||||||||||||||||||||||||"Extremely high"|"Dry"|"27657557"|"82714439"
"Ap"||"A"||||0|||13|||||0|0|15|0|0|25|55|95|95|50|90|90|25|75|90|10|55|90|15|46|85||4.6|||6.2|||8.2|||14.1|||12.9||0|44|80|||||||0|10|17|0|0|0|1|4|15||||0.85|1.26|1.45|||||1.35|||4|14|42|0.05|0.15|0.28|||||26|||11|||||0|1.5|2.9|0|25|50|0|3|6|0|0|10|".28"|".28"|0|0|0|0|0|0|0|0|0|0|0|0|5|15|25|||||10||5.6|6.8|7.3|||||||||||||||||||||||||||||||"Moderate"|"Moist"|"27657557"|"82714435"
"Bw1"||"B"||1||13|||23|||||0|0|15|0|0|25|55|95|95|50|90|90|25|80|90|10|35|90|15|68.5|85||0.3|||4.7|||15.2|||29.8|||18.5||0|21.5|80|||||||0|10|17|0|0|0|0.1|1|5||||1.2|1.47|1.55|||||1.51|||4|20|42|0.05|0.1|0.21|||||21|||10|||||0|0.5|2.9|0|17|30|0|3|6|0|0|5|".32"|".32"|0|0|0|0|0|0|0|0|0|0|0|0|3|9|20|||||4||5.6|6.8|7.8|||||||||||||||||||||||||||||||"Moderate"|"Moist"|"27657557"|"82714436"
"Bw2"||"B"||2||23|||46|||||0|0|15|0|0|25|55|95|95|50|90|90|25|80|90|10|35|90|15|68.5|85||0.3|||4.7|||15.2|||29.8|||18.5||0|21.5|80|||||||0|10|17|0|0|0|0.1|1|5||||1.2|1.47|1.55|||||1.51|||4|20|42|0.05|0.1|0.21|||||21|||10|||||0|0.5|2.9|0|17|30|0|3|6|0|0|5|".32"|".32"|0|0|0|0|0|0|0|0|0|0|0|0|3|9|20|||||4||5.6|6.8|7.8|||||||||||||||||||||||||||||||"Moderate"|"Moist"|"27657557"|"82714437"
"C"||"C"||||46|||89|||||0|0|10|0|10|25|55|75|95|50|70|90|25|60|90|10|30|90|15|64.3|85||4.7|||3.1|||14.2|||25.2|||17.1||0|30.7|80|||||||0|5|17|0|0|10|0.1|0.1|1||||1.45|1.65|1.75|||||1.68|||4|15|42|0.05|0.09|0.21|||||22|||10|||||0|0.1|2.9|0|10|25|0|1|6|0|0|3|".28"|".49"|3|15|25|0|0|0|0|0|0|0|0|0|1|5|10|||||20||7.4|8|8.4|||||||||||||||||||||||||||||||"High"|"Moist"|"27657557"|"82714438"
"C"||"C"||||61|||183|||||0|0|15|0|5|25|40|80|95|35|75|90|20|55|90|5|35|80|33|65.6|85||5.8|||12.8|||15.5|||19.4|||12.1||0|29.4|50|||||||0|5|17|0|0|10|0.1|0.3|1||||1.45|1.62|1.75|||||1.65|||1.4|20|42|0.03|0.09|0.14|||||22|||11|||||0|0.1|2.9|0|10|25|0|1|6|0|0|3|".20"|".37"|2|10|25|0|0|0|0|0|0|0|0|0|1|5|10|||||20||6.6|7.6|8.4|||||||||||||||||||||||||||||||"High"|"Moist"|"27657558"|"82714443"
"Bw2"||"B"||2||46|||61|||||0|0|15|0|0|25|55|90|95|50|85|90|25|75|90|10|55|80|33|43.8|85||4.3|||5.9|||7.8|||13.5|||12.3||0|40.2|50|||||||0|16|17|0|0|0|0.1|1|5||||1.2|1.47|1.65|||||1.51|||4|14|42|0.05|0.14|0.19|||||23|||10|||||0|1|2.9|0|23|30|0|6|6|0|0|4|".37"|".37"|0|0|0|0|0|0|0|0|0|0|0|0|3|9|20|||||4||5.6|7.2|7.3|||||||||||||||||||||||||||||||"Moderate"|"Moist"|"27657558"|"82714442"
"Ap"||"A"||||0|||23|||||0|0|15|0|5|25|55|80|95|50|75|90|25|70|90|10|55|90|15|32.1|85||2.9|||4|||5.4|||9.9|||9.9||0|55.9|80|||||||0|12|17|0|0|0|1|8|20||||0.7|1.06|1.55|||||1.13|||4|14|42|0.05|0.17|0.3|||||30|||11|||||0|2.9|2.9|0|30|60|0|4|6|0|0|13|".20"|".37"|0|0|0|0|0|0|0|0|0|0|0|0|5|15|25|||||10||5.6|6.4|7.3|||||||||||||||||||||||||||||||"Moderate"|"Moist"|"27657558"|"82714440"
"Bw1"||"B"||1||23|||46|||||0|0|15|0|0|25|55|90|95|50|85|90|25|75|90|10|60|80|33|45|85||4.5|||6.1|||8|||13.8|||12.6||0|43|50|||||||0|12|17|0|0|0|0.1|1|5||||1.2|1.47|1.65|||||1.51|||4|14|42|0.05|0.14|0.19|||||23|||10|||||0|1|2.9|0|20|30|0|4|6|0|0|4|".43"|".43"|0|0|0|0|0|0|0|0|0|0|0|0|3|9|20|||||4||5.6|7|7.3|||||||||||||||||||||||||||||||"Moderate"|"Moist"|"27657558"|"82714441"
"C"||"C"|||38|94|105|200|200|200||106||0|0|10|0|8|20|40|75|95|35|70|90|20|55|90|5|30|90|14|66|76|0|7|12|1|12|18|1|12|21|4|20|41|5|15|28|15|29|77|7|16|48|8|13|54|1|5|18|0|0|4|0.01|0.2|1||||1.47|1.63|2.2||||1.5|1.66|2.24||0.1|20|100|0.04|0.08|0.2||||5|15|20|2|5|15|10|25|40|0|0.3|1.8|2|8|25|0|1|7|0|0|4|".20"|".37"|5|18|35|0|0|0|0|0|0|0|0|0|1|5|15||||1|20|55|6.6|8.2|8.4||||||||||0.1|1|5|||||||||||||||||||"Moderate"|"Moist"|"27657559"|"82714446"
"BC"||"BC"|||33|68|84|38|94|105||26||0|0|5|0|3|15|55|85|95|50|80|90|25|70|90|10|50|90|14|44|76|0|3|12|1|6|18|1|6|21|4|15|41|5|14|28|15|44|77|7|20|48|8|24|54|1|12|18|0|0|0|0.1|0.5|2||||1.39|1.51|1.73||||1.42|1.54|1.76||0.1|14|100|0.05|0.13|0.2||||5|15|25|2|5|15|10|25|45|0|0.8|1.8|2|19|27|0|4|7|0|0|5|".32"|".49"|0|6|30|0|0|0|0|0|0|0|0|0|1|5|15||||1|12|55|5.6|7.2|7.8||||||||||1|2|5|||||||||||||||||||"Moderate"|"Moist"|"27657559"|"82714447"
"Bw1"||"B"||1|8|20|28|13|45|52||25||0|0|5|0|0|15|55|95|95|50|90|90|25|80|90|10|55|90|14|44|76|0|3|12|1|6|18|1|6|21|4|15|41|5|14|28|15|44|77|7|20|48|8|24|54|1|12|18|0|0|0|0.1|1|5||||1.21|1.47|1.63||||1.25|1.51|1.68||1|14|100|0.05|0.14|0.22||||10|20|35|3|7|20|15|35|50|0|1.1|2.5|2|20|33|0|4|7|0|0|6|".43"|".43"|0|0|10|0|0|0|0|0|0|0|0|0|3|10|25||||1|5|45|5.6|6.8|7.3||||||||||1|5|15|||||||||||||||||||"Moderate"|"Moist"|"27657559"|"82714444"
"Bw2"||"B"||2|13|45|52|33|68|84||23||0|0|5|0|2|15|55|90|95|50|85|90|25|75|90|10|55|90|14|44|76|0|3|12|1|6|18|1|6|21|4|15|41|5|14|28|15|44|77|7|20|48|8|24|54|1|12|18|0|0|0|0.1|1|5||||1.21|1.47|1.63||||1.25|1.51|1.68||1|14|100|0.05|0.13|0.22||||10|20|35|3|7|20|15|35|50|0|1|2.5|2|20|33|0|4|7|0|0|6|".43"|".43"|0|0|10|0|0|0|0|0|0|0|0|0|3|10|25||||1|5|45|5.6|7|7.3||||||||||1|5|15|||||||||||||||||||"Moderate"|"Moist"|"27657559"|"82714445"
"Ap"||"A"|||0|0|0|8|20|28||20||0|0|5|0|0|15|55|95|95|50|90|90|25|80|90|10|55|90|14|44|76|0|3|12|1|6|18|1|6|21|4|15|41|5|14|28|15|44|77|7|20|48|8|24|54|1|12|18|0|0|0|1|4|10||||0.99|1.27|1.55||||1.07|1.36|1.67||1|9|100|0.05|0.15|0.24||||15|25|40|5|10|20|20|45|60|0.3|1.6|2.8|4|26|43|0|4|7|0|0|9|".28"|".28"|0|0|3|0|0|0|0|0|0|0|0|0|10|15|30||||2|12|40|5.6|6.8|7.3||||||||||2|10|20|||||||||||||||||||"Low"|"Moist"|"27657559"|"82714448"
"H1"||"H"||1||0|||23|||||0|0|1|0|2|10|80|90|95|75|80|90|65|70|85|40|50|65|35|45.3|75||4.5|||6.1|||8.1|||13.9|||12.7||15|43.2|65|||||||5|11.5|18||||2|4|6||||1|1.13|1.25||||1.06|1.19|1.31||4.2333|9.1722|14.1111|0.14|0.19|0.24||||9.8|22.7|28|3.7|8.5|13.8|39|46|54|0|1.5|2.9|20|31|42|2|7|12|0|1|7|".32"|".32"|0|0|0|0|0|0|0|0|0|0|0|0|4.7|9.9|14.9|||||||5.1|6.2|7.3|||||||||||||||||||||||||||||||||"27657560"|"82714449"
"H3"||"H"||3||43|||76|||||0|1|1|0|3|10|60|90|95|50|85|85|40|75|85|20|40|50|35|67.5|75||0.3|||4.7|||15|||29.3|||18.2||15|21|65|||||||5|11.5|18||||0|0.25|0.5||||1.6|1.73|1.85||||1.69|1.82|1.91||0.4233|0.9172|4.2333|0.08|0.13|0.18||||4.4|16.6|21|2.1|8.2|13.3|16|29|34|0|1.5|2.9|16|23|30|2|3|12|0|0|2|".37"|".37"|0|0|0|0|0|0|0|0|0|0|0|0|2.5|6.8|10.7|||||||5.6|6.5|7.3|||||||||||||||||||||||||||||||||"27657560"|"82714451"
"H2"||"H"||2||23|||43|||||0|1|1|0|3|10|75|90|95|65|85|90|60|73|85|30|53|65|35|45.3|75||4.5|||6.1|||8.1|||13.9|||12.7||15|43.2|65|||||||5|11.5|18||||0.5|1.25|2||||1.4|1.53|1.65||||1.48|1.61|1.69||4.2333|9.1722|14.1111|0.12|0.17|0.22||||7.5|21.9|27.2|2.7|7.8|13|25|35|41|0|1.5|2.9|17|25|33|2|3|12|0|0|5|".49"|".49"|0|0|0|0|0|0|0|0|0|0|0|0|3.9|8.5|12.9|||||||5.6|6.5|7.3|||||||||||||||||||||||||||||||||"27657560"|"82714452"
"H4"||"H"||4||76|||165|||||0|1|1|0|5|10|50|75|90|35|65|85|30|55|80|25|45|75|35|45.8|75||4.6|||6.2|||8.1|||14.1|||12.8||15|43.7|65|||||||3|10.5|18||||0|0.25|0.5||||1.6|1.73|1.85||||1.71|1.84|1.95||0.4233|0.9172|4.2333|0.07|0.12|0.17||||2.6|16.6|25.5|0.8|5.4|11.9|12|23|34|0|1.5|2.9|0|22|30|0|3|12|0|0|7|".28"|".55"|0|0|20|0|0|0|0|0|0|0|0|0|1.6|6.3|10.7|||||||5.6|7|8.4|||||||||||||||||||||||||||||||||"27657560"|"82714450"
"H1"||"H"||1||0|||15|||||0|0|0|0|0|15|85|95|100|75|92|100|50|70|90|30|60|90|44|67.6|85||0.1|||3.1|||15.3|||32.4|||16.7||0|20.4|49|||||||4|12|22||||2|4|6||||1.1|1.25|1.4|||||1.31|||4|9|14|0.11|0.15|0.19|||||20.1|||11|||47||0|1.5|2.9|30|35|40|5|7.5|10|0|3|11|".17"|".17"|0|0|0|0|0|0|0|0|0|0|0|0|2.2|6.6|12.1|||||||5.1|6.6|7.3|||||||||||||||||||||||||||||||||"27657561"|"82714453"
"H2"||"H"||2||15|||71|||||0|0|0|0|3|15|80|92|95|60|85|90|40|60|90|25|40|80|15|71.3|85||0.1|||3.3|||16.2|||34.2|||17.5||0|16.7|80|||||||4|12|18||||0|1|2||||1.3|1.45|1.6|||||1.52|||4|9|14|0.09|0.14|0.19|||||16.9|||8.2|||38||0|1.5|2.9|20|25|30|5|7.5|10|0|0|6|".28"|".28"|0|0|0|0|0|0|0|0|0|0|0|0|2.1|6.5|9.8|||||||5.1|6.2|7.3|||||||||||||||||||||||||||||||||"27657561"|"82714454"
"H4"||"H"||4||107|||183|||||0|0|0|0|3|15|65|75|90|50|65|90|35|50|90|20|35|80|15|68.5|85||0.3|||4.7|||15.2|||29.8|||18.5||0|21.5|80|||||||4|10|20||||0|0.5|1||||1.5|1.6|1.7|||||1.7|||1.4|2.7|4|0.08|0.11|0.14|||||13.1|||5.9|||28||0|1.5|2.9|20|25|30|5|7.5|10|0|0|6|".20"|".37"|0|2|5|0|0|0|0|0|0|0|0|0|2.1|5.4|10.7|||||||6.6|7.2|8.4|||||||||||||||||||||||||||||||||"27657561"|"82714456"
"H3"||"H"||3||71|||107|||||0|0|0|0|3|15|70|85|95|55|70|90|40|60|90|25|50|80|15|44.8|85||4.4|||6|||8|||13.8|||12.6||0|41.2|80|||||||4|14|22||||0|0.5|1||||1.3|1.45|1.6|||||1.53|||1.4|7.7|14|0.09|0.14|0.19|||||19.6|||7|||34||0|1.5|2.9|20|25|30|5|7.5|10|0|0|6|".24"|".43"|0|0|0|0|0|0|0|0|0|0|0|0|2.1|7.5|11.8|||||||5.6|6.6|7.3|||||||||||||||||||||||||||||||||"27657561"|"82714455"
"Cd1"||"C"||1||53|||91|||||0|0|15|0|5|25|55|90|95|50|85|90|25|75|90|10|40|80|33|62.6|85||4.1|||6.1|||8.5|||23.3|||20.6||0|28.8|50||14.1|||14.7||0|8.6|17|0|0|10|0.1|0.1|1||||1.7|1.9|2.2|||||1.94|||0.42|0.91|1.4|0|0.07|0.1|||||19|||11|||||0|0.1|2.9|0|14|25|0|0|6|0|0|3|".49"|".49"|3|15|25|0|0|0|0|0|0|0|0|0|1|4|10|||||19||7.4|8.4|9||7.8|||||||||||||||||||||||||||||"Very high"|"Moist"|"27657562"|"82714460"
"Cd2"||"C"||2||91|||122|||||0|0|15|0|5|25|55|95|95|50|90|90|25|75|90|10|40|80|33|67.4|85||4.6|||7|||10.4|||23.1|||22.3||0|24.5|50||10.9|||13.6||0|8.1|17|0|0|10|0.1|0.1|1||||1.75|2.02|2.2|||||2.06|||0.42|0.91|1.4|0|0|0.1|||||16|||10|||||0|0|2.9|0|0|25|0|0|6|0|0|3|".49"|".49"|3|20|25|0|0|0|0|0|0|0|0|0|1|3|10|||||21.2||7.4|8.5|9||7.8|||||||||||||||||||||||||||||"Very high"|"Moist"|"27657562"|"82714461"
"Cd3"||"C"||3||122|||183|||||0|0|15|0|5|25|55|95|95|50|90|90|25|75|90|10|40|80|33|66.4|85||4.2|||6.4|||7.7|||24.5|||23.6||0|24.2|50||9.8|||14.4||0|9.4|17|0|0.7|10|0.1|0.1|1||||1.75|2|2.2|||||2.04|||0.42|0.91|1.4|0|0|0.1|||||16|||10|||||0|2|2.9|0|13|25|0|1|6|0|0|3|".49"|".49"|3|20|25|0|0|0|0|0|0|0|0|0|1|3.5|10|||||24.9||7.4|8.5|9||7.8|||||||||||||||||||||||||||||"Very high"|"Moist"|"27657562"|"82714462"
"Ap"||"A"||||0|||23|||||0|0|15|0|0|25|55|95|95|50|90|90|25|80|90|10|45|80|33|56.8|85||1.8|||5.6|||8.2|||24.1|||17.1||0|31.9|50||18.5|||13.4||0|11.3|17|0|0.4|10|1|4|15||||0.85|1.26|1.55|||||1.35|||4|20|42|0.06|0.15|0.24|||||26|||11|||||0|2.9|2.9|0|0|50|0|0|6|0|0|8|".20"|".20"|0|0|0|0|0|0|0|0|0|0|0|0|5|14|25|||||13.7||5.6|7.6|7.8||7|||||||||||||||||||||||||||||"Moderate"|"Moist"|"27657562"|"82714457"
"BC"||"BC"||||36|||53|||||0|0|15|0|2|25|55|95|95|50|90|90|25|80|90|10|45|80|33|56.9|85||2|||4.7|||7.8|||24.2|||18.2||0|31.6|50||16.6|||15||0|11.5|17|0|4.8|10|0.1|0.6|3||||1.3|1.59|1.65|||||1.62|||4|20|42|0.05|0.1|0.18|||||22|||11|||||0|2|2.9|0|18|30|0|3|6|0|0|4|".43"|".43"|0|0|0|0|0|0|0|0|0|0|0|0|3|10.5|20|||||4.5||5.6|7.7|7.8||7.2|||||||||||||||||||||||||||||"Moderate"|"Moist"|"27657562"|"82714459"
"Bw"||"B"||||23|||36|||||0|0|15|0|0|25|55|95|95|50|90|90|25|80|90|10|45|80|33|59.2|85||1.7|||5.3|||10|||24.5|||17.7||0|31.2|50||16.5|||14.7||0|9.6|17|0|0.2|10|0.1|1|5||||1.2|1.49|1.65|||||1.53|||4|20|42|0.05|0.13|0.19|||||22|||9|||||0|2|2.9|0|0|30|0|0|6|0|0|4|".43"|".43"|0|0|0|0|0|0|0|0|0|0|0|0|3|9|20|||||3.9||5.6|7.4|7.8||6.9|||||||||||||||||||||||||||||"Moderate"|"Moist"|"27657562"|"82714458"
"R"||"R"||||89|||183|||||0|0|0|0|0|0||||||||||||||0|||0|||0|||0|||0|||0|||0|||||||||0|||||0|0|0||||||||||||||0|0.01|42|0|0|0||||||||||||||0|||||||||||||0|0|0|0|0|0|0|0|0|0|0|0|||||||||||||||||||||||||||||||||||||||||||"Extremely high"|"Dry"|"27657563"|"82714467"
"Ap"||"A"||||0|||13|||||0|0|15|0|0|25|55|95|95|50|90|90|25|75|90|10|55|90|15|46|85||4.6|||6.2|||8.2|||14.1|||12.9||0|44|80|||||||0|10|17|0|0|0|1|4|15||||0.85|1.26|1.45|||||1.35|||4|14|42|0.05|0.15|0.28|||||26|||11|||||0|1.5|2.9|0|25|50|0|3|6|0|0|10|".28"|".28"|0|0|0|0|0|0|0|0|0|0|0|0|5|15|25|||||10||5.6|6.8|7.3|||||||||||||||||||||||||||||||"Moderate"|"Moist"|"27657563"|"82714463"
"Bw1"||"B"||1||13|||23|||||0|0|15|0|0|25|55|95|95|50|90|90|25|80|90|10|35|90|15|68.5|85||0.3|||4.7|||15.2|||29.8|||18.5||0|21.5|80|||||||0|10|17|0|0|0|0.1|1|5||||1.2|1.47|1.55|||||1.51|||4|20|42|0.05|0.1|0.21|||||21|||10|||||0|0.5|2.9|0|17|30|0|3|6|0|0|5|".32"|".32"|0|0|0|0|0|0|0|0|0|0|0|0|3|9|20|||||4||5.6|6.8|7.8|||||||||||||||||||||||||||||||"Moderate"|"Moist"|"27657563"|"82714464"
"Bw2"||"B"||2||23|||46|||||0|0|15|0|0|25|55|95|95|50|90|90|25|80|90|10|35|90|15|68.5|85||0.3|||4.7|||15.2|||29.8|||18.5||0|21.5|80|||||||0|10|17|0|0|0|0.1|1|5||||1.2|1.47|1.55|||||1.51|||4|20|42|0.05|0.1|0.21|||||21|||10|||||0|0.5|2.9|0|17|30|0|3|6|0|0|5|".32"|".32"|0|0|0|0|0|0|0|0|0|0|0|0|3|9|20|||||4||5.6|6.8|7.8|||||||||||||||||||||||||||||||"Moderate"|"Moist"|"27657563"|"82714465"
"C"||"C"||||46|||89|||||0|0|10|0|10|25|55|75|95|50|70|90|25|60|90|10|30|90|15|64.3|85||4.7|||3.1|||14.2|||25.2|||17.1||0|30.7|80|||||||0|5|17|0|0|10|0.1|0.1|1||||1.45|1.65|1.75|||||1.68|||4|15|42|0.05|0.09|0.21|||||22|||10|||||0|0.1|2.9|0|10|25|0|1|6|0|0|3|".28"|".49"|3|15|25|0|0|0|0|0|0|0|0|0|1|5|10|||||20||7.4|8|8.4|||||||||||||||||||||||||||||||"High"|"Moist"|"27657563"|"82714466"
"C"||"C"||||61|||183|||||0|0|15|0|5|25|40|80|95|35|75|90|20|55|90|5|35|80|33|65.6|85||5.8|||12.8|||15.5|||19.4|||12.1||0|29.4|50|||||||0|5|17|0|0|10|0.1|0.3|1||||1.45|1.62|1.75|||||1.65|||1.4|20|42|0.03|0.09|0.14|||||22|||11|||||0|0.1|2.9|0|10|25|0|1|6|0|0|3|".20"|".37"|2|10|25|0|0|0|0|0|0|0|0|0|1|5|10|||||20||6.6|7.6|8.4|||||||||||||||||||||||||||||||"High"|"Moist"|"27657564"|"82714471"
"Bw2"||"B"||2||46|||61|||||0|0|15|0|0|25|55|90|95|50|85|90|25|75|90|10|55|80|33|43.8|85||4.3|||5.9|||7.8|||13.5|||12.3||0|40.2|50|||||||0|16|17|0|0|0|0.1|1|5||||1.2|1.47|1.65|||||1.51|||4|14|42|0.05|0.14|0.19|||||23|||10|||||0|1|2.9|0|23|30|0|6|6|0|0|4|".37"|".37"|0|0|0|0|0|0|0|0|0|0|0|0|3|9|20|||||4||5.6|7.2|7.3|||||||||||||||||||||||||||||||"Moderate"|"Moist"|"27657564"|"82714470"
"Ap"||"A"||||0|||23|||||0|0|15|0|5|25|55|80|95|50|75|90|25|70|90|10|55|90|15|32.1|85||2.9|||4|||5.4|||9.9|||9.9||0|55.9|80|||||||0|12|17|0|0|0|1|8|20||||0.7|1.06|1.55|||||1.13|||4|14|42|0.05|0.17|0.3|||||30|||11|||||0|2.9|2.9|0|30|60|0|4|6|0|0|13|".20"|".37"|0|0|0|0|0|0|0|0|0|0|0|0|5|15|25|||||10||5.6|6.4|7.3|||||||||||||||||||||||||||||||"Moderate"|"Moist"|"27657564"|"82714468"
"Bw1"||"B"||1||23|||46|||||0|0|15|0|0|25|55|90|95|50|85|90|25|75|90|10|60|80|33|45|85||4.5|||6.1|||8|||13.8|||12.6||0|43|50|||||||0|12|17|0|0|0|0.1|1|5||||1.2|1.47|1.65|||||1.51|||4|14|42|0.05|0.14|0.19|||||23|||10|||||0|1|2.9|0|20|30|0|4|6|0|0|4|".43"|".43"|0|0|0|0|0|0|0|0|0|0|0|0|3|9|20|||||4||5.6|7|7.3|||||||||||||||||||||||||||||||"Moderate"|"Moist"|"27657564"|"82714469"
"H1"||"H"||1||0|||23|||||0|0|1|0|2|10|80|90|95|75|80|90|65|70|85|40|50|65|35|45.3|75||4.5|||6.1|||8.1|||13.9|||12.7||15|43.2|65|||||||5|11.5|18||||2|4|6||||1|1.13|1.25||||1.06|1.19|1.31||4.2333|9.1722|14.1111|0.14|0.19|0.24||||9.8|22.7|28|3.7|8.5|13.8|39|46|54|0|1.5|2.9|20|31|42|2|7|12|0|1|7|".32"|".32"|0|0|0|0|0|0|0|0|0|0|0|0|4.7|9.9|14.9|||||||5.1|6.2|7.3|||||||||||||||||||||||||||||||||"27657565"|"82714472"
"H3"||"H"||3||43|||76|||||0|1|1|0|3|10|60|90|95|50|85|85|40|75|85|20|40|50|35|67.5|75||0.3|||4.7|||15|||29.3|||18.2||15|21|65|||||||5|11.5|18||||0|0.25|0.5||||1.6|1.73|1.85||||1.69|1.82|1.91||0.4233|0.9172|4.2333|0.08|0.13|0.18||||4.4|16.6|21|2.1|8.2|13.3|16|29|34|0|1.5|2.9|16|23|30|2|3|12|0|0|2|".37"|".37"|0|0|0|0|0|0|0|0|0|0|0|0|2.5|6.8|10.7|||||||5.6|6.5|7.3|||||||||||||||||||||||||||||||||"27657565"|"82714474"
"H2"||"H"||2||23|||43|||||0|1|1|0|3|10|75|90|95|65|85|90|60|73|85|30|53|65|35|45.3|75||4.5|||6.1|||8.1|||13.9|||12.7||15|43.2|65|||||||5|11.5|18||||0.5|1.25|2||||1.4|1.53|1.65||||1.48|1.61|1.69||4.2333|9.1722|14.1111|0.12|0.17|0.22||||7.5|21.9|27.2|2.7|7.8|13|25|35|41|0|1.5|2.9|17|25|33|2|3|12|0|0|5|".49"|".49"|0|0|0|0|0|0|0|0|0|0|0|0|3.9|8.5|12.9|||||||5.6|6.5|7.3|||||||||||||||||||||||||||||||||"27657565"|"82714475"
"H4"||"H"||4||76|||165|||||0|1|1|0|5|10|50|75|90|35|65|85|30|55|80|25|45|75|35|45.8|75||4.6|||6.2|||8.1|||14.1|||12.8||15|43.7|65|||||||3|10.5|18||||0|0.25|0.5||||1.6|1.73|1.85||||1.71|1.84|1.95||0.4233|0.9172|4.2333|0.07|0.12|0.17||||2.6|16.6|25.5|0.8|5.4|11.9|12|23|34|0|1.5|2.9|0|22|30|0|3|12|0|0|7|".28"|".55"|0|0|20|0|0|0|0|0|0|0|0|0|1.6|6.3|10.7|||||||5.6|7|8.4|||||||||||||||||||||||||||||||||"27657565"|"82714473"
"Ap"||"A"|||0|0|0|8|20|28||20||0|0|5|0|0|15|55|95|95|50|90|90|25|80|90|10|55|90|14|44|76|0|3|12|1|6|18|1|6|21|4|15|41|5|14|28|15|44|77|7|20|48|8|24|54|1|12|18|0|0|0|1|4|10||||0.99|1.27|1.55||||1.07|1.36|1.67||1|9|100|0.05|0.15|0.24||||15|25|40|5|10|20|20|45|60|0.3|1.6|2.8|4|26|43|0|4|7|0|0|9|".28"|".28"|0|0|3|0|0|0|0|0|0|0|0|0|10|15|30||||2|12|40|5.6|6.8|7.3||||||||||2|10|20|||||||||||||||||||"Low"|"Moist"|"27657566"|"82714480"
"C"||"C"|||38|94|105|200|200|200||106||0|0|10|0|8|20|40|75|95|35|70|90|20|55|90|5|30|90|14|66|76|0|7|12|1|12|18|1|12|21|4|20|41|5|15|28|15|29|77|7|16|48|8|13|54|1|5|18|0|0|4|0.01|0.2|1||||1.47|1.63|2.2||||1.5|1.66|2.24||0.1|20|100|0.04|0.08|0.2||||5|15|20|2|5|15|10|25|40|0|0.3|1.8|2|8|25|0|1|7|0|0|4|".20"|".37"|5|18|35|0|0|0|0|0|0|0|0|0|1|5|15||||1|20|55|6.6|8.2|8.4||||||||||0.1|1|5|||||||||||||||||||"Moderate"|"Moist"|"27657566"|"82714478"
"BC"||"BC"|||33|68|84|38|94|105||26||0|0|5|0|3|15|55|85|95|50|80|90|25|70|90|10|50|90|14|44|76|0|3|12|1|6|18|1|6|21|4|15|41|5|14|28|15|44|77|7|20|48|8|24|54|1|12|18|0|0|0|0.1|0.5|2||||1.39|1.51|1.73||||1.42|1.54|1.76||0.1|14|100|0.05|0.13|0.2||||5|15|25|2|5|15|10|25|45|0|0.8|1.8|2|19|27|0|4|7|0|0|5|".32"|".49"|0|6|30|0|0|0|0|0|0|0|0|0|1|5|15||||1|12|55|5.6|7.2|7.8||||||||||1|2|5|||||||||||||||||||"Moderate"|"Moist"|"27657566"|"82714479"
"Bw1"||"B"||1|8|20|28|13|45|52||25||0|0|5|0|0|15|55|95|95|50|90|90|25|80|90|10|55|90|14|44|76|0|3|12|1|6|18|1|6|21|4|15|41|5|14|28|15|44|77|7|20|48|8|24|54|1|12|18|0|0|0|0.1|1|5||||1.21|1.47|1.63||||1.25|1.51|1.68||1|14|100|0.05|0.14|0.22||||10|20|35|3|7|20|15|35|50|0|1.1|2.5|2|20|33|0|4|7|0|0|6|".43"|".43"|0|0|10|0|0|0|0|0|0|0|0|0|3|10|25||||1|5|45|5.6|6.8|7.3||||||||||1|5|15|||||||||||||||||||"Moderate"|"Moist"|"27657566"|"82714476"
"Bw2"||"B"||2|13|45|52|33|68|84||23||0|0|5|0|2|15|55|90|95|50|85|90|25|75|90|10|55|90|14|44|76|0|3|12|1|6|18|1|6|21|4|15|41|5|14|28|15|44|77|7|20|48|8|24|54|1|12|18|0|0|0|0.1|1|5||||1.21|1.47|1.63||||1.25|1.51|1.68||1|14|100|0.05|0.13|0.22||||10|20|35|3|7|20|15|35|50|0|1|2.5|2|20|33|0|4|7|0|0|6|".43"|".43"|0|0|10|0|0|0|0|0|0|0|0|0|3|10|25||||1|5|45|5.6|7|7.3||||||||||1|5|15|||||||||||||||||||"Moderate"|"Moist"|"27657566"|"82714477"
"H1"||"H"||1||0|||15|||||0|0|0|0|0|15|85|95|100|75|92|100|50|70|90|30|60|90|44|67.6|85||0.1|||3.1|||15.3|||32.4|||16.7||0|20.4|49|||||||4|12|22||||2|4|6||||1.1|1.25|1.4|||||1.31|||4|9|14|0.11|0.15|0.19|||||20.1|||11|||47||0|1.5|2.9|30|35|40|5|7.5|10|0|3|11|".17"|".17"|0|0|0|0|0|0|0|0|0|0|0|0|2.2|6.6|12.1|||||||5.1|6.6|7.3|||||||||||||||||||||||||||||||||"27657567"|"82714481"
"H2"||"H"||2||15|||71|||||0|0|0|0|3|15|80|92|95|60|85|90|40|60|90|25|40|80|15|71.3|85||0.1|||3.3|||16.2|||34.2|||17.5||0|16.7|80|||||||4|12|18||||0|1|2||||1.3|1.45|1.6|||||1.52|||4|9|14|0.09|0.14|0.19|||||16.9|||8.2|||38||0|1.5|2.9|20|25|30|5|7.5|10|0|0|6|".28"|".28"|0|0|0|0|0|0|0|0|0|0|0|0|2.1|6.5|9.8|||||||5.1|6.2|7.3|||||||||||||||||||||||||||||||||"27657567"|"82714482"
"H4"||"H"||4||107|||183|||||0|0|0|0|3|15|65|75|90|50|65|90|35|50|90|20|35|80|15|68.5|85||0.3|||4.7|||15.2|||29.8|||18.5||0|21.5|80|||||||4|10|20||||0|0.5|1||||1.5|1.6|1.7|||||1.7|||1.4|2.7|4|0.08|0.11|0.14|||||13.1|||5.9|||28||0|1.5|2.9|20|25|30|5|7.5|10|0|0|6|".20"|".37"|0|2|5|0|0|0|0|0|0|0|0|0|2.1|5.4|10.7|||||||6.6|7.2|8.4|||||||||||||||||||||||||||||||||"27657567"|"82714484"
"H3"||"H"||3||71|||107|||||0|0|0|0|3|15|70|85|95|55|70|90|40|60|90|25|50|80|15|44.8|85||4.4|||6|||8|||13.8|||12.6||0|41.2|80|||||||4|14|22||||0|0.5|1||||1.3|1.45|1.6|||||1.53|||1.4|7.7|14|0.09|0.14|0.19|||||19.6|||7|||34||0|1.5|2.9|20|25|30|5|7.5|10|0|0|6|".24"|".43"|0|0|0|0|0|0|0|0|0|0|0|0|2.1|7.5|11.8|||||||5.6|6.6|7.3|||||||||||||||||||||||||||||||||"27657567"|"82714483"
"Cd1"||"C"||1||53|||91|||||0|0|15|0|5|25|55|90|95|50|85|90|25|75|90|10|40|80|33|62.6|85||4.1|||6.1|||8.5|||23.3|||20.6||0|28.8|50||14.1|||14.7||0|8.6|17|0|0|10|0.1|0.1|1||||1.7|1.9|2.2|||||1.94|||0.42|0.91|1.4|0|0.07|0.1|||||19|||11|||||0|0.1|2.9|0|14|25|0|0|6|0|0|3|".49"|".49"|3|15|25|0|0|0|0|0|0|0|0|0|1|4|10|||||19||7.4|8.4|9||7.8|||||||||||||||||||||||||||||"Very high"|"Moist"|"27657568"|"82714488"
"Cd2"||"C"||2||91|||122|||||0|0|15|0|5|25|55|95|95|50|90|90|25|75|90|10|40|80|33|67.4|85||4.6|||7|||10.4|||23.1|||22.3||0|24.5|50||10.9|||13.6||0|8.1|17|0|0|10|0.1|0.1|1||||1.75|2.02|2.2|||||2.06|||0.42|0.91|1.4|0|0|0.1|||||16|||10|||||0|0|2.9|0|0|25|0|0|6|0|0|3|".49"|".49"|3|20|25|0|0|0|0|0|0|0|0|0|1|3|10|||||21.2||7.4|8.5|9||7.8|||||||||||||||||||||||||||||"Very high"|"Moist"|"27657568"|"82714489"
"Cd3"||"C"||3||122|||183|||||0|0|15|0|5|25|55|95|95|50|90|90|25|75|90|10|40|80|33|66.4|85||4.2|||6.4|||7.7|||24.5|||23.6||0|24.2|50||9.8|||14.4||0|9.4|17|0|0.7|10|0.1|0.1|1||||1.75|2|2.2|||||2.04|||0.42|0.91|1.4|0|0|0.1|||||16|||10|||||0|2|2.9|0|13|25|0|1|6|0|0|3|".49"|".49"|3|20|25|0|0|0|0|0|0|0|0|0|1|3.5|10|||||24.9||7.4|8.5|9||7.8|||||||||||||||||||||||||||||"Very high"|"Moist"|"27657568"|"82714490"
"Ap"||"A"||||0|||23|||||0|0|15|0|0|25|55|95|95|50|90|90|25|80|90|10|45|80|33|56.8|85||1.8|||5.6|||8.2|||24.1|||17.1||0|31.9|50||18.5|||13.4||0|11.3|17|0|0.4|10|1|4|15||||0.85|1.26|1.55|||||1.35|||4|20|42|0.06|0.15|0.24|||||26|||11|||||0|2.9|2.9|0|0|50|0|0|6|0|0|8|".20"|".20"|0|0|0|0|0|0|0|0|0|0|0|0|5|14|25|||||13.7||5.6|7.6|7.8||7|||||||||||||||||||||||||||||"Moderate"|"Moist"|"27657568"|"82714485"
"Bw"||"B"||||23|||36|||||0|0|15|0|0|25|55|95|95|50|90|90|25|80|90|10|45|80|33|59.2|85||1.7|||5.3|||10|||24.5|||17.7||0|31.2|50||16.5|||14.7||0|9.6|17|0|0.2|10|0.1|1|5||||1.2|1.49|1.65|||||1.53|||4|20|42|0.05|0.13|0.19|||||22|||9|||||0|2|2.9|0|0|30|0|0|6|0|0|4|".43"|".43"|0|0|0|0|0|0|0|0|0|0|0|0|3|9|20|||||3.9||5.6|7.4|7.8||6.9|||||||||||||||||||||||||||||"Moderate"|"Moist"|"27657568"|"82714486"
"BC"||"BC"||||36|||53|||||0|0|15|0|2|25|55|95|95|50|90|90|25|80|90|10|45|80|33|56.9|85||2|||4.7|||7.8|||24.2|||18.2||0|31.6|50||16.6|||15||0|11.5|17|0|4.8|10|0.1|0.6|3||||1.3|1.59|1.65|||||1.62|||4|20|42|0.05|0.1|0.18|||||22|||11|||||0|2|2.9|0|18|30|0|3|6|0|0|4|".43"|".43"|0|0|0|0|0|0|0|0|0|0|0|0|3|10.5|20|||||4.5||5.6|7.7|7.8||7.2|||||||||||||||||||||||||||||"Moderate"|"Moist"|"27657568"|"82714487"
"R"||"R"||||89|||183|||||0|0|0|0|0|0||||||||||||||0|||0|||0|||0|||0|||0|||0|||||||||0|||||0|0|0||||||||||||||0|0.01|42|0|0|0||||||||||||||0|||||||||||||0|0|0|0|0|0|0|0|0|0|0|0|||||||||||||||||||||||||||||||||||||||||||"Extremely high"|"Dry"|"27657569"|"82714495"
"Ap"||"A"||||0|||13|||||0|0|15|0|0|25|55|95|95|50|90|90|25|75|90|10|55|90|15|46|85||4.6|||6.2|||8.2|||14.1|||12.9||0|44|80|||||||0|10|17|0|0|0|1|4|15||||0.85|1.26|1.45|||||1.35|||4|14|42|0.05|0.15|0.28|||||26|||11|||||0|1.5|2.9|0|25|50|0|3|6|0|0|10|".28"|".28"|0|0|0|0|0|0|0|0|0|0|0|0|5|15|25|||||10||5.6|6.8|7.3|||||||||||||||||||||||||||||||"Moderate"|"Moist"|"27657569"|"82714491"
"Bw1"||"B"||1||13|||23|||||0|0|15|0|0|25|55|95|95|50|90|90|25|80|90|10|35|90|15|68.5|85||0.3|||4.7|||15.2|||29.8|||18.5||0|21.5|80|||||||0|10|17|0|0|0|0.1|1|5||||1.2|1.47|1.55|||||1.51|||4|20|42|0.05|0.1|0.21|||||21|||10|||||0|0.5|2.9|0|17|30|0|3|6|0|0|5|".32"|".32"|0|0|0|0|0|0|0|0|0|0|0|0|3|9|20|||||4||5.6|6.8|7.8|||||||||||||||||||||||||||||||"Moderate"|"Moist"|"27657569"|"82714492"
"Bw2"||"B"||2||23|||46|||||0|0|15|0|0|25|55|95|95|50|90|90|25|80|90|10|35|90|15|68.5|85||0.3|||4.7|||15.2|||29.8|||18.5||0|21.5|80|||||||0|10|17|0|0|0|0.1|1|5||||1.2|1.47|1.55|||||1.51|||4|20|42|0.05|0.1|0.21|||||21|||10|||||0|0.5|2.9|0|17|30|0|3|6|0|0|5|".32"|".32"|0|0|0|0|0|0|0|0|0|0|0|0|3|9|20|||||4||5.6|6.8|7.8|||||||||||||||||||||||||||||||"Moderate"|"Moist"|"27657569"|"82714493"
"C"||"C"||||46|||89|||||0|0|10|0|10|25|55|75|95|50|70|90|25|60|90|10|30|90|15|64.3|85||4.7|||3.1|||14.2|||25.2|||17.1||0|30.7|80|||||||0|5|17|0|0|10|0.1|0.1|1||||1.45|1.65|1.75|||||1.68|||4|15|42|0.05|0.09|0.21|||||22|||10|||||0|0.1|2.9|0|10|25|0|1|6|0|0|3|".28"|".49"|3|15|25|0|0|0|0|0|0|0|0|0|1|5|10|||||20||7.4|8|8.4|||||||||||||||||||||||||||||||"High"|"Moist"|"27657569"|"82714494"
"C"||"C"||||61|||183|||||0|0|15|0|5|25|40|80|95|35|75|90|20|55|90|5|35|80|33|65.6|85||5.8|||12.8|||15.5|||19.4|||12.1||0|29.4|50|||||||0|5|17|0|0|10|0.1|0.3|1||||1.45|1.62|1.75|||||1.65|||1.4|20|42|0.03|0.09|0.14|||||22|||11|||||0|0.1|2.9|0|10|25|0|1|6|0|0|3|".20"|".37"|2|10|25|0|0|0|0|0|0|0|0|0|1|5|10|||||20||6.6|7.6|8.4|||||||||||||||||||||||||||||||"High"|"Moist"|"27657570"|"82714499"
"Ap"||"A"||||0|||23|||||0|0|15|0|5|25|55|80|95|50|75|90|25|70|90|10|55|90|15|32.1|85||2.9|||4|||5.4|||9.9|||9.9||0|55.9|80|||||||0|12|17|0|0|0|1|8|20||||0.7|1.06|1.55|||||1.13|||4|14|42|0.05|0.17|0.3|||||30|||11|||||0|2.9|2.9|0|30|60|0|4|6|0|0|13|".20"|".37"|0|0|0|0|0|0|0|0|0|0|0|0|5|15|25|||||10||5.6|6.4|7.3|||||||||||||||||||||||||||||||"Moderate"|"Moist"|"27657570"|"82714496"
"Bw2"||"B"||2||46|||61|||||0|0|15|0|0|25|55|90|95|50|85|90|25|75|90|10|55|80|33|43.8|85||4.3|||5.9|||7.8|||13.5|||12.3||0|40.2|50|||||||0|16|17|0|0|0|0.1|1|5||||1.2|1.47|1.65|||||1.51|||4|14|42|0.05|0.14|0.19|||||23|||10|||||0|1|2.9|0|23|30|0|6|6|0|0|4|".37"|".37"|0|0|0|0|0|0|0|0|0|0|0|0|3|9|20|||||4||5.6|7.2|7.3|||||||||||||||||||||||||||||||"Moderate"|"Moist"|"27657570"|"82714498"
"Bw1"||"B"||1||23|||46|||||0|0|15|0|0|25|55|90|95|50|85|90|25|75|90|10|60|80|33|45|85||4.5|||6.1|||8|||13.8|||12.6||0|43|50|||||||0|12|17|0|0|0|0.1|1|5||||1.2|1.47|1.65|||||1.51|||4|14|42|0.05|0.14|0.19|||||23|||10|||||0|1|2.9|0|20|30|0|4|6|0|0|4|".43"|".43"|0|0|0|0|0|0|0|0|0|0|0|0|3|9|20|||||4||5.6|7|7.3|||||||||||||||||||||||||||||||"Moderate"|"Moist"|"27657570"|"82714497"
"H1"||"H"||1||0|||23|||||0|0|1|0|2|10|80|90|95|75|80|90|65|70|85|40|50|65|35|45.3|75||4.5|||6.1|||8.1|||13.9|||12.7||15|43.2|65|||||||5|11.5|18||||2|4|6||||1|1.13|1.25||||1.06|1.19|1.31||4.2333|9.1722|14.1111|0.14|0.19|0.24||||9.8|22.7|28|3.7|8.5|13.8|39|46|54|0|1.5|2.9|20|31|42|2|7|12|0|1|7|".32"|".32"|0|0|0|0|0|0|0|0|0|0|0|0|4.7|9.9|14.9|||||||5.1|6.2|7.3|||||||||||||||||||||||||||||||||"27657571"|"82714500"
"H3"||"H"||3||43|||76|||||0|1|1|0|3|10|60|90|95|50|85|85|40|75|85|20|40|50|35|67.5|75||0.3|||4.7|||15|||29.3|||18.2||15|21|65|||||||5|11.5|18||||0|0.25|0.5||||1.6|1.73|1.85||||1.69|1.82|1.91||0.4233|0.9172|4.2333|0.08|0.13|0.18||||4.4|16.6|21|2.1|8.2|13.3|16|29|34|0|1.5|2.9|16|23|30|2|3|12|0|0|2|".37"|".37"|0|0|0|0|0|0|0|0|0|0|0|0|2.5|6.8|10.7|||||||5.6|6.5|7.3|||||||||||||||||||||||||||||||||"27657571"|"82714502"
"H2"||"H"||2||23|||43|||||0|1|1|0|3|10|75|90|95|65|85|90|60|73|85|30|53|65|35|45.3|75||4.5|||6.1|||8.1|||13.9|||12.7||15|43.2|65|||||||5|11.5|18||||0.5|1.25|2||||1.4|1.53|1.65||||1.48|1.61|1.69||4.2333|9.1722|14.1111|0.12|0.17|0.22||||7.5|21.9|27.2|2.7|7.8|13|25|35|41|0|1.5|2.9|17|25|33|2|3|12|0|0|5|".49"|".49"|0|0|0|0|0|0|0|0|0|0|0|0|3.9|8.5|12.9|||||||5.6|6.5|7.3|||||||||||||||||||||||||||||||||"27657571"|"82714503"
"H4"||"H"||4||76|||165|||||0|1|1|0|5|10|50|75|90|35|65|85|30|55|80|25|45|75|35|45.8|75||4.6|||6.2|||8.1|||14.1|||12.8||15|43.7|65|||||||3|10.5|18||||0|0.25|0.5||||1.6|1.73|1.85||||1.71|1.84|1.95||0.4233|0.9172|4.2333|0.07|0.12|0.17||||2.6|16.6|25.5|0.8|5.4|11.9|12|23|34|0|1.5|2.9|0|22|30|0|3|12|0|0|7|".28"|".55"|0|0|20|0|0|0|0|0|0|0|0|0|1.6|6.3|10.7|||||||5.6|7|8.4|||||||||||||||||||||||||||||||||"27657571"|"82714501"
"C"||"C"|||38|94|105|200|200|200||106||0|0|10|0|8|20|40|75|95|35|70|90|20|55|90|5|30|90|14|66|76|0|7|12|1|12|18|1|12|21|4|20|41|5|15|28|15|29|77|7|16|48|8|13|54|1|5|18|0|0|4|0.01|0.2|1||||1.47|1.63|2.2||||1.5|1.66|2.24||0.1|20|100|0.04|0.08|0.2||||5|15|20|2|5|15|10|25|40|0|0.3|1.8|2|8|25|0|1|7|0|0|4|".20"|".37"|5|18|35|0|0|0|0|0|0|0|0|0|1|5|15||||1|20|55|6.6|8.2|8.4||||||||||0.1|1|5|||||||||||||||||||"Moderate"|"Moist"|"27657572"|"82714506"
"Bw1"||"B"||1|8|20|28|13|45|52||25||0|0|5|0|0|15|55|95|95|50|90|90|25|80|90|10|55|90|14|44|76|0|3|12|1|6|18|1|6|21|4|15|41|5|14|28|15|44|77|7|20|48|8|24|54|1|12|18|0|0|0|0.1|1|5||||1.21|1.47|1.63||||1.25|1.51|1.68||1|14|100|0.05|0.14|0.22||||10|20|35|3|7|20|15|35|50|0|1.1|2.5|2|20|33|0|4|7|0|0|6|".43"|".43"|0|0|10|0|0|0|0|0|0|0|0|0|3|10|25||||1|5|45|5.6|6.8|7.3||||||||||1|5|15|||||||||||||||||||"Moderate"|"Moist"|"27657572"|"82714504"
"Bw2"||"B"||2|13|45|52|33|68|84||23||0|0|5|0|2|15|55|90|95|50|85|90|25|75|90|10|55|90|14|44|76|0|3|12|1|6|18|1|6|21|4|15|41|5|14|28|15|44|77|7|20|48|8|24|54|1|12|18|0|0|0|0.1|1|5||||1.21|1.47|1.63||||1.25|1.51|1.68||1|14|100|0.05|0.13|0.22||||10|20|35|3|7|20|15|35|50|0|1|2.5|2|20|33|0|4|7|0|0|6|".43"|".43"|0|0|10|0|0|0|0|0|0|0|0|0|3|10|25||||1|5|45|5.6|7|7.3||||||||||1|5|15|||||||||||||||||||"Moderate"|"Moist"|"27657572"|"82714505"
"BC"||"BC"|||33|68|84|38|94|105||26||0|0|5|0|3|15|55|85|95|50|80|90|25|70|90|10|50|90|14|44|76|0|3|12|1|6|18|1|6|21|4|15|41|5|14|28|15|44|77|7|20|48|8|24|54|1|12|18|0|0|0|0.1|0.5|2||||1.39|1.51|1.73||||1.42|1.54|1.76||0.1|14|100|0.05|0.13|0.2||||5|15|25|2|5|15|10|25|45|0|0.8|1.8|2|19|27|0|4|7|0|0|5|".32"|".49"|0|6|30|0|0|0|0|0|0|0|0|0|1|5|15||||1|12|55|5.6|7.2|7.8||||||||||1|2|5|||||||||||||||||||"Moderate"|"Moist"|"27657572"|"82714507"
"Ap"||"A"|||0|0|0|8|20|28||20||0|0|5|0|0|15|55|95|95|50|90|90|25|80|90|10|55|90|14|44|76|0|3|12|1|6|18|1|6|21|4|15|41|5|14|28|15|44|77|7|20|48|8|24|54|1|12|18|0|0|0|1|4|10||||0.99|1.27|1.55||||1.07|1.36|1.67||1|9|100|0.05|0.15|0.24||||15|25|40|5|10|20|20|45|60|0.3|1.6|2.8|4|26|43|0|4|7|0|0|9|".28"|".28"|0|0|3|0|0|0|0|0|0|0|0|0|10|15|30||||2|12|40|5.6|6.8|7.3||||||||||2|10|20|||||||||||||||||||"Low"|"Moist"|"27657572"|"82714508"
"H1"||"H"||1||0|||15|||||0|0|0|0|0|15|85|95|100|75|92|100|50|70|90|30|60|90|44|67.6|85||0.1|||3.1|||15.3|||32.4|||16.7||0|20.4|49|||||||4|12|22||||2|4|6||||1.1|1.25|1.4|||||1.31|||4|9|14|0.11|0.15|0.19|||||20.1|||11|||47||0|1.5|2.9|30|35|40|5|7.5|10|0|3|11|".17"|".17"|0|0|0|0|0|0|0|0|0|0|0|0|2.2|6.6|12.1|||||||5.1|6.6|7.3|||||||||||||||||||||||||||||||||"27657573"|"82714509"
"H2"||"H"||2||15|||71|||||0|0|0|0|3|15|80|92|95|60|85|90|40|60|90|25|40|80|15|71.3|85||0.1|||3.3|||16.2|||34.2|||17.5||0|16.7|80|||||||4|12|18||||0|1|2||||1.3|1.45|1.6|||||1.52|||4|9|14|0.09|0.14|0.19|||||16.9|||8.2|||38||0|1.5|2.9|20|25|30|5|7.5|10|0|0|6|".28"|".28"|0|0|0|0|0|0|0|0|0|0|0|0|2.1|6.5|9.8|||||||5.1|6.2|7.3|||||||||||||||||||||||||||||||||"27657573"|"82714510"
"H4"||"H"||4||107|||183|||||0|0|0|0|3|15|65|75|90|50|65|90|35|50|90|20|35|80|15|68.5|85||0.3|||4.7|||15.2|||29.8|||18.5||0|21.5|80|||||||4|10|20||||0|0.5|1||||1.5|1.6|1.7|||||1.7|||1.4|2.7|4|0.08|0.11|0.14|||||13.1|||5.9|||28||0|1.5|2.9|20|25|30|5|7.5|10|0|0|6|".20"|".37"|0|2|5|0|0|0|0|0|0|0|0|0|2.1|5.4|10.7|||||||6.6|7.2|8.4|||||||||||||||||||||||||||||||||"27657573"|"82714512"
"H3"||"H"||3||71|||107|||||0|0|0|0|3|15|70|85|95|55|70|90|40|60|90|25|50|80|15|44.8|85||4.4|||6|||8|||13.8|||12.6||0|41.2|80|||||||4|14|22||||0|0.5|1||||1.3|1.45|1.6|||||1.53|||1.4|7.7|14|0.09|0.14|0.19|||||19.6|||7|||34||0|1.5|2.9|20|25|30|5|7.5|10|0|0|6|".24"|".43"|0|0|0|0|0|0|0|0|0|0|0|0|2.1|7.5|11.8|||||||5.6|6.6|7.3|||||||||||||||||||||||||||||||||"27657573"|"82714511"
"Cd1"||"C"||1||53|||91|||||0|0|15|0|5|25|55|90|95|50|85|90|25|75|90|10|40|80|33|62.6|85||4.1|||6.1|||8.5|||23.3|||20.6||0|28.8|50||14.1|||14.7||0|8.6|17|0|0|10|0.1|0.1|1||||1.7|1.9|2.2|||||1.94|||0.42|0.91|1.4|0|0.07|0.1|||||19|||11|||||0|0.1|2.9|0|14|25|0|0|6|0|0|3|".49"|".49"|3|15|25|0|0|0|0|0|0|0|0|0|1|4|10|||||19||7.4|8.4|9||7.8|||||||||||||||||||||||||||||"Very high"|"Moist"|"27657574"|"82714516"
"Cd2"||"C"||2||91|||122|||||0|0|15|0|5|25|55|95|95|50|90|90|25|75|90|10|40|80|33|67.4|85||4.6|||7|||10.4|||23.1|||22.3||0|24.5|50||10.9|||13.6||0|8.1|17|0|0|10|0.1|0.1|1||||1.75|2.02|2.2|||||2.06|||0.42|0.91|1.4|0|0|0.1|||||16|||10|||||0|0|2.9|0|0|25|0|0|6|0|0|3|".49"|".49"|3|20|25|0|0|0|0|0|0|0|0|0|1|3|10|||||21.2||7.4|8.5|9||7.8|||||||||||||||||||||||||||||"Very high"|"Moist"|"27657574"|"82714517"
"Cd3"||"C"||3||122|||183|||||0|0|15|0|5|25|55|95|95|50|90|90|25|75|90|10|40|80|33|66.4|85||4.2|||6.4|||7.7|||24.5|||23.6||0|24.2|50||9.8|||14.4||0|9.4|17|0|0.7|10|0.1|0.1|1||||1.75|2|2.2|||||2.04|||0.42|0.91|1.4|0|0|0.1|||||16|||10|||||0|2|2.9|0|13|25|0|1|6|0|0|3|".49"|".49"|3|20|25|0|0|0|0|0|0|0|0|0|1|3.5|10|||||24.9||7.4|8.5|9||7.8|||||||||||||||||||||||||||||"Very high"|"Moist"|"27657574"|"82714518"
"Ap"||"A"||||0|||23|||||0|0|15|0|0|25|55|95|95|50|90|90|25|80|90|10|45|80|33|56.8|85||1.8|||5.6|||8.2|||24.1|||17.1||0|31.9|50||18.5|||13.4||0|11.3|17|0|0.4|10|1|4|15||||0.85|1.26|1.55|||||1.35|||4|20|42|0.06|0.15|0.24|||||26|||11|||||0|2.9|2.9|0|0|50|0|0|6|0|0|8|".20"|".20"|0|0|0|0|0|0|0|0|0|0|0|0|5|14|25|||||13.7||5.6|7.6|7.8||7|||||||||||||||||||||||||||||"Moderate"|"Moist"|"27657574"|"82714513"
"Bw"||"B"||||23|||36|||||0|0|15|0|0|25|55|95|95|50|90|90|25|80|90|10|45|80|33|59.2|85||1.7|||5.3|||10|||24.5|||17.7||0|31.2|50||16.5|||14.7||0|9.6|17|0|0.2|10|0.1|1|5||||1.2|1.49|1.65|||||1.53|||4|20|42|0.05|0.13|0.19|||||22|||9|||||0|2|2.9|0|0|30|0|0|6|0|0|4|".43"|".43"|0|0|0|0|0|0|0|0|0|0|0|0|3|9|20|||||3.9||5.6|7.4|7.8||6.9|||||||||||||||||||||||||||||"Moderate"|"Moist"|"27657574"|"82714514"
"BC"||"BC"||||36|||53|||||0|0|15|0|2|25|55|95|95|50|90|90|25|80|90|10|45|80|33|56.9|85||2|||4.7|||7.8|||24.2|||18.2||0|31.6|50||16.6|||15||0|11.5|17|0|4.8|10|0.1|0.6|3||||1.3|1.59|1.65|||||1.62|||4|20|42|0.05|0.1|0.18|||||22|||11|||||0|2|2.9|0|18|30|0|3|6|0|0|4|".43"|".43"|0|0|0|0|0|0|0|0|0|0|0|0|3|10.5|20|||||4.5||5.6|7.7|7.8||7.2|||||||||||||||||||||||||||||"Moderate"|"Moist"|"27657574"|"82714515"
"R"||"R"||||89|||183|||||0|0|0|0|0|0||||||||||||||0|||0|||0|||0|||0|||0|||0|||||||||0|||||0|0|0||||||||||||||0|0.01|42|0|0|0||||||||||||||0|||||||||||||0|0|0|0|0|0|0|0|0|0|0|0|||||||||||||||||||||||||||||||||||||||||||"Extremely high"|"Dry"|"27657575"|"82714523"
"Ap"||"A"||||0|||13|||||0|0|15|0|0|25|55|95|95|50|90|90|25|75|90|10|55|90|15|46|85||4.6|||6.2|||8.2|||14.1|||12.9||0|44|80|||||||0|10|17|0|0|0|1|4|15||||0.85|1.26|1.45|||||1.35|||4|14|42|0.05|0.15|0.28|||||26|||11|||||0|1.5|2.9|0|25|50|0|3|6|0|0|10|".28"|".28"|0|0|0|0|0|0|0|0|0|0|0|0|5|15|25|||||10||5.6|6.8|7.3|||||||||||||||||||||||||||||||"Moderate"|"Moist"|"27657575"|"82714519"
"Bw1"||"B"||1||13|||23|||||0|0|15|0|0|25|55|95|95|50|90|90|25|80|90|10|35|90|15|68.5|85||0.3|||4.7|||15.2|||29.8|||18.5||0|21.5|80|||||||0|10|17|0|0|0|0.1|1|5||||1.2|1.47|1.55|||||1.51|||4|20|42|0.05|0.1|0.21|||||21|||10|||||0|0.5|2.9|0|17|30|0|3|6|0|0|5|".32"|".32"|0|0|0|0|0|0|0|0|0|0|0|0|3|9|20|||||4||5.6|6.8|7.8|||||||||||||||||||||||||||||||"Moderate"|"Moist"|"27657575"|"82714520"
"Bw2"||"B"||2||23|||46|||||0|0|15|0|0|25|55|95|95|50|90|90|25|80|90|10|35|90|15|68.5|85||0.3|||4.7|||15.2|||29.8|||18.5||0|21.5|80|||||||0|10|17|0|0|0|0.1|1|5||||1.2|1.47|1.55|||||1.51|||4|20|42|0.05|0.1|0.21|||||21|||10|||||0|0.5|2.9|0|17|30|0|3|6|0|0|5|".32"|".32"|0|0|0|0|0|0|0|0|0|0|0|0|3|9|20|||||4||5.6|6.8|7.8|||||||||||||||||||||||||||||||"Moderate"|"Moist"|"27657575"|"82714521"
"C"||"C"||||46|||89|||||0|0|10|0|10|25|55|75|95|50|70|90|25|60|90|10|30|90|15|64.3|85||4.7|||3.1|||14.2|||25.2|||17.1||0|30.7|80|||||||0|5|17|0|0|10|0.1|0.1|1||||1.45|1.65|1.75|||||1.68|||4|15|42|0.05|0.09|0.21|||||22|||10|||||0|0.1|2.9|0|10|25|0|1|6|0|0|3|".28"|".49"|3|15|25|0|0|0|0|0|0|0|0|0|1|5|10|||||20||7.4|8|8.4|||||||||||||||||||||||||||||||"High"|"Moist"|"27657575"|"82714522"
"C"||"C"||||61|||183|||||0|0|15|0|5|25|40|80|95|35|75|90|20|55|90|5|35|80|33|65.6|85||5.8|||12.8|||15.5|||19.4|||12.1||0|29.4|50|||||||0|5|17|0|0|10|0.1|0.3|1||||1.45|1.62|1.75|||||1.65|||1.4|20|42|0.03|0.09|0.14|||||22|||11|||||0|0.1|2.9|0|10|25|0|1|6|0|0|3|".20"|".37"|2|10|25|0|0|0|0|0|0|0|0|0|1|5|10|||||20||6.6|7.6|8.4|||||||||||||||||||||||||||||||"High"|"Moist"|"27657576"|"82714527"
"Bw2"||"B"||2||46|||61|||||0|0|15|0|0|25|55|90|95|50|85|90|25|75|90|10|55|80|33|43.8|85||4.3|||5.9|||7.8|||13.5|||12.3||0|40.2|50|||||||0|16|17|0|0|0|0.1|1|5||||1.2|1.47|1.65|||||1.51|||4|14|42|0.05|0.14|0.19|||||23|||10|||||0|1|2.9|0|23|30|0|6|6|0|0|4|".37"|".37"|0|0|0|0|0|0|0|0|0|0|0|0|3|9|20|||||4||5.6|7.2|7.3|||||||||||||||||||||||||||||||"Moderate"|"Moist"|"27657576"|"82714526"
"Ap"||"A"||||0|||23|||||0|0|15|0|5|25|55|80|95|50|75|90|25|70|90|10|55|90|15|32.1|85||2.9|||4|||5.4|||9.9|||9.9||0|55.9|80|||||||0|12|17|0|0|0|1|8|20||||0.7|1.06|1.55|||||1.13|||4|14|42|0.05|0.17|0.3|||||30|||11|||||0|2.9|2.9|0|30|60|0|4|6|0|0|13|".20"|".37"|0|0|0|0|0|0|0|0|0|0|0|0|5|15|25|||||10||5.6|6.4|7.3|||||||||||||||||||||||||||||||"Moderate"|"Moist"|"27657576"|"82714524"
"Bw1"||"B"||1||23|||46|||||0|0|15|0|0|25|55|90|95|50|85|90|25|75|90|10|60|80|33|45|85||4.5|||6.1|||8|||13.8|||12.6||0|43|50|||||||0|12|17|0|0|0|0.1|1|5||||1.2|1.47|1.65|||||1.51|||4|14|42|0.05|0.14|0.19|||||23|||10|||||0|1|2.9|0|20|30|0|4|6|0|0|4|".43"|".43"|0|0|0|0|0|0|0|0|0|0|0|0|3|9|20|||||4||5.6|7|7.3|||||||||||||||||||||||||||||||"Moderate"|"Moist"|"27657576"|"82714525"
"H1"||"H"||1||0|||23|||||5|5|25|10|10|25|70|95|95|40|90|90|30|75|85|20|55|75|35|45.3|75||4.5|||6.1|||8.1|||13.9|||12.7||15|43.2|65|||||||5|11.5|18||||2|4|6||||1|1.13|1.25||||1.06|1.19|1.31||4.2333|9.1722|14.1111|0.11|0.16|0.21||||4.4|22.4|25.9|1.7|8.4|12.8|17|46|50|0|1.5|2.9|20|31|42|2|7|12|0|1|9|".32"|".32"|0|0|0|0|0|0|0|0|0|0|0|0|4.7|9.9|14.9|||||||5.1|6.2|7.3|||||||||||||||||||||||||||||||||"27657577"|"82714531"
"H3"||"H"||3||43|||76|||||0|1|1|0|3|10|60|90|95|50|85|85|40|75|85|20|40|50|35|67.5|75||0.3|||4.7|||15|||29.3|||18.2||15|21|65|||||||5|11.5|18||||0|0.25|0.5||||1.6|1.73|1.85||||1.69|1.82|1.91||0.4233|0.9172|4.2333|0.08|0.13|0.18||||4.4|16.6|21|2.1|8.2|13.3|16|29|34|0|1.5|2.9|16|23|30|2|3|12|0|0|2|".37"|".37"|0|0|0|0|0|0|0|0|0|0|0|0|2.5|6.8|10.7|||||||5.6|6.5|7.3|||||||||||||||||||||||||||||||||"27657577"|"82714529"
"H2"||"H"||2||23|||43|||||0|1|1|0|3|10|75|90|95|65|85|90|60|73|85|30|53|65|35|45.3|75||4.5|||6.1|||8.1|||13.9|||12.7||15|43.2|65|||||||5|11.5|18||||0.5|1.25|2||||1.4|1.53|1.65||||1.48|1.61|1.69||4.2333|9.1722|14.1111|0.12|0.17|0.22||||7.5|21.9|27.2|2.7|7.8|13|25|35|41|0|1.5|2.9|17|25|33|2|3|12|0|0|5|".49"|".49"|0|0|0|0|0|0|0|0|0|0|0|0|3.9|8.5|12.9|||||||5.6|6.5|7.3|||||||||||||||||||||||||||||||||"27657577"|"82714530"
"H4"||"H"||4||76|||165|||||0|1|1|0|5|10|50|75|90|35|65|85|30|55|80|25|45|75|35|45.8|75||4.6|||6.2|||8.1|||14.1|||12.8||15|43.7|65|||||||3|10.5|18||||0|0.25|0.5||||1.6|1.73|1.85||||1.71|1.84|1.95||0.4233|0.9172|4.2333|0.07|0.12|0.17||||2.6|16.6|25.5|0.8|5.4|11.9|12|23|34|0|1.5|2.9|0|22|30|0|3|12|0|0|7|".28"|".55"|0|0|20|0|0|0|0|0|0|0|0|0|1.6|6.3|10.7|||||||5.6|7|8.4|||||||||||||||||||||||||||||||||"27657577"|"82714528"
"C"||"C"|||38|94|105|200|200|200||106||0|0|10|0|8|20|40|75|95|35|70|90|20|55|90|5|30|90|14|66|76|0|7|12|1|12|18|1|12|21|4|20|41|5|15|28|15|29|77|7|16|48|8|13|54|1|5|18|0|0|4|0.01|0.2|1||||1.47|1.63|2.2||||1.5|1.66|2.24||0.1|20|100|0.04|0.08|0.2||||5|15|20|2|5|15|10|25|40|0|0.3|1.8|2|8|25|0|1|7|0|0|4|".20"|".37"|5|18|35|0|0|0|0|0|0|0|0|0|1|5|15||||1|20|55|6.6|8.2|8.4||||||||||0.1|1|5|||||||||||||||||||"Moderate"|"Moist"|"27657578"|"82714534"
"Bw1"||"B"||1|8|20|28|13|45|52||25||0|0|5|0|0|15|55|95|95|50|90|90|25|80|90|10|55|90|14|44|76|0|3|12|1|6|18|1|6|21|4|15|41|5|14|28|15|44|77|7|20|48|8|24|54|1|12|18|0|0|0|0.1|1|5||||1.21|1.47|1.63||||1.25|1.51|1.68||1|14|100|0.05|0.14|0.22||||10|20|35|3|7|20|15|35|50|0|1.1|2.5|2|20|33|0|4|7|0|0|6|".43"|".43"|0|0|10|0|0|0|0|0|0|0|0|0|3|10|25||||1|5|45|5.6|6.8|7.3||||||||||1|5|15|||||||||||||||||||"Moderate"|"Moist"|"27657578"|"82714532"
"Bw2"||"B"||2|13|45|52|33|68|84||23||0|0|5|0|2|15|55|90|95|50|85|90|25|75|90|10|55|90|14|44|76|0|3|12|1|6|18|1|6|21|4|15|41|5|14|28|15|44|77|7|20|48|8|24|54|1|12|18|0|0|0|0.1|1|5||||1.21|1.47|1.63||||1.25|1.51|1.68||1|14|100|0.05|0.13|0.22||||10|20|35|3|7|20|15|35|50|0|1|2.5|2|20|33|0|4|7|0|0|6|".43"|".43"|0|0|10|0|0|0|0|0|0|0|0|0|3|10|25||||1|5|45|5.6|7|7.3||||||||||1|5|15|||||||||||||||||||"Moderate"|"Moist"|"27657578"|"82714533"
"BC"||"BC"|||33|68|84|38|94|105||26||0|0|5|0|3|15|55|85|95|50|80|90|25|70|90|10|50|90|14|44|76|0|3|12|1|6|18|1|6|21|4|15|41|5|14|28|15|44|77|7|20|48|8|24|54|1|12|18|0|0|0|0.1|0.5|2||||1.39|1.51|1.73||||1.42|1.54|1.76||0.1|14|100|0.05|0.13|0.2||||5|15|25|2|5|15|10|25|45|0|0.8|1.8|2|19|27|0|4|7|0|0|5|".32"|".49"|0|6|30|0|0|0|0|0|0|0|0|0|1|5|15||||1|12|55|5.6|7.2|7.8||||||||||1|2|5|||||||||||||||||||"Moderate"|"Moist"|"27657578"|"82714535"
"Ap"||"A"|||0|0|0|8|20|28||20||0|0|5|0|0|15|55|95|95|50|90|90|25|80|90|10|55|90|14|44|76|0|3|12|1|6|18|1|6|21|4|15|41|5|14|28|15|44|77|7|20|48|8|24|54|1|12|18|0|0|0|1|4|10||||0.99|1.27|1.55||||1.07|1.36|1.67||1|9|100|0.05|0.15|0.24||||15|25|40|5|10|20|20|45|60|0.3|1.6|2.8|4|26|43|0|4|7|0|0|9|".28"|".28"|0|0|3|0|0|0|0|0|0|0|0|0|10|15|30||||2|12|40|5.6|6.8|7.3||||||||||2|10|20|||||||||||||||||||"Low"|"Moist"|"27657578"|"82714536"
"H1"||"H"||1||0|||15|||||0|0|0|0|0|15|85|95|100|75|92|100|50|70|90|30|60|90|44|67.6|85||0.1|||3.1|||15.3|||32.4|||16.7||0|20.4|49|||||||4|12|22||||2|4|6||||1.1|1.25|1.4|||||1.31|||4|9|14|0.11|0.15|0.19|||||20.1|||11|||47||0|1.5|2.9|30|35|40|5|7.5|10|0|3|11|".17"|".17"|0|0|0|0|0|0|0|0|0|0|0|0|2.2|6.6|12.1|||||||5.1|6.6|7.3|||||||||||||||||||||||||||||||||"27657579"|"82714537"
"H2"||"H"||2||15|||71|||||0|0|0|0|3|15|80|92|95|60|85|90|40|60|90|25|40|80|15|71.3|85||0.1|||3.3|||16.2|||34.2|||17.5||0|16.7|80|||||||4|12|18||||0|1|2||||1.3|1.45|1.6|||||1.52|||4|9|14|0.09|0.14|0.19|||||16.9|||8.2|||38||0|1.5|2.9|20|25|30|5|7.5|10|0|0|6|".28"|".28"|0|0|0|0|0|0|0|0|0|0|0|0|2.1|6.5|9.8|||||||5.1|6.2|7.3|||||||||||||||||||||||||||||||||"27657579"|"82714538"
"H4"||"H"||4||107|||183|||||0|0|0|0|3|15|65|75|90|50|65|90|35|50|90|20|35|80|15|68.5|85||0.3|||4.7|||15.2|||29.8|||18.5||0|21.5|80|||||||4|10|20||||0|0.5|1||||1.5|1.6|1.7|||||1.7|||1.4|2.7|4|0.08|0.11|0.14|||||13.1|||5.9|||28||0|1.5|2.9|20|25|30|5|7.5|10|0|0|6|".20"|".37"|0|2|5|0|0|0|0|0|0|0|0|0|2.1|5.4|10.7|||||||6.6|7.2|8.4|||||||||||||||||||||||||||||||||"27657579"|"82714540"
"H3"||"H"||3||71|||107|||||0|0|0|0|3|15|70|85|95|55|70|90|40|60|90|25|50|80|15|44.8|85||4.4|||6|||8|||13.8|||12.6||0|41.2|80|||||||4|14|22||||0|0.5|1||||1.3|1.45|1.6|||||1.53|||1.4|7.7|14|0.09|0.14|0.19|||||19.6|||7|||34||0|1.5|2.9|20|25|30|5|7.5|10|0|0|6|".24"|".43"|0|0|0|0|0|0|0|0|0|0|0|0|2.1|7.5|11.8|||||||5.6|6.6|7.3|||||||||||||||||||||||||||||||||"27657579"|"82714539"
"Cd1"||"C"||1||53|||91|||||0|0|15|0|5|25|55|90|95|50|85|90|25|75|90|10|40|80|33|62.6|85||4.1|||6.1|||8.5|||23.3|||20.6||0|28.8|50||14.1|||14.7||0|8.6|17|0|0|10|0.1|0.1|1||||1.7|1.9|2.2|||||1.94|||0.42|0.91|1.4|0|0.07|0.1|||||19|||11|||||0|0.1|2.9|0|14|25|0|0|6|0|0|3|".49"|".49"|3|15|25|0|0|0|0|0|0|0|0|0|1|4|10|||||19||7.4|8.4|9||7.8|||||||||||||||||||||||||||||"Very high"|"Moist"|"27657580"|"82714544"
"Cd2"||"C"||2||91|||122|||||0|0|15|0|5|25|55|95|95|50|90|90|25|75|90|10|40|80|33|67.4|85||4.6|||7|||10.4|||23.1|||22.3||0|24.5|50||10.9|||13.6||0|8.1|17|0|0|10|0.1|0.1|1||||1.75|2.02|2.2|||||2.06|||0.42|0.91|1.4|0|0|0.1|||||16|||10|||||0|0|2.9|0|0|25|0|0|6|0|0|3|".49"|".49"|3|20|25|0|0|0|0|0|0|0|0|0|1|3|10|||||21.2||7.4|8.5|9||7.8|||||||||||||||||||||||||||||"Very high"|"Moist"|"27657580"|"82714545"
"Cd3"||"C"||3||122|||183|||||0|0|15|0|5|25|55|95|95|50|90|90|25|75|90|10|40|80|33|66.4|85||4.2|||6.4|||7.7|||24.5|||23.6||0|24.2|50||9.8|||14.4||0|9.4|17|0|0.7|10|0.1|0.1|1||||1.75|2|2.2|||||2.04|||0.42|0.91|1.4|0|0|0.1|||||16|||10|||||0|2|2.9|0|13|25|0|1|6|0|0|3|".49"|".49"|3|20|25|0|0|0|0|0|0|0|0|0|1|3.5|10|||||24.9||7.4|8.5|9||7.8|||||||||||||||||||||||||||||"Very high"|"Moist"|"27657580"|"82714546"
"Ap"||"A"||||0|||23|||||0|0|15|0|0|25|55|95|95|50|90|90|25|80|90|10|45|80|33|56.8|85||1.8|||5.6|||8.2|||24.1|||17.1||0|31.9|50||18.5|||13.4||0|11.3|17|0|0.4|10|1|4|15||||0.85|1.26|1.55|||||1.35|||4|20|42|0.06|0.15|0.24|||||26|||11|||||0|2.9|2.9|0|0|50|0|0|6|0|0|8|".20"|".20"|0|0|0|0|0|0|0|0|0|0|0|0|5|14|25|||||13.7||5.6|7.6|7.8||7|||||||||||||||||||||||||||||"Moderate"|"Moist"|"27657580"|"82714541"
"Bw"||"B"||||23|||36|||||0|0|15|0|0|25|55|95|95|50|90|90|25|80|90|10|45|80|33|59.2|85||1.7|||5.3|||10|||24.5|||17.7||0|31.2|50||16.5|||14.7||0|9.6|17|0|0.2|10|0.1|1|5||||1.2|1.49|1.65|||||1.53|||4|20|42|0.05|0.13|0.19|||||22|||9|||||0|2|2.9|0|0|30|0|0|6|0|0|4|".43"|".43"|0|0|0|0|0|0|0|0|0|0|0|0|3|9|20|||||3.9||5.6|7.4|7.8||6.9|||||||||||||||||||||||||||||"Moderate"|"Moist"|"27657580"|"82714542"
"BC"||"BC"||||36|||53|||||0|0|15|0|2|25|55|95|95|50|90|90|25|80|90|10|45|80|33|56.9|85||2|||4.7|||7.8|||24.2|||18.2||0|31.6|50||16.6|||15||0|11.5|17|0|4.8|10|0.1|0.6|3||||1.3|1.59|1.65|||||1.62|||4|20|42|0.05|0.1|0.18|||||22|||11|||||0|2|2.9|0|18|30|0|3|6|0|0|4|".43"|".43"|0|0|0|0|0|0|0|0|0|0|0|0|3|10.5|20|||||4.5||5.6|7.7|7.8||7.2|||||||||||||||||||||||||||||"Moderate"|"Moist"|"27657580"|"82714543"
"R"||"R"||||89|||183|||||0|0|0|0|0|0||||||||||||||0|||0|||0|||0|||0|||0|||0|||||||||0|||||0|0|0||||||||||||||0|0.01|42|0|0|0||||||||||||||0|||||||||||||0|0|0|0|0|0|0|0|0|0|0|0|||||||||||||||||||||||||||||||||||||||||||"Extremely high"|"Dry"|"27657581"|"82714551"
"Ap"||"A"||||0|||13|||||0|0|15|0|0|25|55|95|95|50|90|90|25|75|90|10|55|90|15|46|85||4.6|||6.2|||8.2|||14.1|||12.9||0|44|80|||||||0|10|17|0|0|0|1|4|15||||0.85|1.26|1.45|||||1.35|||4|14|42|0.05|0.15|0.28|||||26|||11|||||0|1.5|2.9|0|25|50|0|3|6|0|0|10|".28"|".28"|0|0|0|0|0|0|0|0|0|0|0|0|5|15|25|||||10||5.6|6.8|7.3|||||||||||||||||||||||||||||||"Moderate"|"Moist"|"27657581"|"82714547"
"Bw1"||"B"||1||13|||23|||||0|0|15|0|0|25|55|95|95|50|90|90|25|80|90|10|35|90|15|68.5|85||0.3|||4.7|||15.2|||29.8|||18.5||0|21.5|80|||||||0|10|17|0|0|0|0.1|1|5||||1.2|1.47|1.55|||||1.51|||4|20|42|0.05|0.1|0.21|||||21|||10|||||0|0.5|2.9|0|17|30|0|3|6|0|0|5|".32"|".32"|0|0|0|0|0|0|0|0|0|0|0|0|3|9|20|||||4||5.6|6.8|7.8|||||||||||||||||||||||||||||||"Moderate"|"Moist"|"27657581"|"82714548"
"Bw2"||"B"||2||23|||46|||||0|0|15|0|0|25|55|95|95|50|90|90|25|80|90|10|35|90|15|68.5|85||0.3|||4.7|||15.2|||29.8|||18.5||0|21.5|80|||||||0|10|17|0|0|0|0.1|1|5||||1.2|1.47|1.55|||||1.51|||4|20|42|0.05|0.1|0.21|||||21|||10|||||0|0.5|2.9|0|17|30|0|3|6|0|0|5|".32"|".32"|0|0|0|0|0|0|0|0|0|0|0|0|3|9|20|||||4||5.6|6.8|7.8|||||||||||||||||||||||||||||||"Moderate"|"Moist"|"27657581"|"82714549"
"C"||"C"||||46|||89|||||0|0|10|0|10|25|55|75|95|50|70|90|25|60|90|10|30|90|15|64.3|85||4.7|||3.1|||14.2|||25.2|||17.1||0|30.7|80|||||||0|5|17|0|0|10|0.1|0.1|1||||1.45|1.65|1.75|||||1.68|||4|15|42|0.05|0.09|0.21|||||22|||10|||||0|0.1|2.9|0|10|25|0|1|6|0|0|3|".28"|".49"|3|15|25|0|0|0|0|0|0|0|0|0|1|5|10|||||20||7.4|8|8.4|||||||||||||||||||||||||||||||"High"|"Moist"|"27657581"|"82714550"
"C"||"C"||||61|||183|||||0|0|15|0|5|25|40|80|95|35|75|90|20|55|90|5|35|80|33|65.6|85||5.8|||12.8|||15.5|||19.4|||12.1||0|29.4|50|||||||0|5|17|0|0|10|0.1|0.3|1||||1.45|1.62|1.75|||||1.65|||1.4|20|42|0.03|0.09|0.14|||||22|||11|||||0|0.1|2.9|0|10|25|0|1|6|0|0|3|".20"|".37"|2|10|25|0|0|0|0|0|0|0|0|0|1|5|10|||||20||6.6|7.6|8.4|||||||||||||||||||||||||||||||"High"|"Moist"|"27657582"|"82714555"
"Bw2"||"B"||2||46|||61|||||0|0|15|0|0|25|55|90|95|50|85|90|25|75|90|10|55|80|33|43.8|85||4.3|||5.9|||7.8|||13.5|||12.3||0|40.2|50|||||||0|16|17|0|0|0|0.1|1|5||||1.2|1.47|1.65|||||1.51|||4|14|42|0.05|0.14|0.19|||||23|||10|||||0|1|2.9|0|23|30|0|6|6|0|0|4|".37"|".37"|0|0|0|0|0|0|0|0|0|0|0|0|3|9|20|||||4||5.6|7.2|7.3|||||||||||||||||||||||||||||||"Moderate"|"Moist"|"27657582"|"82714554"
"Ap"||"A"||||0|||23|||||0|0|15|0|5|25|55|80|95|50|75|90|25|70|90|10|55|90|15|32.1|85||2.9|||4|||5.4|||9.9|||9.9||0|55.9|80|||||||0|12|17|0|0|0|1|8|20||||0.7|1.06|1.55|||||1.13|||4|14|42|0.05|0.17|0.3|||||30|||11|||||0|2.9|2.9|0|30|60|0|4|6|0|0|13|".20"|".37"|0|0|0|0|0|0|0|0|0|0|0|0|5|15|25|||||10||5.6|6.4|7.3|||||||||||||||||||||||||||||||"Moderate"|"Moist"|"27657582"|"82714552"
"Bw1"||"B"||1||23|||46|||||0|0|15|0|0|25|55|90|95|50|85|90|25|75|90|10|60|80|33|45|85||4.5|||6.1|||8|||13.8|||12.6||0|43|50|||||||0|12|17|0|0|0|0.1|1|5||||1.2|1.47|1.65|||||1.51|||4|14|42|0.05|0.14|0.19|||||23|||10|||||0|1|2.9|0|20|30|0|4|6|0|0|4|".43"|".43"|0|0|0|0|0|0|0|0|0|0|0|0|3|9|20|||||4||5.6|7|7.3|||||||||||||||||||||||||||||||"Moderate"|"Moist"|"27657582"|"82714553"
"H1"||"H"||1||0|||23|||||5|5|25|10|10|25|70|95|95|40|90|90|30|75|85|20|55|75|35|45.3|75||4.5|||6.1|||8.1|||13.9|||12.7||15|43.2|65|||||||5|11.5|18||||2|4|6||||1|1.13|1.25||||1.06|1.19|1.31||4.2333|9.1722|14.1111|0.11|0.16|0.21||||4.4|22.4|25.9|1.7|8.4|12.8|17|46|50|0|1.5|2.9|20|31|42|2|7|12|0|1|9|".32"|".32"|0|0|0|0|0|0|0|0|0|0|0|0|4.7|9.9|14.9|||||||5.1|6.2|7.3|||||||||||||||||||||||||||||||||"27657583"|"82714559"
"H3"||"H"||3||43|||76|||||0|1|1|0|3|10|60|90|95|50|85|85|40|75|85|20|40|50|35|67.5|75||0.3|||4.7|||15|||29.3|||18.2||15|21|65|||||||5|11.5|18||||0|0.25|0.5||||1.6|1.73|1.85||||1.69|1.82|1.91||0.4233|0.9172|4.2333|0.08|0.13|0.18||||4.4|16.6|21|2.1|8.2|13.3|16|29|34|0|1.5|2.9|16|23|30|2|3|12|0|0|2|".37"|".37"|0|0|0|0|0|0|0|0|0|0|0|0|2.5|6.8|10.7|||||||5.6|6.5|7.3|||||||||||||||||||||||||||||||||"27657583"|"82714557"
"H2"||"H"||2||23|||43|||||0|1|1|0|3|10|75|90|95|65|85|90|60|73|85|30|53|65|35|45.3|75||4.5|||6.1|||8.1|||13.9|||12.7||15|43.2|65|||||||5|11.5|18||||0.5|1.25|2||||1.4|1.53|1.65||||1.48|1.61|1.69||4.2333|9.1722|14.1111|0.12|0.17|0.22||||7.5|21.9|27.2|2.7|7.8|13|25|35|41|0|1.5|2.9|17|25|33|2|3|12|0|0|5|".49"|".49"|0|0|0|0|0|0|0|0|0|0|0|0|3.9|8.5|12.9|||||||5.6|6.5|7.3|||||||||||||||||||||||||||||||||"27657583"|"82714558"
"H4"||"H"||4||76|||165|||||0|1|1|0|5|10|50|75|90|35|65|85|30|55|80|25|45|75|35|45.8|75||4.6|||6.2|||8.1|||14.1|||12.8||15|43.7|65|||||||3|10.5|18||||0|0.25|0.5||||1.6|1.73|1.85||||1.71|1.84|1.95||0.4233|0.9172|4.2333|0.07|0.12|0.17||||2.6|16.6|25.5|0.8|5.4|11.9|12|23|34|0|1.5|2.9|0|22|30|0|3|12|0|0|7|".28"|".55"|0|0|20|0|0|0|0|0|0|0|0|0|1.6|6.3|10.7|||||||5.6|7|8.4|||||||||||||||||||||||||||||||||"27657583"|"82714556"
"Ap"||"A"|||0|0|0|8|20|28||20||0|0|5|0|0|15|55|95|95|50|90|90|25|80|90|10|55|90|14|44|76|0|3|12|1|6|18|1|6|21|4|15|41|5|14|28|15|44|77|7|20|48|8|24|54|1|12|18|0|0|0|1|4|10||||0.99|1.27|1.55||||1.07|1.36|1.67||1|9|100|0.05|0.15|0.24||||15|25|40|5|10|20|20|45|60|0.3|1.6|2.8|4|26|43|0|4|7|0|0|9|".28"|".28"|0|0|3|0|0|0|0|0|0|0|0|0|10|15|30||||2|12|40|5.6|6.8|7.3||||||||||2|10|20|||||||||||||||||||"Low"|"Moist"|"27657584"|"82714564"
"Bw1"||"B"||1|8|20|28|13|45|52||25||0|0|5|0|0|15|55|95|95|50|90|90|25|80|90|10|55|90|14|44|76|0|3|12|1|6|18|1|6|21|4|15|41|5|14|28|15|44|77|7|20|48|8|24|54|1|12|18|0|0|0|0.1|1|5||||1.21|1.47|1.63||||1.25|1.51|1.68||1|14|100|0.05|0.14|0.22||||10|20|35|3|7|20|15|35|50|0|1.1|2.5|2|20|33|0|4|7|0|0|6|".43"|".43"|0|0|10|0|0|0|0|0|0|0|0|0|3|10|25||||1|5|45|5.6|6.8|7.3||||||||||1|5|15|||||||||||||||||||"Moderate"|"Moist"|"27657584"|"82714560"
"Bw2"||"B"||2|13|45|52|33|68|84||23||0|0|5|0|2|15|55|90|95|50|85|90|25|75|90|10|55|90|14|44|76|0|3|12|1|6|18|1|6|21|4|15|41|5|14|28|15|44|77|7|20|48|8|24|54|1|12|18|0|0|0|0.1|1|5||||1.21|1.47|1.63||||1.25|1.51|1.68||1|14|100|0.05|0.13|0.22||||10|20|35|3|7|20|15|35|50|0|1|2.5|2|20|33|0|4|7|0|0|6|".43"|".43"|0|0|10|0|0|0|0|0|0|0|0|0|3|10|25||||1|5|45|5.6|7|7.3||||||||||1|5|15|||||||||||||||||||"Moderate"|"Moist"|"27657584"|"82714561"
"C"||"C"|||38|94|105|200|200|200||106||0|0|10|0|8|20|40|75|95|35|70|90|20|55|90|5|30|90|14|66|76|0|7|12|1|12|18|1|12|21|4|20|41|5|15|28|15|29|77|7|16|48|8|13|54|1|5|18|0|0|4|0.01|0.2|1||||1.47|1.63|2.2||||1.5|1.66|2.24||0.1|20|100|0.04|0.08|0.2||||5|15|20|2|5|15|10|25|40|0|0.3|1.8|2|8|25|0|1|7|0|0|4|".20"|".37"|5|18|35|0|0|0|0|0|0|0|0|0|1|5|15||||1|20|55|6.6|8.2|8.4||||||||||0.1|1|5|||||||||||||||||||"Moderate"|"Moist"|"27657584"|"82714562"
"BC"||"BC"|||33|68|84|38|94|105||26||0|0|5|0|3|15|55|85|95|50|80|90|25|70|90|10|50|90|14|44|76|0|3|12|1|6|18|1|6|21|4|15|41|5|14|28|15|44|77|7|20|48|8|24|54|1|12|18|0|0|0|0.1|0.5|2||||1.39|1.51|1.73||||1.42|1.54|1.76||0.1|14|100|0.05|0.13|0.2||||5|15|25|2|5|15|10|25|45|0|0.8|1.8|2|19|27|0|4|7|0|0|5|".32"|".49"|0|6|30|0|0|0|0|0|0|0|0|0|1|5|15||||1|12|55|5.6|7.2|7.8||||||||||1|2|5|||||||||||||||||||"Moderate"|"Moist"|"27657584"|"82714563"
"H1"||"H"||1||0|||20|||||0|0|0|0|0|0|100|100|100|95|100|100|95|97.5|100|90|95|100|0|5.3|20||0.2|||0.3|||0.6|||1.7|||2.5||10|44.7|60|||||||40|50|90||||4|9.5|16||||1.1|1.3|1.5||||1.41|1.61|1.68||0|0.7056|1.4111|0.11|0.13|0.14||||0.8|37.5|46.3|0.7|36.1|41.6|34|43|51|6|7.5|8.9|40|60|80|10|25|40|11|30|51|".49"|".49"|0|0|0|0|0|0|0|0|0|0|0|0|19.6|27.8|49|||||||5.6|6.5|7.3|||||||||||||||||||||||||||||||||"27657586"|"82714566"
"H2"||"H"||2||20|||71|||||0|0|0|0|0|0|100|100|100|95|100|100|90|95|100|85|90|100|0|7.4|20||0.7|||0.9|||1.2|||2.3|||2.3||10|17.6|40|||||||60|75|90||||0.5|1.25|2||||1.25|1.38|1.5||||1.58|1.71|1.78||0|0.2117|0.4233|0.09|0.1|0.11||||37|43.3|45.2|31.9|40.7|41.5|39|45|49|6|7.5|8.9|50|65|80|20|35|45|19|36|55|".49"|".49"|0|0|0|0|0|0|0|0|0|0|0|0|18.7|27.8|39.7|||||||5.6|6.7|7.8|||||||||||||||||||||||||||||||||"27657586"|"82714567"
"H3"||"H"||3||71|||165|||||0|0|0|0|0|0|100|100|100|95|100|100|90|95|100|85|90|100|0|7.4|20||0.7|||0.9|||1.2|||2.3|||2.3||10|17.6|40|||||||60|75|90||||0|0.25|0.5||||1.25|1.38|1.5||||1.58|1.71|1.78||0|0.2117|0.4233|0.08|0.09|0.1||||40|43.3|45.2|31.4|40.5|40.7|40|45|50|6|7.5|8.9|50|65|80|20|35|45|19|36|55|".49"|".49"|0|0|0|0|0|0|0|0|0|0|0|0|12.2|22.5|34.4|||||||5.6|7|8.4|||||||||||||||||||||||||||||||||"27657586"|"82714568"
"H2"||"H"||2||15|||91|||||0|0|0|0|0|0|100|100|100|100|100|100|90|95|100|90|95|100|0|7.4|20||0.7|||0.9|||1.2|||2.3|||2.3||10|17.6|40|||||||60|75|90||||0|0.5|1||||1.4|1.5|1.6||||1.76|1.86|1.94||0|0.2117|0.4233|0.12|0.13|0.13||||35.2|40.5|42.3|33|36.4|38|37|41|44|6|7.5|8.9|50|57|65|21|28|35|22|31|42|".28"|".28"|0|1|1|0|0|0|0|0|0|0|0|0|13.3|26.2|41|||||||5.1|6.5|7.8|||||||||||||||||||||||||||||||||"27657587"|"82714570"
"H3"||"H"||3||91|||152|||||0|0|0|0|0|0|100|100|100|100|100|100|90|95|100|85|92.5|100|0|11.4|20||1.1|||1.4|||1.9|||3.5|||3.5||10|13.6|40|||||||60|75|90||||0|0.5|1||||1.4|1.45|1.5||||1.75|1.8|1.87||0|0.2117|0.4233|0.12|0.13|0.14||||39.5|41.7|43.5|32.7|39.2|41.4|41|43|44|6|7.5|8.9|50|57|65|21|28|35|20|30|42|".28"|".28"|1|6|10|0|0|0|0|0|0|0|0|0|12.2|20.2|25.2|||||||7.9|8.2|8.4|||||||||||||||||||||||||||||||||"27657587"|"82714571"
"H1"||"H"||1||0|||15|||||0|0|0|0|0|0|100|100|100|100|100|100|90|95|100|80|87.5|95|0|31.2|40||2.6|||3|||5.9|||10.8|||8.9||20|26.8|70|||||||27|42|50||||3|6|9||||1.1|1.18|1.25||||1.27|1.35|1.4||0.4233|0.9172|1.4111|0.12|0.17|0.22||||19.6|41.5|43.3|15.9|27|33.5|46|49|52|3|4.5|5.9|43|62|76|18|29|35|14|30|42|".49"|".49"|0|1|1|0|0|0|0|0|0|0|0|0|14|23.9|36.1|||||||5.1|6.5|7.8|||||||||||||||||||||||||||||||||"27657587"|"82714569"
"H1"||"H"||1||0|||15|||||0|0|0|0|0|0|100|100|100|100|100|100|85|95|100|80|87|100|0|15.9|45||1.4|||2|||2.7|||4.9|||4.9||0|25.6|40|||||||27|58.5|90||||2|4|6||||1.1|1.3|1.5||||1.28|1.48|1.54||0.4233|2.3283|4.2333|0.11|0.16|0.21||||17.4|42.6|47.1|16.4|34.7|42.4|38|46|53|3|4.5|5.9|40|60|80|20|30|40|15|30|51|".49"|".49"|0|0|0|0|0|0|0|0|0|0|0|0|14.4|31.1|56.5|||||||4.5|5.9|7.3|||||||||||||||||||3.4||102.9|499.1||878.1|||||||||"27657588"|"82714572"
"H2"||"H"||2||15|||36|||||0|0|0|0|0|0|100|100|100|100|100|100|85|98|100|75|94|100|0|7.4|45||0.7|||0.9|||1.2|||2.3|||2.3||0|17.6|40|||||||60|75|90||||0.5|1.25|2||||1.25|1.38|1.5||||1.44|1.57|1.64||0|0.7056|1.4111|0.09|0.1|0.11||||38|43.3|45.2|32.8|40.7|41.5|40|45|49|3|4.5|5.9|50|65|80|20|32|45|16|36|55|".49"|".49"|0|0|0|0|0|0|0|0|0|0|0|0|20.2|32|50.5|||||||4.5|5.9|7.3|||||||||||||||||||0.3||5.4|183.7||674.7|||||||||"27657588"|"82714573"
"H3"||"H"||3||36|||63|||||0|0|0|0|0|0|100|100|100|100|100|100|85|98|100|80|94|100|0|7.4|45||0.7|||0.9|||1.2|||2.3|||2.3||0|17.6|40|||||||60|75|90||||0.5|1.25|2||||1.25|1.38|1.5||||1.44|1.57|1.64||0|0.7056|1.4111|0.09|0.1|0.11||||38|43.3|45.2|32.8|40.7|41.5|40|45|49|3|4.5|5.9|50|65|80|20|32|45|17|36|55|".49"|".49"|0|0|0|0|0|0|0|0|0|0|0|0|17.3|26.5|39.7|||||||5.6|7|8.4|||||||||||||||||||0.2||0.6|400.4||674.6|||||||||"27657588"|"82714574"
"H4"||"H"||4||63|||165|||||0|0|0|0|0|0|100|100|100|100|100|100|85|98|100|80|94|100|0|7.4|45||0.7|||0.9|||1.2|||2.3|||2.3||0|17.6|40|||||||60|75|90||||0|0.25|0.5||||1.25|1.38|1.5||||1.44|1.57|1.64||0|0.2117|0.4233|0.08|0.09|0.1||||39|43.3|45.2|32.2|40.5|40.7|41|45|50|3|4.5|5.9|50|65|80|20|32|45|17|36|55|".49"|".49"|0|0|0|0|0|0|0|0|0|0|0|0|12.2|18.9|23.5|||||||7.9|8.2|8.4|||||||||||||||||||0.1||9.5|232||510.8|||||||||"27657588"|"82714575"
"R"||"R"||||66|||91||||||||||||||||||||||||||||||||||||||||||||||||||||||||||||||||||||||||0.0706|0.215|141.1111|||||||||||||||||||||||||||||||||0|0|0|0|0|0|0|0|0|||||||||||||||||||||||||||||||||||||||||||||"27657589"|"82714576"
"H1"||"H"||1||0|||13|||||0|0|0|0|0|0|100|100|100|100|100|100|90|95|100|85|92.5|100||16.2|||1.5|||2|||2.7|||5|||5|||26.3||||||||35|57.5|80||||2|4|6||||1.25|1.38|1.5||||1.44|1.57|1.64||0|0.7056|1.4111|0.16|0.18|0.19||||22.9|40.7|44|21.7|35.2|39.6|38|43|48|3|4.5|5.9|47|71|94|24|41|57|21|44|70|".49"|".49"|0|0|0|0|0|0|0|0|0|0|0|0|16.8|29.1|45.9|||||||5.1|6.2|7.3|||||||||||||||||||||||||||||||||"27657589"|"82714577"
"H2"||"H"||2||13|||66|||||0|0|0|0|0|0|100|100|100|100|100|100|95|97.5|100|95|97.5|100||7.4|||0.7|||0.9|||1.2|||2.3|||2.3|||17.6||||||||60|75|90||||0.5|1.25|2||||1.1|1.25|1.4||||1.28|1.43|1.48||0|0.2117|0.4233|0.15|0.17|0.18||||43.8|46.2|48.3|31.5|39.9|48.1|44|49|55|3|4.5|5.9|66|81|96|43|54|66|46|61|78|".49"|".49"|0|0|0|0|0|0|0|0|0|0|0|0|18.7|27.8|39.7|||||||5.6|6.7|7.8|||||||||||||||||||||||||||||||||"27657589"|"82714578"
"H1"||"H"||1||0|||20|||||0|0|0|0|0|0|100|100|100|95|100|100|95|97.5|100|90|95|100|0|5.3|20||0.2|||0.3|||0.6|||1.7|||2.5||10|44.7|60|||||||40|50|90||||4|9.5|16||||1.1|1.3|1.5||||1.41|1.61|1.68||0|0.7056|1.4111|0.11|0.13|0.14||||0.8|37.5|46.3|0.7|36.1|41.6|34|43|51|6|7.5|8.9|40|60|80|10|25|40|11|30|51|".49"|".49"|0|0|0|0|0|0|0|0|0|0|0|0|19.6|27.8|49|||||||5.6|6.5|7.3|||||||||||||||||||||||||||||||||"27657590"|"82714579"
"H2"||"H"||2||20|||71|||||0|0|0|0|0|0|100|100|100|95|100|100|90|95|100|85|90|100|0|7.4|20||0.7|||0.9|||1.2|||2.3|||2.3||10|17.6|40|||||||60|75|90||||0.5|1.25|2||||1.25|1.38|1.5||||1.58|1.71|1.78||0|0.2117|0.4233|0.09|0.1|0.11||||37|43.3|45.2|31.9|40.7|41.5|39|45|49|6|7.5|8.9|50|65|80|20|35|45|19|36|55|".49"|".49"|0|0|0|0|0|0|0|0|0|0|0|0|18.7|27.8|39.7|||||||5.6|6.7|7.8|||||||||||||||||||||||||||||||||"27657590"|"82714580"
"H3"||"H"||3||71|||165|||||0|0|0|0|0|0|100|100|100|95|100|100|90|95|100|85|90|100|0|7.4|20||0.7|||0.9|||1.2|||2.3|||2.3||10|17.6|40|||||||60|75|90||||0|0.25|0.5||||1.25|1.38|1.5||||1.58|1.71|1.78||0|0.2117|0.4233|0.08|0.09|0.1||||40|43.3|45.2|31.4|40.5|40.7|40|45|50|6|7.5|8.9|50|65|80|20|35|45|19|36|55|".49"|".49"|0|0|0|0|0|0|0|0|0|0|0|0|12.2|22.5|34.4|||||||5.6|7|8.4|||||||||||||||||||||||||||||||||"27657590"|"82714581"
"H2"||"H"||2||15|||91|||||0|0|0|0|0|0|100|100|100|100|100|100|90|95|100|90|95|100|0|7.4|20||0.7|||0.9|||1.2|||2.3|||2.3||10|17.6|40|||||||60|75|90||||0|0.5|1||||1.4|1.5|1.6||||1.76|1.86|1.94||0|0.2117|0.4233|0.12|0.13|0.13||||35.2|40.5|42.3|33|36.4|38|37|41|44|6|7.5|8.9|50|57|65|21|28|35|22|31|42|".28"|".28"|0|1|1|0|0|0|0|0|0|0|0|0|13.3|26.2|41|||||||5.1|6.5|7.8|||||||||||||||||||||||||||||||||"27657591"|"82714583"
"H3"||"H"||3||91|||152|||||0|0|0|0|0|0|100|100|100|100|100|100|90|95|100|85|92.5|100|0|11.4|20||1.1|||1.4|||1.9|||3.5|||3.5||10|13.6|40|||||||60|75|90||||0|0.5|1||||1.4|1.45|1.5||||1.75|1.8|1.87||0|0.2117|0.4233|0.12|0.13|0.14||||39.5|41.7|43.5|32.7|39.2|41.4|41|43|44|6|7.5|8.9|50|57|65|21|28|35|20|30|42|".28"|".28"|1|6|10|0|0|0|0|0|0|0|0|0|12.2|20.2|25.2|||||||7.9|8.2|8.4|||||||||||||||||||||||||||||||||"27657591"|"82714584"
"H1"||"H"||1||0|||15|||||0|0|0|0|0|0|100|100|100|100|100|100|90|95|100|80|87.5|95|0|31.2|40||2.6|||3|||5.9|||10.8|||8.9||20|26.8|70|||||||27|42|50||||3|6|9||||1.1|1.18|1.25||||1.27|1.35|1.4||0.4233|0.9172|1.4111|0.12|0.17|0.22||||19.6|41.5|43.3|15.9|27|33.5|46|49|52|3|4.5|5.9|43|62|76|18|29|35|14|30|42|".49"|".49"|0|1|1|0|0|0|0|0|0|0|0|0|14|23.9|36.1|||||||5.1|6.5|7.8|||||||||||||||||||||||||||||||||"27657591"|"82714582"
"H1"||"H"||1||0|||15|||||0|0|0|0|0|0|100|100|100|100|100|100|85|95|100|80|87|100|0|15.9|45||1.4|||2|||2.7|||4.9|||4.9||0|25.6|40|||||||27|58.5|90||||2|4|6||||1.1|1.3|1.5||||1.28|1.48|1.54||0.4233|2.3283|4.2333|0.11|0.16|0.21||||17.4|42.6|47.1|16.4|34.7|42.4|38|46|53|3|4.5|5.9|40|60|80|20|30|40|15|30|51|".49"|".49"|0|0|0|0|0|0|0|0|0|0|0|0|14.4|31.1|56.5|||||||4.5|5.9|7.3|||||||||||||||||||||||||||||||||"27657592"|"82714585"
"H2"||"H"||2||15|||36|||||0|0|0|0|0|0|100|100|100|100|100|100|85|98|100|75|94|100|0|7.4|45||0.7|||0.9|||1.2|||2.3|||2.3||0|17.6|40|||||||60|75|90||||0.5|1.25|2||||1.25|1.38|1.5||||1.44|1.57|1.64||0|0.7056|1.4111|0.09|0.1|0.11||||38|43.3|45.2|32.8|40.7|41.5|40|45|49|3|4.5|5.9|50|65|80|20|32|45|16|36|55|".49"|".49"|0|0|0|0|0|0|0|0|0|0|0|0|20.2|32|50.5|||||||4.5|5.9|7.3|||||||||||||||||||||||||||||||||"27657592"|"82714586"
"H3"||"H"||3||36|||63|||||0|0|0|0|0|0|100|100|100|100|100|100|85|98|100|80|94|100|0|7.4|45||0.7|||0.9|||1.2|||2.3|||2.3||0|17.6|40|||||||60|75|90||||0.5|1.25|2||||1.25|1.38|1.5||||1.44|1.57|1.64||0|0.7056|1.4111|0.09|0.1|0.11||||38|43.3|45.2|32.8|40.7|41.5|40|45|49|3|4.5|5.9|50|65|80|20|32|45|17|36|55|".49"|".49"|0|0|0|0|0|0|0|0|0|0|0|0|17.3|26.5|39.7|||||||5.6|7|8.4|||||||||||||||||||||||||||||||||"27657592"|"82714587"
"H4"||"H"||4||63|||165|||||0|0|0|0|0|0|100|100|100|100|100|100|85|98|100|80|94|100|0|7.4|45||0.7|||0.9|||1.2|||2.3|||2.3||0|17.6|40|||||||60|75|90||||0|0.25|0.5||||1.25|1.38|1.5||||1.44|1.57|1.64||0|0.2117|0.4233|0.08|0.09|0.1||||39|43.3|45.2|32.2|40.5|40.7|41|45|50|3|4.5|5.9|50|65|80|20|32|45|17|36|55|".49"|".49"|0|0|0|0|0|0|0|0|0|0|0|0|12.2|18.9|23.5|||||||7.9|8.2|8.4|||||||||||||||||||||||||||||||||"27657592"|"82714588"
"R"||"R"||||66|||91||||||||||||||||||||||||||||||||||||||||||||||||||||||||||||||||||||||||0.0706|0.215|141.1111|||||||||||||||||||||||||||||||||0|0|0|0|0|0|0|0|0|||||||||||||||||||||||||||||||||||||||||||||"27657593"|"82714589"
"H1"||"H"||1||0|||13|||||0|0|0|0|0|0|100|100|100|100|100|100|90|95|100|85|92.5|100||16.2|||1.5|||2|||2.7|||5|||5|||26.3||||||||35|57.5|80||||2|4|6||||1.25|1.38|1.5||||1.44|1.57|1.64||0|0.7056|1.4111|0.16|0.18|0.19||||22.9|40.7|44|21.7|35.2|39.6|38|43|48|3|4.5|5.9|47|71|94|24|41|57|21|44|70|".49"|".49"|0|0|0|0|0|0|0|0|0|0|0|0|16.8|29.1|45.9|||||||5.1|6.2|7.3|||||||||||||||||||||||||||||||||"27657593"|"82714590"
"H2"||"H"||2||13|||66|||||0|0|0|0|0|0|100|100|100|100|100|100|95|97.5|100|95|97.5|100||7.4|||0.7|||0.9|||1.2|||2.3|||2.3|||17.6||||||||60|75|90||||0.5|1.25|2||||1.1|1.25|1.4||||1.28|1.43|1.48||0|0.2117|0.4233|0.15|0.17|0.18||||43.8|46.2|48.3|31.5|39.9|48.1|44|49|55|3|4.5|5.9|66|81|96|43|54|66|46|61|78|".49"|".49"|0|0|0|0|0|0|0|0|0|0|0|0|18.7|27.8|39.7|||||||5.6|6.7|7.8|||||||||||||||||||||||||||||||||"27657593"|"82714591"
"H2"||"H"||2||15|||91|||||0|0|0|0|0|0|100|100|100|100|100|100|90|95|100|90|95|100|0|7.4|20||0.7|||0.9|||1.2|||2.3|||2.3||10|17.6|40|||||||60|75|90||||0|0.5|1||||1.4|1.5|1.6||||1.76|1.86|1.94||0|0.2117|0.4233|0.12|0.13|0.13||||35.2|40.5|42.3|33|36.4|38|37|41|44|6|7.5|8.9|50|57|65|21|28|35|22|31|42|".28"|".28"|0|1|1|0|0|0|0|0|0|0|0|0|13.3|26.2|41|||||||5.1|6.5|7.8|||||||||||||||||||||||||||||||||"27657594"|"82714593"
"H3"||"H"||3||91|||152|||||0|0|0|0|0|0|100|100|100|100|100|100|90|95|100|85|92.5|100|0|11.4|20||1.1|||1.4|||1.9|||3.5|||3.5||10|13.6|40|||||||60|75|90||||0|0.5|1||||1.4|1.45|1.5||||1.75|1.8|1.87||0|0.2117|0.4233|0.12|0.13|0.14||||39.5|41.7|43.5|32.7|39.2|41.4|41|43|44|6|7.5|8.9|50|57|65|21|28|35|20|30|42|".28"|".28"|1|6|10|0|0|0|0|0|0|0|0|0|12.2|20.2|25.2|||||||7.9|8.2|8.4|||||||||||||||||||||||||||||||||"27657594"|"82714594"
"H1"||"H"||1||0|||15|||||0|0|0|0|0|0|100|100|100|100|100|100|90|95|100|80|87.5|95|0|31.2|40||2.6|||3|||5.9|||10.8|||8.9||20|26.8|70|||||||27|42|50||||3|6|9||||1.1|1.18|1.25||||1.27|1.35|1.4||0.4233|0.9172|1.4111|0.12|0.17|0.22||||19.6|41.5|43.3|15.9|27|33.5|46|49|52|3|4.5|5.9|43|62|76|18|29|35|14|30|42|".49"|".49"|0|1|1|0|0|0|0|0|0|0|0|0|14|23.9|36.1|||||||5.1|6.5|7.8|||||||||||||||||||||||||||||||||"27657594"|"82714592"
"H1"||"H"||1||0|||15|||||0|0|0|0|0|0|100|100|100|100|100|100|85|95|100|80|87|100|0|15.9|45||1.4|||2|||2.7|||4.9|||4.9||0|25.6|40|||||||27|58.5|90||||2|4|6||||1.1|1.3|1.5||||1.28|1.48|1.54||0.4233|2.3283|4.2333|0.11|0.16|0.21||||17.4|42.6|47.1|16.4|34.7|42.4|38|46|53|3|4.5|5.9|40|60|80|20|30|40|15|30|51|".49"|".49"|0|0|0|0|0|0|0|0|0|0|0|0|14.4|31.1|56.5|||||||4.5|5.9|7.3|||||||||||||||||||||||||||||||||"27657595"|"82714595"
"H2"||"H"||2||15|||36|||||0|0|0|0|0|0|100|100|100|100|100|100|85|98|100|75|94|100|0|7.4|45||0.7|||0.9|||1.2|||2.3|||2.3||0|17.6|40|||||||60|75|90||||0.5|1.25|2||||1.25|1.38|1.5||||1.44|1.57|1.64||0|0.7056|1.4111|0.09|0.1|0.11||||38|43.3|45.2|32.8|40.7|41.5|40|45|49|3|4.5|5.9|50|65|80|20|32|45|16|36|55|".49"|".49"|0|0|0|0|0|0|0|0|0|0|0|0|20.2|32|50.5|||||||4.5|5.9|7.3|||||||||||||||||||||||||||||||||"27657595"|"82714596"
"H3"||"H"||3||36|||63|||||0|0|0|0|0|0|100|100|100|100|100|100|85|98|100|80|94|100|0|7.4|45||0.7|||0.9|||1.2|||2.3|||2.3||0|17.6|40|||||||60|75|90||||0.5|1.25|2||||1.25|1.38|1.5||||1.44|1.57|1.64||0|0.7056|1.4111|0.09|0.1|0.11||||38|43.3|45.2|32.8|40.7|41.5|40|45|49|3|4.5|5.9|50|65|80|20|32|45|17|36|55|".49"|".49"|0|0|0|0|0|0|0|0|0|0|0|0|17.3|26.5|39.7|||||||5.6|7|8.4|||||||||||||||||||||||||||||||||"27657595"|"82714597"
"H4"||"H"||4||63|||165|||||0|0|0|0|0|0|100|100|100|100|100|100|85|98|100|80|94|100|0|7.4|45||0.7|||0.9|||1.2|||2.3|||2.3||0|17.6|40|||||||60|75|90||||0|0.25|0.5||||1.25|1.38|1.5||||1.44|1.57|1.64||0|0.2117|0.4233|0.08|0.09|0.1||||39|43.3|45.2|32.2|40.5|40.7|41|45|50|3|4.5|5.9|50|65|80|20|32|45|17|36|55|".49"|".49"|0|0|0|0|0|0|0|0|0|0|0|0|12.2|18.9|23.5|||||||7.9|8.2|8.4|||||||||||||||||||||||||||||||||"27657595"|"82714598"
"R"||"R"||||66|||91||||||||||||||||||||||||||||||||||||||||||||||||||||||||||||||||||||||||0.0706|0.215|141.1111|||||||||||||||||||||||||||||||||0|0|0|0|0|0|0|0|0|||||||||||||||||||||||||||||||||||||||||||||"27657596"|"82714599"
"H1"||"H"||1||0|||13|||||0|0|0|0|0|0|100|100|100|100|100|100|90|95|100|85|92.5|100||16.2|||1.5|||2|||2.7|||5|||5|||26.3||||||||35|57.5|80||||2|4|6||||1.25|1.38|1.5||||1.44|1.57|1.64||0|0.7056|1.4111|0.16|0.18|0.19||||22.9|40.7|44|21.7|35.2|39.6|38|43|48|3|4.5|5.9|47|71|94|24|41|57|21|44|70|".49"|".49"|0|0|0|0|0|0|0|0|0|0|0|0|16.8|29.1|45.9|||||||5.1|6.2|7.3|||||||||||||||||||||||||||||||||"27657596"|"82714600"
"H2"||"H"||2||13|||66|||||0|0|0|0|0|0|100|100|100|100|100|100|95|97.5|100|95|97.5|100||7.4|||0.7|||0.9|||1.2|||2.3|||2.3|||17.6||||||||60|75|90||||0.5|1.25|2||||1.1|1.25|1.4||||1.28|1.43|1.48||0|0.2117|0.4233|0.15|0.17|0.18||||43.8|46.2|48.3|31.5|39.9|48.1|44|49|55|3|4.5|5.9|66|81|96|43|54|66|46|61|78|".49"|".49"|0|0|0|0|0|0|0|0|0|0|0|0|18.7|27.8|39.7|||||||5.6|6.7|7.8|||||||||||||||||||||||||||||||||"27657596"|"82714601"
