"","response","email","date","site","initials","number","camera","first_photo","gps_n","gps_w","slope","aspect","height_ft","seedling_or_adult","dbh_cm","adult_crown_class","adult_dead_or_alive","dead_adult_base_epicormics","dead_adult_trunk_epicormics","dead_adult_canker_presence","dead_adult_canker_base","dead_adult_canker_1st9ft","dead_adult_canker_1stlivebranch","dead_adult_girdle","producing_seed","adult_percent_live_canopy","live_adult_base_epicormics","live_adult_trunk_epicormics","live_adult_canker_presence","live_adult_callus_presence","live_adult_canker_base","live_adult_canker_1st9ft","live_adult_canker_1stlivebranch","live_adult_girdle","live_adult_purdue_canker_rating","live_adult_purdue_canopy_ranking","densi_n","densi_e","densi_s","densi_w","basal_diameter_mm","seedling_damage","seedling_previous_stem_count","seedling_germ_yr","seedling_dead_or_alive","dead_seedling_canker_presence","seedling_percent_live_canopy","live_seedling_canker_presence","live_seedling_callus_presence","seedling_canker_base","seedling_canker_stem","seedling_girdle","seed_count","seed_bunch_size","terminal_bud","leaf_scar","lenticels","twig_hairs","riparian_or_upland","associate_trees","competition","other_competition","last_photo","notes","hybrid_visibility","Column.67","IGNORE.1","Ignore.2","ignore.3","ignore.4","ignore.5","ignore.6","ignore.7","ignore.8","Column.77","hickory","dogwood","black.walnut","white.pine","red.cedar","white.cedar","malus","buckthorn","ash","elm","mulberry","basswood","sumac","honeysuckle","elderberry","prunus","lilac","boxelder","maple","hackberry","butternut","oak","poplar","hazelnut","beech","gooseberry","spruce","birch","seedling_damage.1","Column.105"
"1",120,"kyliereroth@gmail.com","9/9/2025","ILM","BU","20","SonyHX90V",3366,44.88447,-73.3263,2,"E",34,"Adult",18,"Co-dominant","Alive","","","",NA,NA,NA,NA,"Unknown (unable to see)",75,"N","N","Y","Yes",1,7,10,7,1.5,1.5,NA,NA,NA,NA,NA,"",NA,NA,"","",NA,"","",NA,NA,NA,"","",NA,"","","","upland","butternut, ash, elm, maple, bitternut hickory, red cedar, basswood ","None apparent","",3379,"collected by Kylie","N",NA,"butternut","ash","elm","maple","hickory","red cedar","basswood","",NA,1,0,0,0,1,0,0,0,1,1,0,1,0,0,0,0,0,0,1,0,1,0,0,0,0,0,0,0,"",""
"2",121,"kyliereroth@gmail.com","9/9/2025","ILM","BU","22","SonyHX90V",3357,44.88445,-73.3262,1,"E",43,"Adult",42.3,"Dominant","Alive","","","",NA,NA,NA,NA,"Unknown (unable to see)",100,"N","N","Y","Yes",10,5,2,5,1.5,1,NA,NA,NA,NA,NA,"",NA,NA,"","",NA,"","",NA,NA,NA,"","",NA,"","","","upland","red cedar, butternut, basswood, bitternut hickory, ash, elm","None apparent","",3365,"collected by Kylie ","N",NA,"red cedar","butternut","basswood","hickory","ash","elm","","",NA,1,0,0,0,1,0,0,0,1,1,0,1,0,0,0,0,0,0,0,0,1,0,0,0,0,0,0,0,"",""
"3",122,"kyliereroth@gmail.com","9/9/2025","ILM","BU","23","SonyHX90V",3345,44.88453,-73.3262,1,"E",37,"Adult",25.8,"Co-dominant","Alive","","","",NA,NA,NA,NA,"Unknown (unable to see)",60,"Y","N","Y","Yes",25,45,45,70,3,2.5,NA,NA,NA,NA,NA,"",NA,NA,"","",NA,"","",NA,NA,NA,"","",NA,"0","Unsure","0","upland","red cedar, butternut, basswood, bitternut hickory, ash, elm ","None apparent","",3356,"collected by kylie","Y",NA,"red cedar","butternut","basswood","hickory","ash","elm","","",NA,1,0,0,0,1,0,0,0,1,1,0,1,0,0,0,0,0,0,0,0,1,0,0,0,0,0,0,0,"",""
"4",123,"kyliereroth@gmail.com","9/9/2025","ILM","BU","25","SonyHX90V",3230,44.88461,-73.3251,1,"E",62,"Adult",75.7,"Co-dominant","Alive","","","",NA,NA,NA,NA,"Unknown (unable to see)",75,"N","N","Y","Yes",15,7,2,4,1,2.5,NA,NA,NA,NA,NA,"",NA,NA,"","",NA,"","",NA,NA,NA,"","",NA,"","","","upland","butternut, basswood, ash, hickory, white cedar","None apparent","",3239,"like declining due to old age, collected by Kylie ","N",NA,"butternut","basswood","ash","hickory","white cedar","","","",NA,1,0,0,0,0,1,0,0,1,0,0,1,0,0,0,0,0,0,0,0,1,0,0,0,0,0,0,0,"",""
"5",124,"kyliereroth@gmail.com","9/9/2025","ILM","BU","26","SonyHX90V",3240,44.88452,-73.3251,1,"E",63,"Adult",54.1,"Co-dominant","Alive","","","",NA,NA,NA,NA,"Unknown (unable to see)",75,"N","N","Y","Yes",10,1,0.5,5,1,2.5,NA,NA,NA,NA,NA,"",NA,NA,"","",NA,"","",NA,NA,NA,"","",NA,"","","","upland","ash, butternut, white cedar, hickory, basswood ","None apparent","",3249,"collected by kylie","N",NA,"ash","butternut","white cedar","hickory","basswood","","","",NA,1,0,0,0,0,1,0,0,1,0,0,1,0,0,0,0,0,0,0,0,1,0,0,0,0,0,0,0,"",""
"6",129,"kyliereroth@gmail.com","9/10/2025","ILM","BU","40","SonyHX90V",3682,44.88273,-73.33,0,"",32,"Adult",29.9,"Co-dominant","Alive","","","",NA,NA,NA,NA,"Unknown (unable to see)",80,"N","N","Y","Yes",50,35,25,20,3,1.5,NA,NA,NA,NA,NA,"",NA,NA,"","",NA,"","",NA,NA,NA,"","",NA,"","","","upland","white cedar, elderberry, ash, elm, buckthorn","None apparent","",3694,"collected by catherine","N",NA,"white cedar","elderberry","ash","elm","buckthorn","","","",NA,0,0,0,0,0,1,0,1,1,1,0,0,0,0,1,0,0,0,0,0,0,0,0,0,0,0,0,0,"",""
"7",108,"kyliereroth@gmail.com","9/7/2025","ILM","BU","50","SonyHX90V",2568,44.88337,-73.327,5,"NE",11,"Adult",10.4,"Intermediate","Alive","","","",NA,NA,NA,NA,"No",65,"N","N","Y","Yes",45,NA,50,60,3,2.5,NA,NA,NA,NA,NA,"",NA,NA,"","",NA,"","",NA,NA,NA,"","",NA,"0","0","1","upland","red cedar, bitternut hickory ","None apparent","",2582,"collected by Emma","Y",NA,"red cedar","hickory","","","","","","",NA,1,0,0,0,1,0,0,0,0,0,0,0,0,0,0,0,0,0,0,0,0,0,0,0,0,0,0,0,"",""
"8",90,"kyliereroth@gmail.com","9/7/2025","ILM","BU","52","SonyHX90V",1418,44.8852,-73.3264,2,"E",1.15,"Seedling",NA,"","","","","",NA,NA,NA,NA,"",NA,"","","","",NA,NA,NA,NA,NA,NA,87,86,76,79,7.31,"",0,2024,"Dead","Y",NA,"","",20,35,45,"","",NA,"1","0","0","upland","red cedar, butternut, ash, dogwood ","None apparent","",1424,"","Y",NA,"red cedar","butternut","ash","dogwood","","","","",NA,0,1,0,0,1,0,0,0,1,0,0,0,0,0,0,0,0,0,0,0,1,0,0,0,0,0,0,0,"",""
"9",94,"kyliereroth@gmail.com","9/3/2025","ILM","BU","52","SonyHX90V",1418,44.8852,-73.3264,2,"E",1.15,"Seedling",NA,"","","","","",NA,NA,NA,NA,"",NA,"","","","",NA,NA,NA,NA,NA,NA,87,86,76,79,7.31,"",0,2024,"Dead","Y",NA,"","",20,35,45,"","",NA,"0","0","0","upland","red cedar, butternut, ash, dogwood ","None apparent","",1424,"","Y",NA,"red cedar","butternut","ash","dogwood","","","","",NA,0,1,0,0,1,0,0,0,1,0,0,0,0,0,0,0,0,0,0,0,1,0,0,0,0,0,0,0,"",""
"10",107,"kyliereroth@gmail.com","9/7/2025","ILM","BU","53","SonyHX90V",2594,44.88345,-73.3272,1,"E",14,"Adult",5.6,"Suppressed","Alive","","","",NA,NA,NA,NA,"No",95,"N","N","Y","Yes",25,NA,10,30,1.5,2,NA,NA,NA,NA,NA,"",NA,NA,"","",NA,"","",NA,NA,NA,"","",NA,"","","","upland","red cedar, butternut, malus","None apparent","",2603,"collected by Emma","N",NA,"red cedar","butternut","malus","","","","","",NA,0,0,0,0,1,0,1,0,0,0,0,0,0,0,0,0,0,0,0,0,1,0,0,0,0,0,0,0,"",""
"11",101,"kyliereroth@gmail.com","9/4/2025","ILM","BU","57","SonyHX90V",1844,44.88291,-73.3311,0,"",47,"Adult",35.7,"Co-dominant","Alive","","","",NA,NA,NA,NA,"Unknown (unable to see)",100,"N","N","Y","Yes",60,50,40,55,2.5,1.5,NA,NA,NA,NA,NA,"",NA,NA,"","",NA,"","",NA,NA,NA,"","",NA,"","","","upland","white cedar, elderberry, dogwood, butternut, red cedar, ash, shagbark hickory, elm ","Other","white cedar",1849,"collected by Catherine","N",NA,"white cedar","elderberry","dogwood","butternut","red cedar","ash","hickory","elm",NA,1,1,0,0,1,1,0,0,1,1,0,0,0,0,1,0,0,0,0,0,1,0,0,0,0,0,0,0,"",""
"12",102,"kyliereroth@gmail.com","9/4/2025","ILM","BU","58","SonyHX90V",1858,44.88297,-73.3313,0,"",42,"Adult",30,"Co-dominant","Alive","","","",NA,NA,NA,NA,"Unknown (unable to see)",70,"N","N","Y","Yes",45,30,20,45,2.5,2,NA,NA,NA,NA,NA,"",NA,NA,"","",NA,"","",NA,NA,NA,"","",NA,"","","","upland","white cedar, bitternut hickory, butternut, red cedar, elm, elderberry ","None apparent","",1867,"collected by Catherine","N",NA,"white cedar","hickory","butternut","red cedar","elm","elderberry","","",NA,1,0,0,0,1,1,0,0,0,1,0,0,0,0,1,0,0,0,0,0,1,0,0,0,0,0,0,0,"",""
"13",99,"kyliereroth@gmail.com","9/11/2025","ILM","BU","60","SonyHX90V",4268,44.8837,-73.3311,1,"N",29,"Adult",16.6,"Co-dominant","Alive","","","",NA,NA,NA,NA,"Unknown (unable to see)",10,"Y","N","Y","Yes",80,85,75,80,4,3.5,NA,NA,NA,NA,NA,"",NA,NA,"","",NA,"","",NA,NA,NA,"","",NA,"Unsure","0","0","upland","red cedar, ash, buckthorn, dogwood ","None apparent","",4279,"collected by Kylie","Y",NA,"red cedar","ash","buckthorn","dogwood","","","","",NA,0,1,0,0,1,0,0,1,1,0,0,0,0,0,0,0,0,0,0,0,0,0,0,0,0,0,0,0,"",""
"14",150,"kyliereroth@gmail.com","9/9/2025","ILM","BU","99","SonyHX90V",3287,44.88319,-73.3264,1,"E",45,"Adult",34.1,"Intermediate","Dead","N","N","Y",85,20,15,80,"",NA,"","","","",NA,NA,NA,NA,NA,NA,NA,NA,NA,NA,NA,"",NA,NA,"","",NA,"","",NA,NA,NA,"","",NA,"","","","upland","butternut, ash, maple, basswood, red cedar, white cedar","None apparent","",3295,"collected by kylie","N",NA,"butternut","ash","maple","basswood","red cedar","white cedar","","",NA,0,0,0,0,1,1,0,0,1,0,0,1,0,0,0,0,0,0,1,0,1,0,0,0,0,0,0,0,"",""
"15",151,"kyliereroth@gmail.com","9/9/2025","ILM","BU","100","SonyHX90V",3296,44.88319,-73.3265,1,"E",64,"Adult",47.5,"Co-dominant","Alive","","","",NA,NA,NA,NA,"Unknown (unable to see)",95,"N","N","Y","Yes",15,2,1,8,1.5,1,NA,NA,NA,NA,NA,"",NA,NA,"","",NA,"","",NA,NA,NA,"","",NA,"","","","upland","butternut, ash, maple, basswood, red cedar, white cedar ","None apparent","",3305,"collected by kylie","N",NA,"butternut","ash","maple","basswood","red cedar","white cedar","","",NA,0,0,0,0,1,1,0,0,1,0,0,1,0,0,0,0,0,0,1,0,1,0,0,0,0,0,0,0,"",""
"16",152,"kyliereroth@gmail.com","9/7/2025","ILM","BU","101","SonyHX90V",2739,44.88375,-73.3266,3,"SE",36,"Adult",17.5,"Intermediate","Alive","","","",NA,NA,NA,NA,"Unknown (unable to see)",85,"N","N","Y","Yes",35,30,30,35,3,1.5,NA,NA,NA,NA,NA,"",NA,NA,"","",NA,"","",NA,NA,NA,"","",NA,"","","","upland","shagbark hickory, sugar maple, basswood, white cedar, red cedar ","None apparent","",2749,"collected by catherine","N",NA,"hickory","maple","basswood","white cedar","red cedar","","","",NA,1,0,0,0,1,1,0,0,0,0,0,1,0,0,0,0,0,0,1,0,0,0,0,0,0,0,0,0,"",""
"17",153,"kyliereroth@gmail.com","9/3/2025","ILM","BU","103","SonyHX90V",1581,44.88427,-73.3267,2,"SE",45,"Adult",21.8,"Co-dominant","Alive","","","",NA,NA,NA,NA,"Not fruiting season",90,"N","Y","Y","Yes",60,35,20,55,3.5,2,NA,NA,NA,NA,NA,"",NA,NA,"","",NA,"","",NA,NA,NA,"","",NA,"","","","upland","butternut, basswood, ash, red cedar, elm","None apparent","",1588,"collected by emma ","N",NA,"butternut","basswood","ash","red cedar","elm","","","",NA,0,0,0,0,1,0,0,0,1,1,0,1,0,0,0,0,0,0,0,0,1,0,0,0,0,0,0,0,"",""
"18",154,"kyliereroth@gmail.com","9/3/2025","ILM","BU","104","SonyHX90V",1574,44.88431,-73.3266,2,"SE",45,"Adult",33,"Co-dominant","Alive","","","",NA,NA,NA,NA,"Not fruiting season",90,"N","N","Y","Yes",90,55,35,50,3,1,NA,NA,NA,NA,NA,"",NA,NA,"","",NA,"","",NA,NA,NA,"","",NA,"","","","upland","butternut, sugar maple, red cedar, white cedar, ash, basswood, elm","None apparent","",1580,"collected by emma ","N",NA,"butternut","maple","red cedar","white cedar","ash","basswood","elm","",NA,0,0,0,0,1,1,0,0,1,1,0,1,0,0,0,0,0,0,1,0,1,0,0,0,0,0,0,0,"",""
"19",155,"kyliereroth@gmail.com","9/3/2025","ILM","BU","105","SonyHX90V",1565,44.88434,-73.3266,3,"SE",40,"Adult",22,"Co-dominant","Alive","","","",NA,NA,NA,NA,"Not fruiting season",60,"N","N","Y","Yes",70,60,50,75,3.5,1.5,NA,NA,NA,NA,NA,"",NA,NA,"","",NA,"","",NA,NA,NA,"","",NA,"","","","upland","butternut, ash, red cedar, elm, maple, white cedar","None apparent","",1573,"collected by emma","N",NA,"butternut","ash","red cedar","elm","maple","white cedar","","",NA,0,0,0,0,1,1,0,0,1,1,0,0,0,0,0,0,0,0,1,0,1,0,0,0,0,0,0,0,"",""
"20",156,"kyliereroth@gmail.com","9/3/2025","ILM","BU","106","SonyHX90V",1556,44.88436,-73.3266,1,"SE",35,"Adult",27,"Co-dominant","Alive","","","",NA,NA,NA,NA,"Not fruiting season",55,"N","Y","Y","Yes",90,75,40,95,4,2.5,NA,NA,NA,NA,NA,"",NA,NA,"","",NA,"","",NA,NA,NA,"","",NA,"","","","upland","butternut, red cedar, white cedar, maple, ash","None apparent","",1564,"collected by emma","N",NA,"butternut","red cedar","white cedar","maple","ash","","","",NA,0,0,0,0,1,1,0,0,1,0,0,0,0,0,0,0,0,0,1,0,1,0,0,0,0,0,0,0,"",""
"21",304,"cdellolio@mortonarb.org","9/10/2025","ILM","Bu","107","SonyHX90V",4018,44.884448,-73.32735,1,"E",33,"Adult",16.1,"Intermediate","Alive","","","",NA,NA,NA,NA,"Unknown (unable to see)",90,"N","N","Y","Yes",75,45,35,75,3.5,1,NA,NA,NA,NA,NA,"",NA,NA,"","",NA,"","",NA,NA,NA,"","",NA,"","","","upland","Ash, butternut, buckthorn, cherry, red cedar, maple, elm, dogwood","None apparent","",4029,"collected by kylie","N",NA,"ash","butternut","buckthorn","prunus","red cedar","maple","elm","dogwood",NA,0,1,0,0,1,0,0,1,1,1,0,0,0,0,0,1,0,0,1,0,1,0,0,0,0,0,0,0,"",""
"22",157,"kyliereroth@gmail.com","9/3/2025","ILM","BU","109","SonyHX90V",1532,44.88446,-73.3265,2,"SE",44,"Adult",22.2,"Co-dominant","Alive","","","",NA,NA,NA,NA,"Not fruiting season",95,"N","N","Y","Yes",0,1,0.5,3,1,1,NA,NA,NA,NA,NA,"",NA,NA,"","",NA,"","",NA,NA,NA,"","",NA,"","","","upland","red cedar, butternut, dogwood, maple, elm, ash","None apparent","",1538,"collected by emma","N",NA,"red cedar","butternut","dogwood","maple","elm","ash","","",NA,0,1,0,0,1,0,0,0,1,1,0,0,0,0,0,0,0,0,1,0,1,0,0,0,0,0,0,0,"",""
"23",158,"kyliereroth@gmail.com","9/3/2025","ILM","BU","110","SonyHX90V",1520,44.8845,-73.3265,2,"SE",38,"Adult",21.5,"Co-dominant","Alive","","","",NA,NA,NA,NA,"Not fruiting season",45,"Y","Y","Y","Yes",60,70,55,90,4.5,3.5,NA,NA,NA,NA,NA,"",NA,NA,"","",NA,"","",NA,NA,NA,"","",NA,"0","0","0","upland","red cedar, butternut, elm, ash, maple, dogwood ","None apparent","",1531,"collected by emma","Y",NA,"red cedar","butternut","elm","ash","maple","dogwood","","",NA,0,1,0,0,1,0,0,0,1,1,0,0,0,0,0,0,0,0,1,0,1,0,0,0,0,0,0,0,"",""
"24",159,"kyliereroth@gmail.com","9/11/2025","ILM","BU","118","SonyHX90V",4082,44.88659,-73.3237,1,"E",10,"Adult",6.7,"Intermediate","Alive","","","",NA,NA,NA,NA,"No",100,"Y","N","Y","NA - no large cankers present",0,NA,1,2,1,1,NA,NA,NA,NA,NA,"",NA,NA,"","",NA,"","",NA,NA,NA,"","",NA,"0","0","0","upland","ash, hickory","None apparent","",4095,"large deer rub taking up 1/4 of trunk. was not sure if deer rub or calloused canker but confirmed as deer rub by Martin. collected by catherine","Y",NA,"ash","hickory","","","","","","",NA,1,0,0,0,0,0,0,0,1,0,0,0,0,0,0,0,0,0,0,0,0,0,0,0,0,0,0,0,"",""
"25",164,"kyliereroth@gmail.com","9/11/2025","ILM","BU","119","SonyHX90V",4144,44.88548,-73.3238,1,"E",30,"Adult",15.5,"Intermediate","Alive","","","",NA,NA,NA,NA,"Unknown (unable to see)",100,"N","Y","Y","Yes",7,NA,15,50,2,1,NA,NA,NA,NA,NA,"",NA,NA,"","",NA,"","",NA,NA,NA,"","",NA,"Unsure","0","Unsure","upland","sumac, dogwood, boxelder, ash","None apparent","",4155,"collected by catherine","Y",NA,"sumac","dogwood","boxelder","ash","","","","",NA,0,1,0,0,0,0,0,0,1,0,0,0,1,0,0,0,0,1,0,0,0,0,0,0,0,0,0,0,"",""
"26",165,"kyliereroth@gmail.com","9/11/2025","ILM","BU","120","SonyHX90V",4156,44.88542,-73.3239,0,"",13,"Adult",6.1,"Intermediate","Alive","","","",NA,NA,NA,NA,"No",100,"N","Y","N","",NA,NA,NA,NA,NA,NA,NA,NA,NA,NA,NA,"",NA,NA,"","",NA,"","",NA,NA,NA,"","",NA,"1","0","1","upland","sumac, butternut, siberian elm, ash, dogwood","None apparent","",4170,"trunk epicormic is dead, collected by catherine","Y",NA,"sumac","butternut","elm","ash","dogwood","","","",NA,0,1,0,0,0,0,0,0,1,1,0,0,1,0,0,0,0,0,0,0,1,0,0,0,0,0,0,0,"",""
"27",166,"kyliereroth@gmail.com","9/10/2025","ILM","BU","123","SonyHX90V",3829,44.88483,-73.3261,0,"",40,"Adult",27.5,"Co-dominant","Alive","","","",NA,NA,NA,NA,"Unknown (unable to see)",75,"N","N","Y","Yes",35,80,50,95,4.5,2,NA,NA,NA,NA,NA,"",NA,NA,"","",NA,"","",NA,NA,NA,"","",NA,"","","","upland","sugar maple, ash, elm, white pine","None apparent","",3839,"collected by catherine","N",NA,"maple","ash","elm","white pine","","","","",NA,0,0,0,1,0,0,0,0,1,1,0,0,0,0,0,0,0,0,1,0,0,0,0,0,0,0,0,0,"",""
"28",167,"kyliereroth@gmail.com","9/9/2025","ILM","BU","124","SonyHX90V",3306,44.88351,-73.3262,1,"E",39,"Adult",12.5,"Co-dominant","Alive","","","",NA,NA,NA,NA,"Unknown (unable to see)",85,"N","Y","Y","Yes",15,20,25,25,2.5,2,NA,NA,NA,NA,NA,"",NA,NA,"","",NA,"","",NA,NA,NA,"","",NA,"","","","upland","butternut, ash, maple, basswood, red cedar, white cedar, hickory ","None apparent","",3315,"collected by catherine","N",NA,"butternut","ash","maple","basswood","red cedar","white cedar","hickory","",NA,1,0,0,0,1,1,0,0,1,0,0,1,0,0,0,0,0,0,1,0,1,0,0,0,0,0,0,0,"",""
"29",168,"kyliereroth@gmail.com","9/4/2025","ILM","BU","125","SonyHX90V",1616,44.88241,-73.3281,1,"E",38,"Adult",33,"Co-dominant","Alive","","","",NA,NA,NA,NA,"No",15,"Y","Y","Y","Yes",35,80,75,85,3.5,4,NA,NA,NA,NA,NA,"",NA,NA,"","",NA,"","",NA,NA,NA,"","",NA,"","","","upland","white cedar, maple, bitternut hickory, eastern red cedar, elm","None apparent","",1623,"collected by emma","N",NA,"white cedar","maple","hickory","red cedar","elm","","","",NA,1,0,0,0,1,1,0,0,0,1,0,0,0,0,0,0,0,0,1,0,0,0,0,0,0,0,0,0,"",""
"30",169,"kyliereroth@gmail.com","9/4/2025","ILM","BU","126","SonyHX90V",1624,44.88257,-73.328,2,"E",42,"Adult",37.4,"Co-dominant","Alive","","","",NA,NA,NA,NA,"No",0,"N","Y","Y","Yes",75,NA,95,95,5,5,NA,NA,NA,NA,NA,"",NA,NA,"","",NA,"","",NA,NA,NA,"","",NA,"0","0","0","upland","sugar maple, bitternut hickory, white cedar, red cedar, ash","None apparent","",1636,"collected by emma","Y",NA,"maple","hickory","white cedar","red cedar","ash","","","",NA,1,0,0,0,1,1,0,0,1,0,0,0,0,0,0,0,0,0,1,0,0,0,0,0,0,0,0,0,"",""
"31",170,"kyliereroth@gmail.com","9/4/2025","ILM","BU","127","SonyHX90V",1637,44.88263,-73.3283,1,"E",35,"Adult",33.2,"Co-dominant","Alive","","","",NA,NA,NA,NA,"No",60,"N","N","Y","Yes",90,70,60,90,4,2,NA,NA,NA,NA,NA,"",NA,NA,"","",NA,"","",NA,NA,NA,"","",NA,"","","","upland","butternut, white cedar, sugar maple, ash","None apparent","",1644,"collected by catherine","N",NA,"butternut","white cedar","maple","ash","","","","",NA,0,0,0,0,0,1,0,0,1,0,0,0,0,0,0,0,0,0,1,0,1,0,0,0,0,0,0,0,"",""
"32",171,"kyliereroth@gmail.com","9/4/2025","ILM","BU","130","SonyHX90V",1715,44.88272,-73.329,0,"",24,"Adult",20.2,"Intermediate","Alive","","","",NA,NA,NA,NA,"Yes",15,"N","Y","Y","Yes",35,65,60,95,4,3,NA,NA,NA,NA,NA,"",NA,NA,"","",NA,"","",NA,NA,NA,"Few - less than 50 seeds on the tree","5 or fewer",NA,"","","","upland","red cedar, bitternut hickory, honeysuckle, buckthorn, ash","Vines on the tree","",1726,"collected by kylie","N",NA,"red cedar","hickory","honeysuckle","buckthorn","ash","","","",NA,1,0,0,0,1,0,0,1,1,0,0,0,0,1,0,0,0,0,0,0,0,0,0,0,0,0,0,0,"",""
"33",172,"kyliereroth@gmail.com","9/8/2025","ILM","BU","133","SonyHX90V",3199,44.88304,-73.3304,0,"",0.94,"Seedling",NA,"","","","","",NA,NA,NA,NA,"",NA,"","","","",NA,NA,NA,NA,NA,NA,84,93,96,94,5.94,"",0,2023,"Alive","",0,"Y","Y",30,0,45,"","",NA,"1","0","0","upland","red cedar, honeysuckle, buckthorn","None apparent","",3207,"collected by kylie","Y",NA,"red cedar","honeysuckle","buckthorn","","","","","",NA,0,0,0,0,1,0,0,1,0,0,0,0,0,1,0,0,0,0,0,0,0,0,0,0,0,0,0,0,"",""
"34",173,"kyliereroth@gmail.com","9/10/2025","ILM","BU","138","SonyHX90V",3794,44.88308,-73.331,0,"",1.14,"Seedling",NA,"","","","","",NA,NA,NA,NA,"",NA,"","","","",NA,NA,NA,NA,NA,NA,84,70,96,96,3.99,"",2,2023,"Dead","N",NA,"","",NA,NA,NA,"","",NA,"0","0","Unsure","upland","red cedar, buckthorn, butternut, honeysuckle, white cedar","None apparent","",3800,"collected by catherine","Y",NA,"red cedar","buckthorn","butternut","honeysuckle","white cedar","","","",NA,0,0,0,0,1,1,0,1,0,0,0,0,0,1,0,0,0,0,0,0,1,0,0,0,0,0,0,0,"",""
"35",174,"kyliereroth@gmail.com","9/4/2025","ILM","BU","141","SonyHX90V",1868,44.88309,-73.3312,0,"",1.9,"Seedling",NA,"","","","","",NA,NA,NA,NA,"",NA,"","","","",NA,NA,NA,NA,NA,NA,31,44,86,80,9.47,"",0,2024,"Alive","",0,"N","",NA,NA,NA,"","",NA,"0","0","0","upland","red cedar, butternut, buckthorn, elm","None apparent","",1874,"leafless- possible due to drought, collected by catherine","Y",NA,"red cedar","butternut","buckthorn","elm","","","","",NA,0,0,0,0,1,0,0,1,0,1,0,0,0,0,0,0,0,0,0,0,1,0,0,0,0,0,0,0,"",""
"36",175,"kyliereroth@gmail.com","9/4/2025","ILM","BU","142","SonyHX90V",1850,44.88307,-73.3313,1,"W",2.18,"Seedling",NA,"","","","","",NA,NA,NA,NA,"",NA,"","","","",NA,NA,NA,NA,NA,NA,61,91,85,67,6.04,"Having been mowed in the past",2,2023,"Alive","",80,"N","",NA,NA,NA,"","",NA,"0","Unsure","0","upland","butternut, red cedar, white cedar","None apparent","",1857,"collected by catherine","Y",NA,"butternut","red cedar","white cedar","","","","","",NA,0,0,0,0,1,1,0,0,0,0,0,0,0,0,0,0,0,0,0,0,1,0,0,0,0,0,0,0,"Having been mowed in the past",""
"37",176,"kyliereroth@gmail.com","9/9/2025","ILM","BU","149","SonyHX90V",3260,44.88387,-73.3258,1,"E",37,"Adult",20.5,"Co-dominant","Alive","","","",NA,NA,NA,NA,"Unknown (unable to see)",30,"N","N","Y","Yes",25,30,40,50,2.5,3,NA,NA,NA,NA,NA,"",NA,NA,"","",NA,"","",NA,NA,NA,"","",NA,"","","","upland","ash, basswood, red cedar, white cedar","None apparent","",3269,"collected by kylie","N",NA,"ash","basswood","red cedar","white cedar","","","","",NA,0,0,0,0,1,1,0,0,1,0,0,1,0,0,0,0,0,0,0,0,0,0,0,0,0,0,0,0,"",""
"38",177,"kyliereroth@gmail.com","9/7/2025","ILM","BU","157","SonyHX90V",2661,44.88371,-73.3272,2,"NE",5,"Adult",13,"Suppressed","Alive","","","",NA,NA,NA,NA,"No",95,"N","N","Y","Yes",5,NA,5,20,1,1,NA,NA,NA,NA,NA,"",NA,NA,"","",NA,"","",NA,NA,NA,"","",NA,"0","0","0","upland","red cedar, dogwood, butternut","None apparent","",2672,"collected by catherine","Y",NA,"red cedar","dogwood","butternut","","","","","",NA,0,1,0,0,1,0,0,0,0,0,0,0,0,0,0,0,0,0,0,0,1,0,0,0,0,0,0,0,"",""
"39",178,"kyliereroth@gmail.com","9/7/2025","ILM","BU","161","SonyHX90V",2651,44.88333,-73.3273,1,"E",6,"Adult",1.2,"Suppressed","Alive","","","",NA,NA,NA,NA,"No",100,"N","N","Y","NA - no large cankers present",0,NA,0,0,1,1,NA,NA,NA,NA,NA,"",NA,NA,"","",NA,"","",NA,NA,NA,"","",NA,"0","0","0","upland","red cedar, honeysuckle, malus","None apparent","",2660,"collected by catherine","Y",NA,"red cedar","honeysuckle","malus","","","","","",NA,0,0,0,0,1,0,1,0,0,0,0,0,0,1,0,0,0,0,0,0,0,0,0,0,0,0,0,0,"",""
"40",179,"kyliereroth@gmail.com","9/7/2025","ILM","BU","163","SonyHX90V",2615,44.88349,-73.3271,1,"E",3.81,"Seedling",NA,"","","","","",NA,NA,NA,NA,"",NA,"","","","",NA,NA,NA,NA,NA,NA,82,11,16,63,16.29,"",2,2023,"Alive","",100,"Y","N",40,0,45,"","",NA,"0","0","0","upland","red cedar, butternut, bitternut hickory","None apparent","",2622,"collected by emma","Y",NA,"red cedar","butternut","hickory","","","","","",NA,1,0,0,0,1,0,0,0,0,0,0,0,0,0,0,0,0,0,0,0,1,0,0,0,0,0,0,0,"",""
"41",180,"kyliereroth@gmail.com","9/9/2025","ILM","BU","168","SonyHX90V",3316,44.88302,-73.3271,0,"",19,"Adult",3.6,"Suppressed","Dead","N","N","Y",75,45,45,75,"",NA,"","","","",NA,NA,NA,NA,NA,NA,NA,NA,NA,NA,NA,"",NA,NA,"","",NA,"","",NA,NA,NA,"","",NA,"","","","upland","butternut, red cedar, buckthorn, elm, ash, hickory","None apparent","",3325,"collected by kylie","N",NA,"butternut","red cedar","buckthorn","elm","ash","hickory","","",NA,1,0,0,0,1,0,0,1,1,1,0,0,0,0,0,0,0,0,0,0,1,0,0,0,0,0,0,0,"",""
"42",181,"kyliereroth@gmail.com","9/9/2025","ILM","BU","169","SonyHX90V",3326,44.88303,-73.3271,0,"",24,"Adult",18.3,"Dominant","Alive","","","",NA,NA,NA,NA,"Unknown (unable to see)",10,"N","N","Y","Yes",40,25,25,36,2.5,1,NA,NA,NA,NA,NA,"",NA,NA,"","",NA,"","",NA,NA,NA,"","",NA,"","","","upland","ash, butternut, elm, red cedar, hickory, maple","None apparent","",3336,"collected by kylie","N",NA,"ash","butternut","elm","red cedar","hickory","maple","","",NA,1,0,0,0,1,0,0,0,1,1,0,0,0,0,0,0,0,0,1,0,1,0,0,0,0,0,0,0,"",""
"43",306,"cdellolio@mortonarb.org","9/10/2025","ILM","Bu","173","SonyHX90V",3925,44.88559,-73.3296,0,"",39,"Adult",46.3,"Co-dominant","Alive","","","",NA,NA,NA,NA,"Unknown (unable to see)",15,"Y","Y","Y","Yes",45,NA,15,45,2.5,4.5,NA,NA,NA,NA,NA,"",NA,NA,"","",NA,"","",NA,NA,NA,"","",NA,"","","","upland","buckthorn, red cedar, ash, dogwood","None apparent","",3936,"Dead epi. from base. collected by kylie","N",NA,"buckthorn","red cedar","ash","dogwood","","","","",NA,0,1,0,0,1,0,0,1,1,0,0,0,0,0,0,0,0,0,0,0,0,0,0,0,0,0,0,0,"",""
"44",95,"cdellolio@mortonarb.org","9/10/2025","ILM","Bu","175","SonyHX90V",3937,44.88634,-73.3292,0,"",49,"Adult",32.9,"Co-dominant","Alive","","","",NA,NA,NA,NA,"Unknown (unable to see)",30,"N","Y","Y","Yes",45,20,25,35,2.5,5,NA,NA,NA,NA,NA,"",NA,NA,"","",NA,"","",NA,NA,NA,"","",NA,"","","","upland","Basswood, ash, elm, cherry, bitternut hickory, birch","None apparent","",3943,"The epicormic from the trunk is dead, and the main trunk splits low. collected by Kylie","N",NA,"basswood","ash","elm","prunus","hickory","birch","","",NA,1,0,0,0,0,0,0,0,1,1,0,1,0,0,0,1,0,0,0,0,0,0,0,0,0,0,0,1,"",""
"45",98,"cdellolio@mortonarb.org","9/10/2025","ILM","Bu","176","SonyHX90V",3944,44.8863,-73.3274,1,"W",31,"Adult",13.7,"Co-dominant","Alive","","","",NA,NA,NA,NA,"No",55,"N","N","Y","Yes",1,5,3,5,2,1.5,NA,NA,NA,NA,NA,"",NA,NA,"","",NA,"","",NA,NA,NA,"","",NA,"","","","upland","Ash, elm","None apparent","",3951,"collected by Kylie","N",NA,"ash","elm","","","","","","",NA,0,0,0,0,0,0,0,0,1,1,0,0,0,0,0,0,0,0,0,0,0,0,0,0,0,0,0,0,"",""
"46",182,"kyliereroth@gmail.com","9/9/2025","ILM","BU","182","SonyHX90V",3337,44.88276,-73.3271,4,"N",38,"Adult",31.6,"Co-dominant","Alive","","","",NA,NA,NA,NA,"Unknown (unable to see)",75,"N","N","Y","Yes",45,85,70,95,4.5,2,NA,NA,NA,NA,NA,"",NA,NA,"","",NA,"","",NA,NA,NA,"","",NA,"","","","upland","elm, red cedar, maple, ash, basswood, white cedar","None apparent","",3344,"collected by kylie","N",NA,"elm","red cedar","maple","ash","basswood","white cedar","","",NA,0,0,0,0,1,1,0,0,1,1,0,1,0,0,0,0,0,0,1,0,0,0,0,0,0,0,0,0,"",""
"47",183,"kyliereroth@gmail.com","9/5/2025","ILM","BU","192","SonyHX90V",2359,44.886847,-73.330196,0,"",55,"Adult",55.2,"Co-dominant","Alive","","","",NA,NA,NA,NA,"Unknown (unable to see)",80,"N","N","Y","Yes",25,2,1,15,1,2,NA,NA,NA,NA,NA,"",NA,NA,"","",NA,"","",NA,NA,NA,"","",NA,"","","","upland","bitternut hickory, ash, shagbark hickory, basswood","None apparent","",2366,"dead epicormic from the trunk, collected by kylie ","N",NA,"hickory","ash","hickory","basswood","","","","",NA,1,0,0,0,0,0,0,0,1,0,0,1,0,0,0,0,0,0,0,0,0,0,0,0,0,0,0,0,"",""
"48",184,"kyliereroth@gmail.com","9/5/2025","ILM","BU","193","SonyHX90V",2346,44.88669,-73.3302,0,"",48,"Adult",34.1,"Intermediate","Alive","","","",NA,NA,NA,NA,"Unknown (unable to see)",70,"N","Y","Y","Yes",1,5,2,5,1,2.5,NA,NA,NA,NA,NA,"",NA,NA,"","",NA,"","",NA,NA,NA,"","",NA,"0","0","0","upland","bitternut hickory, ash, basswood, boxelder, maple, shagbark, hickory, elm","Vines on the tree","",2358,"collected by kylie ","Y",NA,"hickory","ash","basswood","boxelder","maple","","hickory","elm",NA,1,0,0,0,0,0,0,0,1,1,0,1,0,0,0,0,0,1,1,0,0,0,0,0,0,0,0,0,"",""
"49",185,"kyliereroth@gmail.com","9/6/2025","ILM","BU","195","SonyHX90V",2396,44.883961,-73.326787,1,"E",25,"Adult",6.8,"Intermediate","Alive","","","",NA,NA,NA,NA,"No",75,"Y","N","Y","Yes",55,75,70,70,4,2,NA,NA,NA,NA,NA,"",NA,NA,"","",NA,"","",NA,NA,NA,"","",NA,"0","0","Unsure","upland","butternut, red cedar, ash, buckthorn","None apparent","",2408,"snapped at ~8ft up, collected by emma","Y",NA,"butternut","red cedar","ash","buckthorn","","","","",NA,0,0,0,0,1,0,0,1,1,0,0,0,0,0,0,0,0,0,0,0,1,0,0,0,0,0,0,0,"",""
"50",186,"kyliereroth@gmail.com","9/6/2025","ILM","BU","196","SonyHX90V",2389,44.88401,-73.3268,1,"E",22,"Adult",11.6,"Intermediate","Alive","","","",NA,NA,NA,NA,"No",95,"N","N","Y","Yes",10,20,15,40,2.5,1,NA,NA,NA,NA,NA,"",NA,NA,"","",NA,"","",NA,NA,NA,"","",NA,"","","","upland","basswood, red cedar, butternut, buckthorn, ash","None apparent","",2395,"collected by emma","N",NA,"basswood","red cedar","butternut","buckthorn","ash","","","",NA,0,0,0,0,1,0,0,1,1,0,0,1,0,0,0,0,0,0,0,0,1,0,0,0,0,0,0,0,"",""
"51",187,"kyliereroth@gmail.com","9/11/2025","ILM","BU","197","SonyHX90V",4288,44.88504,-73.3307,0,"",1.9,"Seedling",NA,"","","","","",NA,NA,NA,NA,"",NA,"","","","",NA,NA,NA,NA,NA,NA,80,89,30,29,11.8,"",0,2023,"Alive","",85,"N","",NA,NA,NA,"","",NA,"0","0","0","upland","red cedar, ash, bitternut hickory, white pine, oak, buckthorn, white cedar, dogwood","None apparent","",4298,"collected by kylie","Y",NA,"red cedar","ash","hickory","white pine","oak","buckthorn","white cedar","dogwood",NA,1,1,0,1,1,1,0,1,1,0,0,0,0,0,0,0,0,0,0,0,0,1,0,0,0,0,0,0,"",""
"52",188,"kyliereroth@gmail.com","9/11/2025","ILM","BU","198","SonyHX90V",4313,44.88373,-73.3315,3,"N",42,"Adult",32.9,"Dominant","Alive","","","",NA,NA,NA,NA,"Unknown (unable to see)",75,"N","N","Y","Yes",45,25,10,40,2,1.5,NA,NA,NA,NA,NA,"",NA,NA,"","",NA,"","",NA,NA,NA,"","",NA,"","","","upland","dogwood, honeysuckle, red cedar, ash, white cedar, maple, elderberry","None apparent","",4324,"collected by kylie","N",NA,"dogwood","honeysuckle","red cedar","ash","white cedar","maple","elderberry","",NA,0,1,0,0,1,1,0,0,1,0,0,0,0,1,1,0,0,0,1,0,0,0,0,0,0,0,0,0,"",""
"53",189,"kyliereroth@gmail.com","9/5/2025","ILM","BU","199","SonyHX90V",2186,44.88373,-73.3324,2,"N",12,"Adult",4.6,"Intermediate","Alive","","","",NA,NA,NA,NA,"No",95,"N","N","Y","Yes",0,NA,5,15,1,1,NA,NA,NA,NA,NA,"",NA,NA,"","",NA,"","",NA,NA,NA,"","",NA,"0","0","0","upland","red cedar, honeysuckle, buckthorn","None apparent","",2197,"collected by kylie","Y",NA,"red cedar","honeysuckle","buckthorn","","","","","",NA,0,0,0,0,1,0,0,1,0,0,0,0,0,1,0,0,0,0,0,0,0,0,0,0,0,0,0,0,"",""
"54",190,"kyliereroth@gmail.com","9/5/2025","ILM","BU","200","SonyHX90V",2335,44.88388,-73.3336,0,"",50,"Adult",53.3,"Dominant","Alive","","","",NA,NA,NA,NA,"Unknown (unable to see)",90,"N","N","Y","Yes",45,5,3,40,1.5,1,NA,NA,NA,NA,NA,"",NA,NA,"","",NA,"","",NA,NA,NA,"","",NA,"","","","upland","elm, ash, red cedar, bitternut hickory, dogwood","None apparent","",2345,"collected by kylie","N",NA,"elm","ash","red cedar","hickory","dogwood","","","",NA,1,1,0,0,1,0,0,0,1,1,0,0,0,0,0,0,0,0,0,0,0,0,0,0,0,0,0,0,"",""
"55",191,"kyliereroth@gmail.com","9/8/2025","ILM","BU","202","SonyHX90V",3109,44.88253,-73.3309,1,"N",41,"Adult",33.6,"Dominant","Alive","","","",NA,NA,NA,NA,"Unknown (unable to see)",75,"N","N","Y","Yes",35,40,30,30,2.5,1.5,NA,NA,NA,NA,NA,"",NA,NA,"","",NA,"","",NA,NA,NA,"","",NA,"","","","upland","white cedar, malus, butternut, red cedar","None apparent","",3115,"collected by kylie","N",NA,"white cedar","malus","butternut","red cedar","","","","",NA,0,0,0,0,1,1,1,0,0,0,0,0,0,0,0,0,0,0,0,0,1,0,0,0,0,0,0,0,"",""
"56",192,"kyliereroth@gmail.com","9/4/2025","ILM","BU","203","SonyHX90V",1794,44.88287,-73.3313,0,"",40,"Adult",57.3,"Co-dominant","Alive","","","",NA,NA,NA,NA,"Unknown (unable to see)",80,"N","Y","Y","Yes",45,NA,30,50,3,1.5,NA,NA,NA,NA,NA,"",NA,NA,"","",NA,"","",NA,NA,NA,"","",NA,"","","","upland","butternut, red cedar, elm, white cedar, elderberry","Vines on the tree","",1800,"collected by kylie","N",NA,"butternut","red cedar","elm","white cedar","elderberry","","","",NA,0,0,0,0,1,1,0,0,0,1,0,0,0,0,1,0,0,0,0,0,1,0,0,0,0,0,0,0,"",""
"57",193,"kyliereroth@gmail.com","9/4/2025","ILM","BU","204","SonyHX90V",1801,44.88283,-73.3314,0,"",43,"Adult",41.6,"Co-dominant","Alive","","","",NA,NA,NA,NA,"Unknown (unable to see)",90,"N","N","Y","Yes",30,30,25,25,2.5,2,NA,NA,NA,NA,NA,"",NA,NA,"","",NA,"","",NA,NA,NA,"","",NA,"","","","upland","red cedar, ash, white cedar, butternut, elderberry, elm","Vines on the tree","",1806,"collected by kylie","N",NA,"red cedar","ash","white cedar","butternut","elderberry","elm","","",NA,0,0,0,0,1,1,0,0,1,1,0,0,0,0,1,0,0,0,0,0,1,0,0,0,0,0,0,0,"",""
"58",194,"kyliereroth@gmail.com","9/4/2025","ILM","BU","205","SonyHX90V",1807,44.882768,-73.33151,0,"",43,"Adult",31.6,"Dominant","Alive","","","",NA,NA,NA,NA,"Unknown (unable to see)",10,"Y","Y","Y","Yes",35,40,30,70,3.5,3.5,NA,NA,NA,NA,NA,"",NA,NA,"","",NA,"","",NA,NA,NA,"","",NA,"Unsure","0","0","upland","white cedar, butternut, ash, elm, bitternut hickory, red cedar, buckthorn","Other","white cedar",1817,"collected by kylie","Y",NA,"white cedar","butternut","ash","elm","hickory","red cedar","buckthorn","",NA,1,0,0,0,1,1,0,1,1,1,0,0,0,0,0,0,0,0,0,0,1,0,0,0,0,0,0,0,"",""
"59",195,"kyliereroth@gmail.com","9/4/2025","ILM","BU","206","SonyHX90V",1818,44.88284,-73.3313,0,"",42,"Adult",34.4,"Co-dominant","Alive","","","",NA,NA,NA,NA,"Unknown (unable to see)",95,"N","N","Y","Yes",55,45,40,45,3,1.5,NA,NA,NA,NA,NA,"",NA,NA,"","",NA,"","",NA,NA,NA,"","",NA,"","","","upland","white cedar, butternut, ash, elderberry","Other","red cedar",1826,"more eastern/ closer to trail than 206A, collected by kylie","N",NA,"white cedar","butternut","ash","elderberry","","","","",NA,0,0,0,0,0,1,0,0,1,0,0,0,0,0,1,0,0,0,0,0,1,0,0,0,0,0,0,0,"",""
"60",196,"kyliereroth@gmail.com","9/4/2025","ILM","BU","207","SonyHX90V",1835,44.88266,-73.3314,0,"",42,"Adult",33.2,"Co-dominant","Alive","","","",NA,NA,NA,NA,"Unknown (unable to see)",90,"N","N","Y","Yes",60,45,30,75,3,1.5,NA,NA,NA,NA,NA,"",NA,NA,"","",NA,"","",NA,NA,NA,"","",NA,"","","","upland","butternut, white cedar, red cedar, ash, dogwood, elm","None apparent","",1843,"collected by catherine","N",NA,"butternut","white cedar","red cedar","ash","dogwood","elm","","",NA,0,1,0,0,1,1,0,0,1,1,0,0,0,0,0,0,0,0,0,0,1,0,0,0,0,0,0,0,"",""
"61",197,"kyliereroth@gmail.com","9/8/2025","ILM","BU","212","SonyHX90V",3143,44.88281,-73.3309,0,"",28,"Adult",33.9,"Co-dominant","Dead","N","N","Y",60,40,50,60,"",NA,"","","","",NA,NA,NA,NA,NA,NA,NA,NA,NA,NA,NA,"",NA,NA,"","",NA,"","",NA,NA,NA,"","",NA,"","","","upland","boxelder, red cedar, ash, white cedar, elm, butternut","None apparent","",3151,"collected by kylie","N",NA,"boxelder","red cedar","ash","white cedar","elm","butternut","","",NA,0,0,0,0,1,1,0,0,1,1,0,0,0,0,0,0,0,1,0,0,1,0,0,0,0,0,0,0,"",""
"62",198,"kyliereroth@gmail.com","9/10/2025","ILM","BU","215","SonyHX90V",3780,44.88255,-73.331,0,"",3.04,"Seedling",NA,"","","","","",NA,NA,NA,NA,"",NA,"","","","",NA,NA,NA,NA,NA,NA,90,31,21,55,12.6,"",0,2025,"Alive","",100,"N","",NA,NA,NA,"","",NA,"0","0","0","upland","white cedar, malus, ash, butternut, honeysuckle","None apparent","",3793,"is an epicormic from a stump, another is epicormic is present, we measured the larger one. collected by catherine","Y",NA,"white cedar","malus","ash","butternut","honeysuckle","","","",NA,0,0,0,0,0,1,1,0,1,0,0,0,0,1,0,0,0,0,0,0,1,0,0,0,0,0,0,0,"",""
"63",199,"kyliereroth@gmail.com","9/8/2025","ILM","BU","216","SonyHX90V",2116,44.88251,-73.3309,1,"N",38,"Adult",22.3,"Intermediate","Alive","","","",NA,NA,NA,NA,"Unknown (unable to see)",40,"Y","N","Y","Yes",45,30,20,40,2.5,2,NA,NA,NA,NA,NA,"",NA,NA,"","",NA,"","",NA,NA,NA,"","",NA,"0","0","0","upland","red cedar, butternut, white cedar, hickory","None apparent","",3124,"collected by kylie","Y",NA,"red cedar","butternut","white cedar","hickory","","","","",NA,1,0,0,0,1,1,0,0,0,0,0,0,0,0,0,0,0,0,0,0,1,0,0,0,0,0,0,0,"",""
"64",200,"kyliereroth@gmail.com","9/8/2025","ILM","BU","217","SonyHX90V",3091,44.8825,-73.3308,2,"N",32,"Adult",24.8,"Co-dominant","Alive","","","",NA,NA,NA,NA,"Unknown (unable to see)",50,"N","Y","Y","Yes",20,45,45,50,3,2.5,NA,NA,NA,NA,NA,"",NA,NA,"","",NA,"","",NA,NA,NA,"","",NA,"","","","upland","red cedar, white cedar, butternut, ash","None apparent","",3100,"collected by kylie","N",NA,"red cedar","white cedar","butternut","ash","","","","",NA,0,0,0,0,1,1,0,0,1,0,0,0,0,0,0,0,0,0,0,0,1,0,0,0,0,0,0,0,"",""
"65",201,"kyliereroth@gmail.com","9/8/2025","ILM","BU","221","SonyHX90V",3101,44.88242,-73.3308,1,"N",38,"Adult",26.4,"Dominant","Alive","","","",NA,NA,NA,NA,"Unknown (unable to see)",55,"Y","N","Y","Yes",30,45,30,50,3,2.5,NA,NA,NA,NA,NA,"",NA,NA,"","",NA,"","",NA,NA,NA,"","",NA,"Unsure","0","0","upland","elderberry, red cedar, white cedar, butternut, dogwood, honeysuckle","None apparent","",3108,"collected by kylie","Y",NA,"elderberry","red cedar","white cedar","butternut","dogwood","honeysuckle","","",NA,0,1,0,0,1,1,0,0,0,0,0,0,0,1,1,0,0,0,0,0,1,0,0,0,0,0,0,0,"",""
"66",202,"kyliereroth@gmail.com","9/8/2025","ILM","BU","222","SonyHX90V",3086,44.88237,-73.3307,1,"N",1.25,"Seedling",NA,"","","","","",NA,NA,NA,NA,"",NA,"","","","",NA,NA,NA,NA,NA,NA,5,92,81,78,3.97,"",0,2024,"Dead","N",NA,"","",NA,NA,NA,"","",NA,"","","","upland","ash, white cedar, dogwood, red cedar, elm","Nearby grasses or forbs","",3090,"collected by kylie","N",NA,"ash","white cedar","dogwood","red cedar","elm","","","",NA,0,1,0,0,1,1,0,0,1,1,0,0,0,0,0,0,0,0,0,0,0,0,0,0,0,0,0,0,"",""
"67",203,"kyliereroth@gmail.com","9/8/2025","ILM","BU","223","SonyHX90V",3020,44.88228,-73.3308,1,"NE",40,"Adult",34.8,"Co-dominant","Alive","","","",NA,NA,NA,NA,"Unknown (unable to see)",85,"Y","Y","Y","Yes",70,75,60,75,3.5,1.5,NA,NA,NA,NA,NA,"",NA,NA,"","",NA,"","",NA,NA,NA,"","",NA,"0","0","0","upland","white cedar, red cedar, butternut, dogwood, ash, shagbark hickory","None apparent","",3031,"collected by kylie","Y",NA,"white cedar","red cedar","butternut","dogwood","ash","hickory","","",NA,1,1,0,0,1,1,0,0,1,0,0,0,0,0,0,0,0,0,0,0,1,0,0,0,0,0,0,0,"",""
"68",204,"kyliereroth@gmail.com","9/8/2025","ILM","BU","225","SonyHX90V",3000,44.88175,-73.3304,0,"",41,"Adult",40.9,"Co-dominant","Alive","","","",NA,NA,NA,NA,"Unknown (unable to see)",70,"N","N","Y","Yes",20,10,10,15,1.5,2,NA,NA,NA,NA,NA,"",NA,NA,"","",NA,"","",NA,NA,NA,"","",NA,"","","","upland","butternut, white cedar, honeysuckle, red cedar, dogwood, malus, hickory","None apparent","",3009,"collected by kylie","N",NA,"butternut","white cedar","honeysuckle","red cedar","dogwood","malus","hickory","",NA,1,1,0,0,1,1,1,0,0,0,0,0,0,1,0,0,0,0,0,0,1,0,0,0,0,0,0,0,"",""
"69",205,"kyliereroth@gmail.com","9/8/2025","ILM","BU","226","SonyHX90V",2990,44.88175,-73.3304,0,"",41,"Adult",35.6,"Co-dominant","Alive","","","",NA,NA,NA,NA,"Unknown (unable to see)",65,"N","N","Y","Yes",15,15,10,15,1.5,2.5,NA,NA,NA,NA,NA,"",NA,NA,"","",NA,"","",NA,NA,NA,"","",NA,"","","","upland","butternut, white cedar, honeysuckle, red cedar, dogwood, malus, hickory","None apparent","",2999,"collected by kylie","N",NA,"butternut","white cedar","honeysuckle","red cedar","dogwood","malus","hickory","",NA,1,1,0,0,1,1,1,0,0,0,0,0,0,1,0,0,0,0,0,0,1,0,0,0,0,0,0,0,"",""
"70",206,"kyliereroth@gmail.com","9/8/2025","ILM","BU","227","SonyHX90V",3161,44.88249,-73.3305,1,"NW",29,"Adult",23.5,"Co-dominant","Alive","","","",NA,NA,NA,NA,"Unknown (unable to see)",15,"Y","N","Y","Yes",50,80,35,85,4,3.5,NA,NA,NA,NA,NA,"",NA,NA,"","",NA,"","",NA,NA,NA,"","",NA,"Unsure","0","0","upland","elderberry, butternut, ash, red cedar, white cedar","Vines on the tree","",3172,"collected by kylie","Y",NA,"elderberry","butternut","ash","red cedar","white cedar","","","",NA,0,0,0,0,1,1,0,0,1,0,0,0,0,0,1,0,0,0,0,0,1,0,0,0,0,0,0,0,"",""
"71",207,"kyliereroth@gmail.com","9/8/2025","ILM","BU","228","SonyHX90V",3173,44.88245,-73.3305,1,"NW",28,"Adult",24.8,"Co-dominant","Alive","","","",NA,NA,NA,NA,"Unknown (unable to see)",20,"Y","N","Y","Yes",75,65,70,75,4,3,NA,NA,NA,NA,NA,"",NA,NA,"","",NA,"","",NA,NA,NA,"","",NA,"Unsure","0","0","upland","elderberry, butternut, ash, red cedar, white cedar, bitternut hickory, boxelder","Vines on the tree","",3181,"collected by kylie","Y",NA,"elderberry","butternut","ash","red cedar","white cedar","hickory","boxelder","",NA,1,0,0,0,1,1,0,0,1,0,0,0,0,0,1,0,0,1,0,0,1,0,0,0,0,0,0,0,"",""
"72",208,"kyliereroth@gmail.com","9/10/2025","ILM","BU","230","SonyHX90V",3727,44.88271,-73.3305,0,"",43,"Adult",34.7,"Dominant","Alive","","","",NA,NA,NA,NA,"Unknown (unable to see)",5,"N","N","Y","Yes",50,35,30,70,3.5,4,NA,NA,NA,NA,NA,"",NA,NA,"","",NA,"","",NA,NA,NA,"","",NA,"","","","upland","dogwood, buckthorn, red cedar, elm","None apparent","",3738,"collected by catherine","N",NA,"dogwood","buckthorn","red cedar","elm","","","","",NA,0,1,0,0,1,0,0,1,0,1,0,0,0,0,0,0,0,0,0,0,0,0,0,0,0,0,0,0,"",""
"73",209,"kyliereroth@gmail.com","9/4/2025","ILM","BU","231","SonyHX90V",1704,44.88245,-73.3292,0,"",29,"Adult",25.1,"Intermediate","Alive","","","",NA,NA,NA,NA,"No",5,"Y","N","Y","Yes",70,NA,85,95,5,5,NA,NA,NA,NA,NA,"",NA,NA,"","",NA,"","",NA,NA,NA,"","",NA,"0","1","0","upland","elderberry, red cedar, bitternut hickory, elm, butternut, ash","None apparent","",1714,"collected by catherine","Y",NA,"elderberry","red cedar","hickory","elm","butternut","ash","","",NA,1,0,0,0,1,0,0,0,1,1,0,0,0,0,1,0,0,0,0,0,1,0,0,0,0,0,0,0,"",""
"74",210,"kyliereroth@gmail.com","9/4/2025","ILM","BU","232","SonyHX90V",1696,44.88244,-73.3291,0,"",36,"Adult",32,"Intermediate","Alive","","","",NA,NA,NA,NA,"No",50,"N","N","Y","Yes",45,65,60,65,3.5,2.5,NA,NA,NA,NA,NA,"",NA,NA,"","",NA,"","",NA,NA,NA,"","",NA,"","","","upland","bitternut hickory, butternut, elderberry, ash, red cedar","None apparent","",1703,"collected by catherine","N",NA,"hickory","butternut","elderberry","ash","red cedar","","","",NA,1,0,0,0,1,0,0,0,1,0,0,0,0,0,1,0,0,0,0,0,1,0,0,0,0,0,0,0,"",""
"75",211,"kyliereroth@gmail.com","9/4/2025","ILM","BU","233","SonyHX90V",1676,44.88239,-73.329,0,"",35,"Adult",26.1,"Intermediate","Alive","","","",NA,NA,NA,NA,"No",25,"N","N","Y","Yes",65,55,55,80,3.5,2.5,NA,NA,NA,NA,NA,"",NA,NA,"","",NA,"","",NA,NA,NA,"","",NA,"","","","upland","ash, elderberry, bitternut hickory, red cedar, elm ","None apparent","",1687,"collected by catherine","N",NA,"ash","elderberry","hickory","red cedar","elm","","","",NA,1,0,0,0,1,0,0,0,1,1,0,0,0,0,1,0,0,0,0,0,0,0,0,0,0,0,0,0,"",""
"76",212,"kyliereroth@gmail.com","9/4/2025","ILM","BU","234","SonyHX90V",1688,44.88237,-73.3291,0,"",43,"Adult",36.5,"Dominant","Alive","","","",NA,NA,NA,NA,"No",75,"N","N","Y","Yes",40,55,35,55,3.5,1.5,NA,NA,NA,NA,NA,"",NA,NA,"","",NA,"","",NA,NA,NA,"","",NA,"","","","upland","red cedar, white cedar, bitternut hickory, butternut, elm, elderberry, ash","None apparent","",1695,"collected by catherine","N",NA,"red cedar","white cedar","hickory","butternut","elm","elderberry","ash","",NA,1,0,0,0,1,1,0,0,1,1,0,0,0,0,1,0,0,0,0,0,1,0,0,0,0,0,0,0,"",""
"77",213,"kyliereroth@gmail.com","9/4/2025","ILM","BU","235","SonyHX90V",1727,44.88246,-73.3294,0,"",40,"Adult",39.2,"Co-dominant","Alive","","","",NA,NA,NA,NA,"Unknown (unable to see)",60,"N","N","Y","Yes",45,60,60,50,3.5,2,NA,NA,NA,NA,NA,"",NA,NA,"","",NA,"","",NA,NA,NA,"","",NA,"","","","upland","elm, red cedar, bitternut hickory, dogwood","Vines on the tree","",1736,"collected by kylie","N",NA,"elm","red cedar","hickory","dogwood","","","","",NA,1,1,0,0,1,0,0,0,0,1,0,0,0,0,0,0,0,0,0,0,0,0,0,0,0,0,0,0,"",""
"78",214,"kyliereroth@gmail.com","9/4/2025","ILM","BU","236","SonyHX90V",1737,44.88256,-73.3298,0,"",35,"Adult",34.6,"Co-dominant","Alive","","","",NA,NA,NA,NA,"Unknown (unable to see)",65,"N","N","Y","Yes",50,70,55,75,4,2,NA,NA,NA,NA,NA,"",NA,NA,"","",NA,"","",NA,NA,NA,"","",NA,"","","","upland","white cedar, red cedar, ash, bitternut hickory","None apparent","",1749,"collected by kylie","N",NA,"white cedar","red cedar","ash","hickory","","","","",NA,1,0,0,0,1,1,0,0,1,0,0,0,0,0,0,0,0,0,0,0,0,0,0,0,0,0,0,0,"",""
"79",215,"kyliereroth@gmail.com","9/10/2025","ILM","BU","238","SonyHX90V",3695,44.88261,-73.3302,0,"",30,"Adult",25.2,"Co-dominant","Alive","","","",NA,NA,NA,NA,"Unknown (unable to see)",70,"N","Y","Y","Yes",80,85,75,85,4,2,NA,NA,NA,NA,NA,"",NA,NA,"","",NA,"","",NA,NA,NA,"","",NA,"","","","upland","red cedar, bitternut hickory, buckthorn, ash, elm","Vines on the tree","",3706,"epicormics dead, collected by catherine","N",NA,"red cedar","hickory","buckthorn","ash","elm","","","",NA,1,0,0,0,1,0,0,1,1,1,0,0,0,0,0,0,0,0,0,0,0,0,0,0,0,0,0,0,"",""
"80",216,"kyliereroth@gmail.com","9/10/2025","ILM","BU","242","SonyHX90V",3717,44.88265,-73.3304,0,"",40,"Adult",32.3,"Dominant","Alive","","","",NA,NA,NA,NA,"Unknown (unable to see)",25,"N","N","Y","Yes",10,45,45,55,3.5,2.5,NA,NA,NA,NA,NA,"",NA,NA,"","",NA,"","",NA,NA,NA,"","",NA,"","","","upland","elm, butternut, ash, red cedar, elderberry","Vines on the tree","",3726,"collected by catherine","N",NA,"elm","butternut","ash","red cedar","elderberry","","","",NA,0,0,0,0,1,0,0,0,1,1,0,0,0,0,1,0,0,0,0,0,1,0,0,0,0,0,0,0,"",""
"81",217,"kyliereroth@gmail.com","9/6/2025","ILM","BU","250","SonyHX90V",2424,44.88384,-73.3268,1,"E",0.68,"Seedling",NA,"","","","","",NA,NA,NA,NA,"",NA,"","","","",NA,NA,NA,NA,NA,NA,88,92,96,96,4.22,"",0,2024,"Dead","N",NA,"","",NA,NA,NA,"","",NA,"0","0","Unsure","upland","red cedar, butternut, bitternut hickory","None apparent","",2428,"collected by emma","Y",NA,"red cedar","butternut","hickory","","","","","",NA,1,0,0,0,1,0,0,0,0,0,0,0,0,0,0,0,0,0,0,0,1,0,0,0,0,0,0,0,"",""
"82",218,"kyliereroth@gmail.com","9/6/2025","ILM","BU","251","SonyHX90V",2415,44.88384,-73.3268,1,"E",1.04,"Seedling",NA,"","","","","",NA,NA,NA,NA,"",NA,"","","","",NA,NA,NA,NA,NA,NA,28,68,95,61,3.9,"",1,2024,"Alive","",45,"N","",NA,NA,NA,"","",NA,"0","0","0","upland","red cedar, butternut, bitternut hickory","None apparent","",2423,"1 additional living stem slightly shorter than the main living stem, collected by emma","Y",NA,"red cedar","butternut","hickory","","","","","",NA,1,0,0,0,1,0,0,0,0,0,0,0,0,0,0,0,0,0,0,0,1,0,0,0,0,0,0,0,"",""
"83",219,"kyliereroth@gmail.com","9/6/2025","ILM","BU","252","SonyHX90V",2429,44.88385,-73.3267,3,"E",2.12,"Seedling",NA,"","","","","",NA,NA,NA,NA,"",NA,"","","","",NA,NA,NA,NA,NA,NA,87,82,91,95,9.23,"",0,2023,"Alive","",100,"Y","N",10,5,30,"","",NA,"0","0","0","upland","red cedar, butternut, bitternut hickory, ash","None apparent","",2436,"collected by emma","Y",NA,"red cedar","butternut","hickory","ash","","","","",NA,1,0,0,0,1,0,0,0,1,0,0,0,0,0,0,0,0,0,0,0,1,0,0,0,0,0,0,0,"",""
"84",220,"kyliereroth@gmail.com","9/7/2025","ILM","BU","253","SonyHX90V",2445,44.88378,-73.3268,2,"E",2.52,"Seedling",NA,"","","","","",NA,NA,NA,NA,"",NA,"","","","",NA,NA,NA,NA,NA,NA,96,93,11,96,10.25,"",0,2024,"Alive","",70,"Y","N",70,5,50,"","",NA,"0","0","0","upland","red cedar, maple, basswood, honeysuckle","None apparent","",2453,"collected by emma","Y",NA,"red cedar","maple","basswood","honeysuckle","","","","",NA,0,0,0,0,1,0,0,0,0,0,0,1,0,1,0,0,0,0,1,0,0,0,0,0,0,0,0,0,"",""
"85",221,"kyliereroth@gmail.com","9/7/2025","ILM","BU","255","SonyHX90V",2454,44.88376,-73.3269,5,"E",0.96,"Seedling",NA,"","","","","",NA,NA,NA,NA,"",NA,"","","","",NA,NA,NA,NA,NA,NA,96,96,94,96,3.97,"",0,2024,"Alive","",0,"Y","N",20,15,25,"","",NA,"0","0","0","upland","red cedar, basswood","Nearby grasses or forbs","",2465,"collected by emma","Y",NA,"red cedar","basswood","","","","","","",NA,0,0,0,0,1,0,0,0,0,0,0,1,0,0,0,0,0,0,0,0,0,0,0,0,0,0,0,0,"",""
"86",222,"kyliereroth@gmail.com","9/7/2025","ILM","BU","256","SonyHX90V",2466,44.88372,-73.3269,2,"NE",1.7,"Seedling",NA,"","","","","",NA,NA,NA,NA,"",NA,"","","","",NA,NA,NA,NA,NA,NA,96,80,47,95,10.02,"",0,2024,"Alive","",20,"Y","N",30,0,50,"","",NA,"Unsure","0","0","upland","red cedar, basswood, ash, elm","None apparent","",2476,"collected by emma","Y",NA,"red cedar","basswood","ash","elm","","","","",NA,0,0,0,0,1,0,0,0,1,1,0,1,0,0,0,0,0,0,0,0,0,0,0,0,0,0,0,0,"",""
"87",223,"kyliereroth@gmail.com","9/7/2025","ILM","BU","259","SonyHX90V",2487,44.8836,-73.3269,5,"NE",1.16,"Seedling",NA,"","","","","",NA,NA,NA,NA,"",NA,"","","","",NA,NA,NA,NA,NA,NA,96,63,92,96,8.24,"",0,2023,"Alive","",20,"N","",NA,NA,NA,"","",NA,"0","0","0","upland","red cedar, bitternut hickory, buckthorn","None apparent","",2496,"collected by emma","Y",NA,"red cedar","hickory","buckthorn","","","","","",NA,1,0,0,0,1,0,0,1,0,0,0,0,0,0,0,0,0,0,0,0,0,0,0,0,0,0,0,0,"",""
"88",224,"kyliereroth@gmail.com","9/7/2025","ILM","BU","262","SonyHX90V",2506,44.88345,-73.327,1,"N",1,"Seedling",NA,"","","","","",NA,NA,NA,NA,"",NA,"","","","",NA,NA,NA,NA,NA,NA,35,72,95,85,4.08,"",0,2024,"Alive","",0,"Y","Y",50,20,75,"","",NA,"0","0","Unsure","upland","red cedar, bitternut hickory, elm, butternut","None apparent","",2519,"collected by emma","Y",NA,"red cedar","hickory","elm","butternut","","","","",NA,1,0,0,0,1,0,0,0,0,1,0,0,0,0,0,0,0,0,0,0,1,0,0,0,0,0,0,0,"",""
"89",225,"kyliereroth@gmail.com","9/7/2025","ILM","BU","263","SonyHX90V",2520,44.88345,-73.327,2,"NE",1.62,"Seedling",NA,"","","","","",NA,NA,NA,NA,"",NA,"","","","",NA,NA,NA,NA,NA,NA,31,86,22,21,8.22,"",0,2024,"Alive","",50,"N","",NA,NA,NA,"","",NA,"0","0","0","upland","red cedar, bitternut hickory, butternut","None apparent","",2530,"collected by emma","Y",NA,"red cedar","hickory","butternut","","","","","",NA,1,0,0,0,1,0,0,0,0,0,0,0,0,0,0,0,0,0,0,0,1,0,0,0,0,0,0,0,"",""
"90",226,"kyliereroth@gmail.com","9/7/2025","ILM","BU","264","SonyHX90V",2540,44.88345,-73.3271,5,"NE",2.37,"Seedling",NA,"","","","","",NA,NA,NA,NA,"",NA,"","","","",NA,NA,NA,NA,NA,NA,75,84,89,77,8.21,"",1,2024,"Alive","",100,"Y","N",0,1,5,"","",NA,"0","0","0","upland","red cedar, bitternut hickory, elm, butternut","None apparent","",2552,"collected by emma","Y",NA,"red cedar","hickory","elm","butternut","","","","",NA,1,0,0,0,1,0,0,0,0,1,0,0,0,0,0,0,0,0,0,0,1,0,0,0,0,0,0,0,"",""
"91",227,"kyliereroth@gmail.com","9/7/2025","ILM","BU","265","SonyHX90V",2553,44.883401,-73.327,1,"N",1.66,"Seedling",NA,"","","","","",NA,NA,NA,NA,"",NA,"","","","",NA,NA,NA,NA,NA,NA,96,92,68,96,8.18,"",0,2023,"Alive","",0,"N","",NA,NA,NA,"","",NA,"0","0","0","upland","red cedar, butternut, bitternut hickory","None apparent","",2560,"collected by emma","Y",NA,"red cedar","butternut","hickory","","","","","",NA,1,0,0,0,1,0,0,0,0,0,0,0,0,0,0,0,0,0,0,0,1,0,0,0,0,0,0,0,"",""
"92",228,"kyliereroth@gmail.com","9/7/2025","ILM","BU","267","SonyHX90V",2561,44.88337,-73.327,1,"N",1.06,"Seedling",NA,"","","","","",NA,NA,NA,NA,"",NA,"","","","",NA,NA,NA,NA,NA,NA,96,96,87,96,6.2,"",0,2024,"Alive","",0,"Y","N",15,0,35,"","",NA,"0","0","0","upland","butternut, red cedar, bitternunt hickory","None apparent","",2567,"collected by emma","Y",NA,"butternut","red cedar","hickory","","","","","",NA,1,0,0,0,1,0,0,0,0,0,0,0,0,0,0,0,0,0,0,0,1,0,0,0,0,0,0,0,"",""
"93",229,"kyliereroth@gmail.com","9/7/2025","ILM","BU","286","SonyHX90V",2645,44.88344,-73.3274,0,"",1.1,"Seedling",NA,"","","","","",NA,NA,NA,NA,"",NA,"","","","",NA,NA,NA,NA,NA,NA,28,6,66,76,6.94,"",0,2024,"Alive","",0,"Y","N",0,5,60,"","",NA,"Unsure","0","Unsure","upland","malus, red cedar","None apparent","",2649,"collected by emma","Y",NA,"malus","red cedar","","","","","","",NA,0,0,0,0,1,0,1,0,0,0,0,0,0,0,0,0,0,0,0,0,0,0,0,0,0,0,0,0,"",""
"94",230,"kyliereroth@gmail.com","9/7/2025","ILM","BU","288","SonyHX90V",2604,44.88343,-73.3272,2,"E",9,"Adult",2.4,"Suppressed","Alive","","","",NA,NA,NA,NA,"No",100,"N","N","Y","Yes",0,NA,0,0,1,1,NA,NA,NA,NA,NA,"",NA,NA,"","",NA,"","",NA,NA,NA,"","",NA,"0","0","1","upland","butternut, red cedar, malus","None apparent","",2614,"1 previous dead stem from base, unsure if it was an epicormic. collected by emma","Y",NA,"butternut","red cedar","malus","","","","","",NA,0,0,0,0,1,0,1,0,0,0,0,0,0,0,0,0,0,0,0,0,1,0,0,0,0,0,0,0,"",""
"95",231,"kyliereroth@gmail.com","9/7/2025","ILM","BU","300","SonyHX90V",2680,44.88391,-73.3271,0,"",1.08,"Seedling",NA,"","","","","",NA,NA,NA,NA,"",NA,"","","","",NA,NA,NA,NA,NA,NA,19,22,42,50,6.18,"",0,2024,"Alive","",5,"N","",NA,NA,NA,"","",NA,"Unsure","0","0","upland","red cedar, basswood, shagbark hickory, oak","None apparent","",2689,"collected by catherine","Y",NA,"red cedar","basswood","hickory","oak","","","","",NA,1,0,0,0,1,0,0,0,0,0,0,1,0,0,0,0,0,0,0,0,0,1,0,0,0,0,0,0,"",""
"96",232,"kyliereroth@gmail.com","9/10/2025","ILM","BU","309","SonyHX90V",3739,44.88291,-73.3306,0,"",1.81,"Seedling",NA,"","","","","",NA,NA,NA,NA,"",NA,"","","","",NA,NA,NA,NA,NA,NA,88,96,96,87,6.1,"",1,2024,"Alive","",100,"Y","N",0,2,10,"","",NA,"0","0","0","upland","butternut, red cedar, white cedar","None apparent","",3748,"2 living stems, 1 dead. took data on bigger/ living stem. Collected by catherine","Y",NA,"butternut","red cedar","white cedar","","","","","",NA,0,0,0,0,1,1,0,0,0,0,0,0,0,0,0,0,0,0,0,0,1,0,0,0,0,0,0,0,"",""
"97",233,"kyliereroth@gmail.com","9/10/2025","ILM","BU","314","SonyHX90V",3775,44.88301,-73.3307,0,"",0.54,"Seedling",NA,"","","","","",NA,NA,NA,NA,"",NA,"","","","",NA,NA,NA,NA,NA,NA,96,96,74,96,3.94,"",0,2025,"Dead","N",NA,"","",NA,NA,NA,"","",NA,"0","0","Unsure","upland","butternut, white cedar, red cedar","Nearby grasses or forbs","",3779,"collected by catherine","Y",NA,"butternut","white cedar","red cedar","","","","","",NA,0,0,0,0,1,1,0,0,0,0,0,0,0,0,0,0,0,0,0,0,1,0,0,0,0,0,0,0,"",""
"98",234,"kyliereroth@gmail.com","9/10/2025","ILM","BU","323","SonyHX90V",3801,44.88302,-73.3311,0,"",1.33,"Seedling",NA,"","","","","",NA,NA,NA,NA,"",NA,"","","","",NA,NA,NA,NA,NA,NA,20,18,84,70,6.48,"",0,2024,"Alive","",0,"Y","Y",0,5,15,"","",NA,"0","0","Unsure","upland","buckthorn, red cedar, honeysuckle, butternut","None apparent","",3809,"collected by catherine","Y",NA,"buckthorn","red cedar","honeysuckle","butternut","","","","",NA,0,0,0,0,1,0,0,1,0,0,0,0,0,1,0,0,0,0,0,0,1,0,0,0,0,0,0,0,"",""
"99",235,"kyliereroth@gmail.com","9/10/2025","ILM","BU","329","SonyHX90V",3810,44.88291,-73.3312,0,"",1.35,"Seedling",NA,"","","","","",NA,NA,NA,NA,"",NA,"","","","",NA,NA,NA,NA,NA,NA,96,95,90,56,8.9,"",0,2024,"Alive","",0,"Y","Y",45,15,40,"","",NA,"0","0","0","upland","butternut, white cedar, red cedar, buckthorn, honeysuckle","None apparent","",3820,"collected by catherine","Y",NA,"butternut","white cedar","red cedar","buckthorn","honeysuckle","","","",NA,0,0,0,0,1,1,0,1,0,0,0,0,0,1,0,0,0,0,0,0,1,0,0,0,0,0,0,0,"",""
"100",236,"kyliereroth@gmail.com","9/4/2025","ILM","BU","330","SonyHX90V",1875,44.88297,-73.331,0,"",0.96,"Seedling",NA,"","","","","",NA,NA,NA,NA,"",NA,"","","","",NA,NA,NA,NA,NA,NA,59,60,82,87,5.61,"",2,2022,"Alive","",0,"N","",NA,NA,NA,"","",NA,"0","0","0","upland","red cedar, buckthorn, elm, butternut","None apparent","",1881,"possibly leafless due to drought. collected by catherine","Y",NA,"red cedar","buckthorn","elm","butternut","","","","",NA,0,0,0,0,1,0,0,1,0,1,0,0,0,0,0,0,0,0,0,0,1,0,0,0,0,0,0,0,"",""
"101",237,"kyliereroth@gmail.com","9/4/2025","ILM","BU","331","SonyHX90V",1896,44.88301,-73.3312,0,"",1.84,"Seedling",NA,"","","","","",NA,NA,NA,NA,"",NA,"","","","",NA,NA,NA,NA,NA,NA,93,96,94,92,7.63,"",0,2024,"Alive","",85,"Y","N",0,5,55,"","",NA,"Unsure","0","0","upland","butternut, elm, white cedar, buckthorn, red cedar","None apparent","",1913,"collected by catherine","Y",NA,"butternut","elm","white cedar","buckthorn","red cedar","","","",NA,0,0,0,0,1,1,0,1,0,1,0,0,0,0,0,0,0,0,0,0,1,0,0,0,0,0,0,0,"",""
"102",238,"kyliereroth@gmail.com","9/4/2025","ILM","BU","332","SonyHX90V",1882,44.88302,-73.3312,0,"",2.04,"Seedling",NA,"","","","","",NA,NA,NA,NA,"",NA,"","","","",NA,NA,NA,NA,NA,NA,94,96,96,94,8.89,"",1,2023,"Alive","",90,"N","",NA,NA,NA,"","",NA,"0","0","0","upland","butternut, red cedar, elm, buckthorn","None apparent","",1895,"9.29 basal diameter of second stem. collected by catherine","Y",NA,"butternut","red cedar","elm","buckthorn","","","","",NA,0,0,0,0,1,0,0,1,0,1,0,0,0,0,0,0,0,0,0,0,1,0,0,0,0,0,0,0,"",""
"103",239,"kyliereroth@gmail.com","9/4/2025","ILM","BU","339","SonyHX90V",1782,44.88302,-73.3316,0,"",1.92,"Seedling",NA,"","","","","",NA,NA,NA,NA,"",NA,"","","","",NA,NA,NA,NA,NA,NA,11,4,9,26,9.18,"",0,2023,"Alive","",80,"N","",NA,NA,NA,"","",NA,"0","0","0","upland","red cedar, buckthorn, bitternut hickory, dogwood, elm","None apparent","",1788,"collected by kylie","Y",NA,"red cedar","buckthorn","hickory","dogwood","elm","","","",NA,1,1,0,0,1,0,0,1,0,1,0,0,0,0,0,0,0,0,0,0,0,0,0,0,0,0,0,0,"",""
"104",240,"kyliereroth@gmail.com","9/4/2025","ILM","BU","350","SonyHX90V",1789,44.88298,-73.3315,0,"",1.5,"Seedling",NA,"","","","","",NA,NA,NA,NA,"",NA,"","","","",NA,NA,NA,NA,NA,NA,10,19,28,10,6.3,"",0,2024,"Alive","",20,"N","",NA,NA,NA,"","",NA,"1","0","0","upland","red cedar, bitternut hickory, elm, dogwood","None apparent","",1793,"collected by kylie","Y",NA,"red cedar","hickory","elm","dogwood","","","","",NA,1,1,0,0,1,0,0,0,0,1,0,0,0,0,0,0,0,0,0,0,0,0,0,0,0,0,0,0,"",""
"105",241,"kyliereroth@gmail.com","9/8/2025","ILM","BU","356","SonyHX90V",3010,44.881188,-73.330353,1,"N",1.16,"Seedling",NA,"","","","","",NA,NA,NA,NA,"",NA,"","","","",NA,NA,NA,NA,NA,NA,5,47,37,3,6.88,"",0,2024,"Alive","",10,"N","",NA,NA,NA,"","",NA,"0","0","0","upland","buckthorn, red cedar, honeysuckle, dogwood","None apparent","",3019,"Collected by kylie","Y",NA,"buckthorn","red cedar","honeysuckle","dogwood","","","","",NA,0,1,0,0,1,0,0,1,0,0,0,0,0,1,0,0,0,0,0,0,0,0,0,0,0,0,0,0,"",""
"106",242,"kyliereroth@gmail.com","9/10/2025","ILM","BU","357","SonyHX90V",3657,44.88295,-73.3301,0,"",1.5,"Seedling",NA,"","","","","",NA,NA,NA,NA,"",NA,"","","","",NA,NA,NA,NA,NA,NA,83,30,9,85,4.48,"",2,2022,"Alive","",0,"N","",NA,NA,NA,"","",NA,"0","0","Unsure","upland","red cedar, ash, buckthorn, honeysuckle","None apparent","",3665,"collected by catherine","Y",NA,"red cedar","ash","buckthorn","honeysuckle","","","","",NA,0,0,0,0,1,0,0,1,1,0,0,0,0,1,0,0,0,0,0,0,0,0,0,0,0,0,0,0,"",""
"107",243,"kyliereroth@gmail.com","9/8/2025","ILM","BU","358","SonyHX90V",3032,44.88227,-73.3306,0,"",1.31,"Seedling",NA,"","","","","",NA,NA,NA,NA,"",NA,"","","","",NA,NA,NA,NA,NA,NA,14,6,0,4,4.15,"",1,2022,"Alive","",95,"N","",NA,NA,NA,"","",NA,"Unsure","0","0","upland","red cedar, dogwood, shagbark hickory, white cedar, ash","None apparent","",3038,"collected by kylie","Y",NA,"red cedar","dogwood","hickory","white cedar","ash","","","",NA,1,1,0,0,1,1,0,0,1,0,0,0,0,0,0,0,0,0,0,0,0,0,0,0,0,0,0,0,"",""
"108",244,"kyliereroth@gmail.com","9/8/2025","ILM","BU","360","SonyHX90V",2923,44.88297,-73.3298,1,"NE",1.54,"Seedling",NA,"","","","","",NA,NA,NA,NA,"",NA,"","","","",NA,NA,NA,NA,NA,NA,14,15,18,35,6.29,"",1,2024,"Alive","",95,"N","",NA,NA,NA,"","",NA,"0","0","0","upland","red cedar, butternut, honeysuckle","None apparent","",2931,"collected by catherine","Y",NA,"red cedar","butternut","honeysuckle","","","","","",NA,0,0,0,0,1,0,0,0,0,0,0,0,0,1,0,0,0,0,0,0,1,0,0,0,0,0,0,0,"",""
"109",245,"kyliereroth@gmail.com","9/10/2025","ILM","BU","364","SonyHX90V",3652,44.88316,-73.3298,0,"",1.25,"Seedling",NA,"","","","","",NA,NA,NA,NA,"",NA,"","","","",NA,NA,NA,NA,NA,NA,74,84,69,69,6.23,"",0,2024,"Alive","",0,"N","",NA,NA,NA,"","",NA,"0","0","0","upland","red cedar, buckthorn","None apparent","",3656,"collected by catherine","Y",NA,"red cedar","buckthorn","","","","","","",NA,0,0,0,0,1,0,0,1,0,0,0,0,0,0,0,0,0,0,0,0,0,0,0,0,0,0,0,0,"",""
"110",246,"kyliereroth@gmail.com","9/7/2025","ILM","BU","365","SonyHX90V",2951,44.88325,-73.3298,1,"NW",1.39,"Seedling",NA,"","","","","",NA,NA,NA,NA,"",NA,"","","","",NA,NA,NA,NA,NA,NA,11,26,52,40,10.23,"",0,2024,"Alive","",0,"N","",NA,NA,NA,"","",NA,"0","0","0","upland","red cedar, butternut, honeysuckle","None apparent","",2957,"collected by catherine","Y",NA,"red cedar","butternut","honeysuckle","","","","","",NA,0,0,0,0,1,0,0,0,0,0,0,0,0,1,0,0,0,0,0,0,1,0,0,0,0,0,0,0,"",""
"111",247,"kyliereroth@gmail.com","9/8/2025","ILM","BU","366","SonyHX90V",2958,44.88331,-73.3298,0,"",1.25,"Seedling",NA,"","","","","",NA,NA,NA,NA,"",NA,"","","","",NA,NA,NA,NA,NA,NA,35,12,20,33,8.06,"Vole (nibbling on the bark)",0,2024,"Alive","",0,"N","",NA,NA,NA,"","",NA,"0","0","0","upland","red cedar, buckthorn, honeysuckle, dogwood","None apparent","",2967,"collected by catherine","Y",NA,"red cedar","buckthorn","honeysuckle","dogwood","","","","",NA,0,1,0,0,1,0,0,1,0,0,0,0,0,1,0,0,0,0,0,0,0,0,0,0,0,0,0,0,"Vole (nibbling on the bark)",""
"112",248,"kyliereroth@gmail.com","9/8/2025","ILM","BU","367","SonyHX90V",2968,44.883448,-73.32916,0,"",2.02,"Seedling",NA,"","","","","",NA,NA,NA,NA,"",NA,"","","","",NA,NA,NA,NA,NA,NA,89,72,85,96,8.28,"",0,2023,"Alive","",65,"Y","Y",0,5,50,"","",NA,"0","0","0","upland","red cedar, butternut, honesuckle","None apparent","",2977,"collected by catherine","Y",NA,"red cedar","butternut","honeysuckle","","","","","",NA,0,0,0,0,1,0,0,0,0,0,0,0,0,1,0,0,0,0,0,0,1,0,0,0,0,0,0,0,"",""
"113",249,"kyliereroth@gmail.com","9/8/2025","ILM","BU","369","SonyHX90V",2978,44.88337,-73.3295,0,"",2.68,"Seedling",NA,"","","","","",NA,NA,NA,NA,"",NA,"","","","",NA,NA,NA,NA,NA,NA,79,72,94,88,8.24,"",1,2024,"Alive","",100,"N","",NA,NA,NA,"","",NA,"0","0","0","upland","butternut, red cedar, honeysuckle","None apparent","",2989,"2 live stems. collected by catherine","Y",NA,"butternut","red cedar","honeysuckle","","","","","",NA,0,0,0,0,1,0,0,0,0,0,0,0,0,1,0,0,0,0,0,0,1,0,0,0,0,0,0,0,"",""
"114",250,"kyliereroth@gmail.com","9/9/2025","ILM","BU","370","SonyHX90V",3587,44.88359,-73.3294,1,"NE",1.27,"Seedling",NA,"","","","","",NA,NA,NA,NA,"",NA,"","","","",NA,NA,NA,NA,NA,NA,8,3,17,40,6.94,"",0,2024,"Alive","",75,"N","",NA,NA,NA,"","",NA,"0","0","0","upland","buckthorn, red cedar, butternut","None apparent","",3596,"collected by catherine","Y",NA,"buckthorn","red cedar","butternut","","","","","",NA,0,0,0,0,1,0,0,1,0,0,0,0,0,0,0,0,0,0,0,0,1,0,0,0,0,0,0,0,"",""
"115",251,"kyliereroth@gmail.com","9/9/2025","ILM","BU","371","SonyHX90V",3564,44.88376,-73.3291,0,"",1.69,"Seedling",NA,"","","","","",NA,NA,NA,NA,"",NA,"","","","",NA,NA,NA,NA,NA,NA,23,4,38,24,8.13,"",0,2024,"Alive","",95,"Y","Y",0,3,35,"","",NA,"0","0","0","upland","red oak, red cedar, ash, white cedar, butternut","None apparent","",3576,"collected by catherine","Y",NA,"oak","red cedar","ash","white cedar","butternut","","","",NA,0,0,0,0,1,1,0,0,1,0,0,0,0,0,0,0,0,0,0,0,1,1,0,0,0,0,0,0,"",""
"116",252,"kyliereroth@gmail.com","9/9/2025","ILM","BU","373","SonyHX90V",3577,44.8836,-73.3289,0,"",1.08,"Seedling",NA,"","","","","",NA,NA,NA,NA,"",NA,"","","","",NA,NA,NA,NA,NA,NA,36,25,64,73,6.13,"",0,2024,"Alive","",15,"Y","Y",0,10,95,"","",NA,"0","0","0","upland","red cedar, box elder, buckthorn, ash","None apparent","",3586,"collected by catherine","Y",NA,"red cedar","boxelder","buckthorn","ash","","","","",NA,0,0,0,0,1,0,0,1,1,0,0,0,0,0,0,0,0,1,0,0,0,0,0,0,0,0,0,0,"",""
"117",253,"kyliereroth@gmail.com","9/7/2025","ILM","BU","377","SonyHX90V",2722,44.884508,-73.32843,0,"",1.33,"Seedling",NA,"","","","","",NA,NA,NA,NA,"",NA,"","","","",NA,NA,NA,NA,NA,NA,45,43,27,4,4.36,"",1,2024,"Alive","",85,"N","",NA,NA,NA,"","",NA,"0","Unsure","0","upland","red cedar, buckthorn","None apparent","",2732,"collected by catherine","Y",NA,"red cedar","buckthorn","","","","","","",NA,0,0,0,0,1,0,0,1,0,0,0,0,0,0,0,0,0,0,0,0,0,0,0,0,0,0,0,0,"",""
"118",103,"cdellolio@mortonarb.org","9/10/2025","ILM","Bu","385","SonyHX90V",3957,44.8865,-73.327,1,"SW",0.66,"Seedling",NA,"","","","","",NA,NA,NA,NA,"",NA,"","","","",NA,NA,NA,NA,NA,NA,16,18,10,3,6.11,"",0,NA,"Alive","",20,"N","",NA,NA,NA,"","",NA,"0","0","0","upland","Ash","None apparent","",3971,"collected by Kylie","Y",NA,"ash","","","","","","","",NA,0,0,0,0,0,0,0,0,1,0,0,0,0,0,0,0,0,0,0,0,0,0,0,0,0,0,0,0,"",""
"119",106,"cdellolio@mortonarb.org","9/10/2025","ILM","Bu","385","SonyHX90V",3957,44.8865,-73.327,0,"",0.66,"Seedling",NA,"","","","","",NA,NA,NA,NA,"",NA,"","","","",NA,NA,NA,NA,NA,NA,16,18,10,3,6.11,"",0,2023,"Alive","",20,"N","",NA,NA,NA,"","",NA,"0","0","0","upland","Ash","None apparent","",3964,"","Y",NA,"ash","","","","","","","",NA,0,0,0,0,0,0,0,0,1,0,0,0,0,0,0,0,0,0,0,0,0,0,0,0,0,0,0,0,"",""
"120",290,"cdellolio@mortonarb.org","9/10/2025","ILM","Bu","386","SonyHX90V",3965,44.88653,-73.3272,1,"SW",0.58,"Seedling",NA,"","","","","",NA,NA,NA,NA,"",NA,"","","","",NA,NA,NA,NA,NA,NA,96,93,96,96,8.47,"",0,2024,"Alive","",95,"N","",NA,NA,NA,"","",NA,"Unsure","0","0","upland","None close enough","None apparent","",3971,"collected by kylie","Y",NA,"","","","","","","","",NA,0,0,0,0,0,0,0,0,0,0,0,0,0,0,0,0,0,0,0,0,0,0,0,0,0,0,0,0,"",""
"121",291,"cdellolio@mortonarb.org","9/10/2025","ILM","Bu","387","SonyHX90V",3972,44.88688,-73.3276,0,"",2.19,"Seedling",NA,"","","","","",NA,NA,NA,NA,"",NA,"","","","",NA,NA,NA,NA,NA,NA,20,84,93,59,16.21,"",0,2021,"Alive","",90,"Y","Y",5,2,7,"","",NA,"0","0","0","upland","Elm, ash, sumac, black walnut","Vines on the tree","",3984,"collected by kylie","Y",NA,"elm","ash","sumac","black walnut","","","","",NA,0,0,1,0,0,0,0,0,1,1,0,0,1,0,0,0,0,0,0,0,0,0,0,0,0,0,0,0,"",""
"122",296,"cdellolio@mortonarb.org","9/10/2025","ILM","Bu","388","SonyHX90V",3985,44.886868,-73.32728,0,"",2.92,"Seedling",NA,"","","","","",NA,NA,NA,NA,"",NA,"","","","",NA,NA,NA,NA,NA,NA,17,74,88,55,15.12,"",0,2021,"Alive","",40,"Y","Y",20,5,35,"","",NA,"0","0","0","upland","Elm, ash, sumac, black walnut","None apparent","",3997,"collected by kylie","Y",NA,"elm","ash","sumac","black walnut","","","","",NA,0,0,1,0,0,0,0,0,1,1,0,0,1,0,0,0,0,0,0,0,0,0,0,0,0,0,0,0,"",""
"123",300,"cdellolio@mortonarb.org","9/10/2025","ILM","Bu","389","SonyHX90V",3998,44.88709,-73.3275,2,"W",4.92,"Adult",1.2,"Suppressed","Alive","","","",NA,NA,NA,NA,"No",95,"N","N","Y","No",15,NA,1,15,1,1,NA,NA,NA,NA,NA,"",NA,NA,"","",NA,"","",NA,NA,NA,"","",NA,"0","0","Unsure","upland","Elm, ash, sumac, black walnut, maple","None apparent","",4010,"collected by kylie","Y",NA,"elm","ash","sumac","black walnut","maple","","","",NA,0,0,1,0,0,0,0,0,1,1,0,0,1,0,0,0,0,0,1,0,0,0,0,0,0,0,0,0,"",""
"124",303,"cdellolio@mortonarb.org","9/10/2025","ILM","Bu","394","SonyHX90V",4011,44.886006,-73.327099,1,"E",0.52,"Seedling",NA,"","","","","",NA,NA,NA,NA,"",NA,"","","","",NA,NA,NA,NA,NA,NA,96,96,96,96,6.09,"",0,2023,"Alive","",50,"N","",NA,NA,NA,"","",NA,"0","0","0","upland","Black walnut, sumac","None apparent","",4017,"collected by kylie","Y",NA,"black walnut","sumac","","","","","","",NA,0,0,1,0,0,0,0,0,0,0,0,0,1,0,0,0,0,0,0,0,0,0,0,0,0,0,0,0,"",""
"125",254,"kyliereroth@gmail.com","9/3/2025","ILM","BU","401","SonyHX90V",1453,44.88525,-73.3269,1,"E",2.54,"Seedling",NA,"","","","","",NA,NA,NA,NA,"",NA,"","","","",NA,NA,NA,NA,NA,NA,95,79,72,90,16.47,"",0,2024,"Alive","",80,"N","",NA,NA,NA,"","",NA,"","","","upland","butternut, ash, sumac","None apparent","",1460,"collected by emma","N",NA,"butternut","ash","sumac","","","","","",NA,0,0,0,0,0,0,0,0,1,0,0,0,1,0,0,0,0,0,0,0,1,0,0,0,0,0,0,0,"",""
"126",255,"kyliereroth@gmail.com","9/3/2025","ILM","BU","405","SonyHX90V",1425,44.885239,-73.326465,2,"E",1.08,"Seedling",NA,"","","","","",NA,NA,NA,NA,"",NA,"","","","",NA,NA,NA,NA,NA,NA,96,96,95,88,8.28,"",0,2024,"Alive","",50,"Y","Y",45,15,45,"","",NA,"1","0","0","upland","red cedar, butternut, ash, dogwood","None apparent","",1431,"collected by emma","Y",NA,"red cedar","butternut","ash","dogwood","","","","",NA,0,1,0,0,1,0,0,0,1,0,0,0,0,0,0,0,0,0,0,0,1,0,0,0,0,0,0,0,"",""
"127",256,"kyliereroth@gmail.com","9/3/2025","ILM","BU","406","SonyHX90V",1408,44.885164,-73.326275,2,"E",2,"Seedling",NA,"","","","","",NA,NA,NA,NA,"",NA,"","","","",NA,NA,NA,NA,NA,NA,48,37,52,90,12.87,"",0,2024,"Alive","",100,"Y","Y",65,10,65,"","",NA,"0","0","0","upland","red cedar, butternut, ash, dogwood, sumac","None apparent","",1417,"very close to 430- eventually will compete, collected by emma","Y",NA,"red cedar","butternut","ash","dogwood","sumac","","","",NA,0,1,0,0,1,0,0,0,1,0,0,0,1,0,0,0,0,0,0,0,1,0,0,0,0,0,0,0,"",""
"128",257,"kyliereroth@gmail.com","9/9/2025","ILM","BU","407","SonyHX90V",2319,44.88511,-73.326,2,"E",1.64,"Seedling",NA,"","","","","",NA,NA,NA,NA,"",NA,"","","","",NA,NA,NA,NA,NA,NA,96,96,89,92,10.52,"",0,2024,"Alive","",100,"Y","N",30,20,45,"","",NA,"0","0","0","upland","red cedar, dogwood, ash, honeysuckle, basswood","None apparent","",3229,"collected by kylie","Y",NA,"red cedar","dogwood","ash","honeysuckle","basswood","","","",NA,0,1,0,0,1,0,0,0,1,0,0,1,0,1,0,0,0,0,0,0,0,0,0,0,0,0,0,0,"",""
"129",258,"kyliereroth@gmail.com","9/9/2025","ILM","BU","409","SonyHX90V",3208,44.88502,-73.3259,2,"E",2.62,"Seedling",NA,"","","","","",NA,NA,NA,NA,"",NA,"","","","",NA,NA,NA,NA,NA,NA,49,81,88,45,10.11,"",0,2024,"Alive","",95,"Y","N",5,2,35,"","",NA,"0","0","0","upland","sumac, ash, honeysuckle, red cedar, basswood","None apparent","",2318,"collected by kylie","Y",NA,"sumac","ash","honeysuckle","red cedar","basswood","","","",NA,0,0,0,0,1,0,0,0,1,0,0,1,1,1,0,0,0,0,0,0,0,0,0,0,0,0,0,0,"",""
"130",259,"kyliereroth@gmail.com","9/11/2025","ILM","BU","411","SonyHX90V",4219,44.88497,-73.3251,2,"NE",1.62,"Seedling",NA,"","","","","",NA,NA,NA,NA,"",NA,"","","","",NA,NA,NA,NA,NA,NA,35,35,10,6,6.43,"",0,2024,"Alive","",55,"N","",NA,NA,NA,"","",NA,"0","0","0","upland","basswood, maple, sumac, boxelder, honeysuckle","None apparent","",4228,"collected by catherine","Y",NA,"basswood","maple","sumac","boxelder","honeysuckle","","","",NA,0,0,0,0,0,0,0,0,0,0,0,1,1,1,0,0,0,1,1,0,0,0,0,0,0,0,0,0,"",""
"131",260,"kyliereroth@gmail.com","9/11/2025","ILM","BU","413","SonyHX90V",4210,44.88493,-73.325,0,"",0.92,"Seedling",NA,"","","","","",NA,NA,NA,NA,"",NA,"","","","",NA,NA,NA,NA,NA,NA,86,96,37,29,6.51,"Having been mowed in the past",0,2024,"Alive","",0,"N","",NA,NA,NA,"","",NA,"Unsure","0","Unsure","upland","siberian elm","None apparent","",4218,"was alive this year, currently dead. possible canker: photos, too dead to say. collected by catherine","Y",NA,"elm","","","","","","","",NA,0,0,0,0,0,0,0,0,0,1,0,0,0,0,0,0,0,0,0,0,0,0,0,0,0,0,0,0,"Having been mowed in the past",""
"132",261,"kyliereroth@gmail.com","9/11/2025","ILM","BU","415","SonyHX90V",4198,44.88486,-73.3246,0,"",3.04,"Seedling",NA,"","","","","",NA,NA,NA,NA,"",NA,"","","","",NA,NA,NA,NA,NA,NA,72,92,42,21,12,"",0,2024,"Alive","",100,"N","",NA,NA,NA,"","",NA,"0","0","0","upland","ash, lilac, elm","None apparent","",4209,"collected by catherine","Y",NA,"ash","lilac","elm","","","","","",NA,0,0,0,0,0,0,0,0,1,1,0,0,0,0,0,0,1,0,0,0,0,0,0,0,0,0,0,0,"",""
"133",262,"kyliereroth@gmail.com","9/11/2025","ILM","BU","417","SonyHX90V",4171,44.88532,-73.324,0,"",1.2,"Seedling",NA,"","","","","",NA,NA,NA,NA,"",NA,"","","","",NA,NA,NA,NA,NA,NA,92,28,32,96,10.18,"",0,2024,"Alive","",95,"N","",NA,NA,NA,"","",NA,"0","0","0","upland","ash, sumac","Nearby grasses or forbs","",4181,"collected by catherine","Y",NA,"ash","sumac","","","","","","",NA,0,0,0,0,0,0,0,0,1,0,0,0,1,0,0,0,0,0,0,0,0,0,0,0,0,0,0,0,"",""
"134",263,"kyliereroth@gmail.com","9/11/2025","ILM","BU","418","SonyHX90V",4182,44.88472,-73.3241,0,"",1.48,"Seedling",NA,"","","","","",NA,NA,NA,NA,"",NA,"","","","",NA,NA,NA,NA,NA,NA,88,66,76,67,10.05,"",0,2024,"Alive","",95,"Y","Y",40,5,30,"","",NA,"0","0","0","upland","box elder, sugar maple, ash, lilac, elm","Nearby grasses or forbs","",4197,"collected by catherine","Y",NA,"boxelder","maple","ash","lilac","elm","","","",NA,0,0,0,0,0,0,0,0,1,1,0,0,0,0,0,0,1,1,1,0,0,0,0,0,0,0,0,0,"",""
"135",264,"kyliereroth@gmail.com","9/11/2025","ILM","BU","421","SonyHX90V",4132,44.88596,-73.3239,0,"",1.79,"Seedling",NA,"","","","","",NA,NA,NA,NA,"",NA,"","","","",NA,NA,NA,NA,NA,NA,79,38,52,96,16.46,"",0,2024,"Alive","",80,"Y","Y",50,3,35,"","",NA,"0","0","0","upland","white pine, spruce, box elder, sumac ","None apparent","",4143,"collected by catherine","Y",NA,"white pine","spruce","boxelder","sumac","","","","",NA,0,0,0,1,0,0,0,0,0,0,0,0,1,0,0,0,0,1,0,0,0,0,0,0,0,0,1,0,"",""
"136",265,"kyliereroth@gmail.com","9/11/2025","ILM","BU","422","SonyHX90V",4120,44.886439,-73.32348,0,"",3.6,"Seedling",NA,"","","","","",NA,NA,NA,NA,"",NA,"","","","",NA,NA,NA,NA,NA,NA,71,47,0,13,16.29,"",1,2022,"Alive","",65,"Y","N",0,3,40,"","",NA,"1","0","0","upland","spruce, white pine, ash, butternut","None apparent","",4131,"collected by catherine","Y",NA,"spruce","white pine","ash","butternut","","","","",NA,0,0,0,1,0,0,0,0,1,0,0,0,0,0,0,0,0,0,0,0,1,0,0,0,0,0,1,0,"",""
"137",266,"kyliereroth@gmail.com","9/11/2025","ILM","BU","424","SonyHX90V",4096,44.88647,-73.3237,1,"E",5.5,"Adult",0.98,"Intermediate","Alive","","","",NA,NA,NA,NA,"No",100,"N","N","N","",NA,NA,NA,NA,NA,NA,NA,NA,NA,NA,NA,"",NA,NA,"","",NA,"","",NA,NA,NA,"","",NA,"0","0","1","upland","white pine, spruce, ash","None apparent","",4107,"collected by catherine","Y",NA,"white pine","spruce","ash","","","","","",NA,0,0,0,1,0,0,0,0,1,0,0,0,0,0,0,0,0,0,0,0,0,0,0,0,0,0,1,0,"",""
"138",267,"kyliereroth@gmail.com","9/11/2025","ILM","BU","425","SonyHX90V",4072,44.88662,-73.3237,1,"E",2.12,"Seedling",NA,"","","","","",NA,NA,NA,NA,"",NA,"","","","",NA,NA,NA,NA,NA,NA,6,7,19,34,12.26,"",0,2024,"Alive","",90,"N","",NA,NA,NA,"","",NA,"0","0","0","upland","ash, hickory, butternut","None apparent","",4081,"collected by catherine","Y",NA,"ash","hickory","butternut","","","","","",NA,1,0,0,0,0,0,0,0,1,0,0,0,0,0,0,0,0,0,0,0,1,0,0,0,0,0,0,0,"",""
"139",268,"kyliereroth@gmail.com","9/11/2025","ILM","BU","427","SonyHX90V",4053,44.8868,-73.3236,2,"E",2.2,"Seedling",NA,"","","","","",NA,NA,NA,NA,"",NA,"","","","",NA,NA,NA,NA,NA,NA,7,7,32,24,8.44,"",0,2024,"Alive","",95,"Y","N",0,3,45,"","",NA,"0","0","0","upland","ash, hickory","None apparent","",4061,"collected by catherine","Y",NA,"ash","hickory","","","","","","",NA,1,0,0,0,0,0,0,0,1,0,0,0,0,0,0,0,0,0,0,0,0,0,0,0,0,0,0,0,"",""
"140",269,"kyliereroth@gmail.com","9/11/2025","ILM","BU","428","SonyHX90V",4043,44.88681,-73.3236,0,"",1.66,"Seedling",NA,"","","","","",NA,NA,NA,NA,"",NA,"","","","",NA,NA,NA,NA,NA,NA,26,8,33,64,12.59,"",0,2024,"Alive","",75,"N","",NA,NA,NA,"","",NA,"0","0","0","upland","ash, hickory","None apparent","",4052,"collected by catherine","Y",NA,"ash","hickory","","","","","","",NA,1,0,0,0,0,0,0,0,1,0,0,0,0,0,0,0,0,0,0,0,0,0,0,0,0,0,0,0,"",""
"141",270,"kyliereroth@gmail.com","9/11/2025","ILM","BU","429","SonyHX90V",4062,44.88672,-73.3236,0,"",4.04,"Seedling",NA,"","","","","",NA,NA,NA,NA,"",NA,"","","","",NA,NA,NA,NA,NA,NA,78,30,20,54,14.37,"",0,2024,"Alive","",100,"N","",NA,NA,NA,"","",NA,"0","0","0","upland","ash, hickory","None apparent","",4071,"severe vole damage (took photos). not 100% it is vole: maybe a bigger animal. collected by catherine","Y",NA,"ash","hickory","","","","","","",NA,1,0,0,0,0,0,0,0,1,0,0,0,0,0,0,0,0,0,0,0,0,0,0,0,0,0,0,0,"",""
"142",271,"kyliereroth@gmail.com","9/3/2025","ILM","BU","430","SonyHX90V",1399,44.88518,-73.3265,2,"E",2.25,"Seedling",NA,"","","","","",NA,NA,NA,NA,"",NA,"","","","",NA,NA,NA,NA,NA,NA,44,13,56,75,13.15,"",0,2024,"Alive","",100,"Y","Y",60,0,60,"","",NA,"1","0","0","upland","red cedar, ash, dogwood, butternut, sumac","None apparent","",1407,"collected by emma","Y",NA,"red cedar","ash","dogwood","butternut","sumac","","","",NA,0,1,0,0,1,0,0,0,1,0,0,0,1,0,0,0,0,0,0,0,1,0,0,0,0,0,0,0,"",""
"143",272,"kyliereroth@gmail.com","9/3/2025","ILM","BU","431","SonyHX90V",1387,44.88518,-73.3265,2,"E",1.48,"Seedling",NA,"","","","","",NA,NA,NA,NA,"",NA,"","","","",NA,NA,NA,NA,NA,NA,96,96,96,90,10.96,"",1,2024,"Alive","",95,"Y","Y",0,10,20,"","",NA,"0","0","0","upland","red cedar, butternut, ash, dogwood, sumac","None apparent","",1398,"Martin knows the previous stem got partially girdled by voles. collected by emma","Y",NA,"red cedar","butternut","ash","dogwood","sumac","","","",NA,0,1,0,0,1,0,0,0,1,0,0,0,1,0,0,0,0,0,0,0,1,0,0,0,0,0,0,0,"",""
"144",273,"kyliereroth@gmail.com","9/3/2025","ILM","BU","432","SonyHX90V",1432,44.88509,-73.3264,2,"E",1.42,"Seedling",NA,"","","","","",NA,NA,NA,NA,"",NA,"","","","",NA,NA,NA,NA,NA,NA,96,96,93,92,12.26,"",0,2024,"Alive","",25,"Y","Y",30,10,60,"","",NA,"0","0","0","upland","butternut, red cedar, ash, dogwood","None apparent","",1439,"collected by emma","Y",NA,"butternut","red cedar","ash","dogwood","","","","",NA,0,1,0,0,1,0,0,0,1,0,0,0,0,0,0,0,0,0,0,0,1,0,0,0,0,0,0,0,"",""
"145",274,"kyliereroth@gmail.com","9/3/2025","ILM","BU","433","SonyHX90V",1476,44.88499,-73.3263,1,"E",1.3,"Seedling",NA,"","","","","",NA,NA,NA,NA,"",NA,"","","","",NA,NA,NA,NA,NA,NA,76,32,66,82,8.46,"",0,2024,"Alive","",100,"Y","N",25,0,50,"","",NA,"0","0","0","upland","red cedar, ash, sumac, elm, malus","None apparent","",1485,"collected by emma","Y",NA,"red cedar","ash","sumac","elm","malus","","","",NA,0,0,0,0,1,0,1,0,1,1,0,0,1,0,0,0,0,0,0,0,0,0,0,0,0,0,0,0,"",""
"146",275,"kyliereroth@gmail.com","9/7/2025","ILM","BU","437","SonyHX90V",2673,44.88366,-73.3275,0,"",2.04,"Seedling",NA,"","","","","",NA,NA,NA,NA,"",NA,"","","","",NA,NA,NA,NA,NA,NA,88,61,17,39,10.07,"",0,2024,"Alive","",5,"N","",NA,NA,NA,"","",NA,"0","0","0","upland","maple, red cedar","None apparent","",2679,"weird white fungus on main stem. MIGHT be canker on living stem (photo). collected by catherine","Y",NA,"maple","red cedar","","","","","","",NA,0,0,0,0,1,0,0,0,0,0,0,0,0,0,0,0,0,0,1,0,0,0,0,0,0,0,0,0,"",""
"147",276,"kyliereroth@gmail.com","9/7/2025","ILM","BU","441","SonyHX90V",2765,44.88342,-73.3276,0,"",1.92,"Seedling",NA,"","","","","",NA,NA,NA,NA,"",NA,"","","","",NA,NA,NA,NA,NA,NA,90,96,90,86,12.25,"",0,2024,"Alive","",70,"Y","Y",55,0,60,"","",NA,"0","0","0","upland","honeysuckle, red cedar, butternut, ash, buckthorn","None apparent","",2771,"collected by catherine","Y",NA,"honeysuckle","red cedar","butternut","ash","buckthorn","","","",NA,0,0,0,0,1,0,0,1,1,0,0,0,0,1,0,0,0,0,0,0,1,0,0,0,0,0,0,0,"",""
"148",277,"kyliereroth@gmail.com","9/8/2025","ILM","BU","444","SonyHX90V",2772,44.8832,-73.3278,1,"SE",1.62,"Seedling",NA,"","","","","",NA,NA,NA,NA,"",NA,"","","","",NA,NA,NA,NA,NA,NA,92,84,87,81,7.87,"",0,2024,"Alive","",0,"Y","Y",0,5,45,"","",NA,"0","0","0","upland","red cedar, shagbark hickory, buckthorn","None apparent","",2780,"collected by catherine","Y",NA,"red cedar","hickory","buckthorn","","","","","",NA,1,0,0,0,1,0,0,1,0,0,0,0,0,0,0,0,0,0,0,0,0,0,0,0,0,0,0,0,"",""
"149",278,"kyliereroth@gmail.com","9/8/2025","ILM","BU","450","SonyHX90V",2781,44.8829,-73.328,0,"",1.29,"Seedling",NA,"","","","","",NA,NA,NA,NA,"",NA,"","","","",NA,NA,NA,NA,NA,NA,95,96,92,96,14.59,"",2,2021,"Alive","",0,"N","",NA,NA,NA,"","",NA,"0","0","0","upland","red cedar, buckthorn","None apparent","",2788,"2 live stems, 2 previous. basal diameter is of their common base (photo). collected by catherine","Y",NA,"red cedar","buckthorn","","","","","","",NA,0,0,0,0,1,0,0,1,0,0,0,0,0,0,0,0,0,0,0,0,0,0,0,0,0,0,0,0,"",""
"150",279,"kyliereroth@gmail.com","9/8/2025","ILM","BU","452","SonyHX90V",2808,44.883,-73.3282,0,"",2.08,"Seedling",NA,"","","","","",NA,NA,NA,NA,"",NA,"","","","",NA,NA,NA,NA,NA,NA,56,70,92,96,16.51,"",0,2024,"Alive","",0,"N","",NA,NA,NA,"","",NA,"0","0","0","upland","red cedar","None apparent","",2816,"collected by catherine","Y",NA,"red cedar","","","","","","","",NA,0,0,0,0,1,0,0,0,0,0,0,0,0,0,0,0,0,0,0,0,0,0,0,0,0,0,0,0,"",""
"151",280,"kyliereroth@gmail.com","9/8/2025","ILM","BU","453","SonyHX90V",2789,44.88288,-73.3282,0,"",1.58,"Seedling",NA,"","","","","",NA,NA,NA,NA,"",NA,"","","","",NA,NA,NA,NA,NA,NA,90,58,20,26,14.17,"",1,2022,"Alive","",0,"N","",NA,NA,NA,"","",NA,"0","0","0","upland","red cedar, honeysuckle, buckthorn","None apparent","",2797,"previous stem comes out of common base. collected by catherine","Y",NA,"red cedar","honeysuckle","buckthorn","","","","","",NA,0,0,0,0,1,0,0,1,0,0,0,0,0,1,0,0,0,0,0,0,0,0,0,0,0,0,0,0,"",""
"152",281,"kyliereroth@gmail.com","9/8/2025","ILM","BU","454","SonyHX90V",2798,44.88286,-73.3283,1,"S",0.83,"Seedling",NA,"","","","","",NA,NA,NA,NA,"",NA,"","","","",NA,NA,NA,NA,NA,NA,0,16,66,27,14.62,"",1,2021,"Alive","",25,"N","",NA,NA,NA,"","",NA,"0","0","0","upland","red cedar, buckthorn, honeysuckle","None apparent","",2807,"collected by catherine","Y",NA,"red cedar","buckthorn","honeysuckle","","","","","",NA,0,0,0,0,1,0,0,1,0,0,0,0,0,1,0,0,0,0,0,0,0,0,0,0,0,0,0,0,"",""
"153",282,"kyliereroth@gmail.com","9/8/2025","ILM","BU","455","SonyHX90V",2817,44.88292,-73.3283,0,"",1.18,"Seedling",NA,"","","","","",NA,NA,NA,NA,"",NA,"","","","",NA,NA,NA,NA,NA,NA,95,89,41,71,6.09,"",0,2024,"Alive","",0,"N","",NA,NA,NA,"","",NA,"0","0","Unsure","upland","red cedar, honeysuckle","None apparent","",2823,"collected by catherine","Y",NA,"red cedar","honeysuckle","","","","","","",NA,0,0,0,0,1,0,0,0,0,0,0,0,0,1,0,0,0,0,0,0,0,0,0,0,0,0,0,0,"",""
"154",283,"kyliereroth@gmail.com","9/8/2025","ILM","BU","456","SonyHX90V",2824,44.88292,-73.3285,1,"NE",1.12,"Seedling",NA,"","","","","",NA,NA,NA,NA,"",NA,"","","","",NA,NA,NA,NA,NA,NA,96,96,80,96,6.43,"",0,2024,"Alive","",0,"Y","N",7,0,15,"","",NA,"Unsure","0","Unsure","upland","red cedar, honeysuckle","Nearby grasses or forbs","",2830,"collected by catherine","Y",NA,"red cedar","honeysuckle","","","","","","",NA,0,0,0,0,1,0,0,0,0,0,0,0,0,1,0,0,0,0,0,0,0,0,0,0,0,0,0,0,"",""
"155",284,"kyliereroth@gmail.com","9/8/2025","ILM","BU","457","SonyHX90V",2831,44.88287,-73.3287,0,"",1.2,"Seedling",NA,"","","","","",NA,NA,NA,NA,"",NA,"","","","",NA,NA,NA,NA,NA,NA,0,12,4,2,2.9,"Vole (nibbling on the bark)",2,2024,"Dead","N",NA,"","",NA,NA,NA,"","",NA,"0","0","Unsure","upland","red cedar, honeysuckle","Other","red cedar",2838,"collected by catherine","Y",NA,"red cedar","honeysuckle","","","","","","",NA,0,0,0,0,1,0,0,0,0,0,0,0,0,1,0,0,0,0,0,0,0,0,0,0,0,0,0,0,"Vole (nibbling on the bark)",""
"156",285,"kyliereroth@gmail.com","9/8/2025","ILM","BU","459","SonyHX90V",2839,44.8829,-73.3289,0,"",1.12,"Seedling",NA,"","","","","",NA,NA,NA,NA,"",NA,"","","","",NA,NA,NA,NA,NA,NA,94,96,95,88,6.11,"",0,2024,"Alive","",0,"N","",NA,NA,NA,"","",NA,"0","0","Unsure","upland","red cedar","Nearby grasses or forbs","",2847,"collected by catherine","Y",NA,"red cedar","","","","","","","",NA,0,0,0,0,1,0,0,0,0,0,0,0,0,0,0,0,0,0,0,0,0,0,0,0,0,0,0,0,"",""
"157",286,"kyliereroth@gmail.com","9/8/2025","ILM","BU","461","SonyHX90V",2875,44.88309,-73.3292,1,"N",1.16,"Seedling",NA,"","","","","",NA,NA,NA,NA,"",NA,"","","","",NA,NA,NA,NA,NA,NA,57,81,67,91,8.05,"",0,2024,"Alive","",0,"Y","N",0,2,4,"","",NA,"1","0","0","upland","red cedar, malus, honeysuckle","None apparent","",2884,"collected by catherine","Y",NA,"red cedar","malus","honeysuckle","","","","","",NA,0,0,0,0,1,0,1,0,0,0,0,0,0,1,0,0,0,0,0,0,0,0,0,0,0,0,0,0,"",""
"158",287,"kyliereroth@gmail.com","9/8/2025","ILM","BU","462","SonyHX90V",2848,44.88288,-73.3292,0,"",1.02,"Seedling",NA,"","","","","",NA,NA,NA,NA,"",NA,"","","","",NA,NA,NA,NA,NA,NA,96,96,90,95,4.01,"",0,2024,"Alive","",0,"Y","Y",5,10,10,"","",NA,"0","0","Unsure","upland","red cedar, honeysuckle","None apparent","",2859,"giant weird bulge/ node. collected by catherine","Y",NA,"red cedar","honeysuckle","","","","","","",NA,0,0,0,0,1,0,0,0,0,0,0,0,0,1,0,0,0,0,0,0,0,0,0,0,0,0,0,0,"",""
"159",288,"kyliereroth@gmail.com","9/8/2025","ILM","BU","464","SonyHX90V",2860,44.88273,-73.3293,0,"",1.44,"Seedling",NA,"","","","","",NA,NA,NA,NA,"",NA,"","","","",NA,NA,NA,NA,NA,NA,78,81,57,34,8.09,"",0,2024,"Alive","",0,"N","",NA,NA,NA,"","",NA,"0","0","0","upland","honeysuckle, red cedar, bitternut hickory","Nearby grasses or forbs","",2886,"collected by catherine","Y",NA,"honeysuckle","red cedar","hickory","","","","","",NA,1,0,0,0,1,0,0,0,0,0,0,0,0,1,0,0,0,0,0,0,0,0,0,0,0,0,0,0,"",""
"160",289,"kyliereroth@gmail.com","9/8/2025","ILM","BU","465","SonyHX90V",2867,44.88276,-73.3294,0,"",1.16,"Seedling",NA,"","","","","",NA,NA,NA,NA,"",NA,"","","","",NA,NA,NA,NA,NA,NA,2,32,43,17,5.76,"",0,2024,"Alive","",50,"N","",NA,NA,NA,"","",NA,"0","0","0","upland","red cedar, buckthorn, honeysuckle","None apparent","",2874,"collected by catherine","Y",NA,"red cedar","buckthorn","honeysuckle","","","","","",NA,0,0,0,0,1,0,0,1,0,0,0,0,0,1,0,0,0,0,0,0,0,0,0,0,0,0,0,0,"",""
"161",292,"kyliereroth@gmail.com","9/8/2025","ILM","BU","467","SonyHX90V",2885,44.88287,-73.3294,2,"S",1.62,"Seedling",NA,"","","","","",NA,NA,NA,NA,"",NA,"","","","",NA,NA,NA,NA,NA,NA,96,96,44,72,9.83,"",0,2024,"Alive","",15,"N","",NA,NA,NA,"","",NA,"0","0","0","upland","red cedar, honeysuckle, dogwood, unknown- photo 2896-2897. collected by catherine","None apparent","",2895,"collected by catherine","Y",NA,"red cedar","honeysuckle","dogwood","unknown- photo 2896-2897. collected by catherine","","","","",NA,0,1,0,0,1,0,0,0,0,0,0,0,0,1,0,0,0,0,0,0,0,0,0,0,0,0,0,0,"",""
"162",293,"kyliereroth@gmail.com","9/8/2025","ILM","BU","472","SonyHX90V",2898,44.88304,-73.3296,0,"",1.2,"Seedling",NA,"","","","","",NA,NA,NA,NA,"",NA,"","","","",NA,NA,NA,NA,NA,NA,19,53,96,76,6.86,"",0,2024,"Alive","",40,"N","",NA,NA,NA,"","",NA,"0","0","0","upland","red cedar, dogwood, honeysuckle","None apparent","",2907,"collected by catherine","Y",NA,"red cedar","dogwood","honeysuckle","","","","","",NA,0,1,0,0,1,0,0,0,0,0,0,0,0,1,0,0,0,0,0,0,0,0,0,0,0,0,0,0,"",""
"163",294,"kyliereroth@gmail.com","9/20/2025","ILM","BU","477","SonyHX90V",3840,44.88488,-73.3273,0,"",1.2,"Seedling",NA,"","","","","",NA,NA,NA,NA,"",NA,"","","","",NA,NA,NA,NA,NA,NA,16,5,3,10,3.98,"",0,2024,"Alive","",60,"N","",NA,NA,NA,"","",NA,"0","0","0","upland","red cedar, buckthorn, honeysuckle, prunus spp, elm, ash, shagbark hickory","None apparent","",3848,"collected by catherine","Y",NA,"red cedar","buckthorn","honeysuckle","prunus","elm","ash","hickory","",NA,1,0,0,0,1,0,0,1,1,1,0,0,0,1,0,1,0,0,0,0,0,0,0,0,0,0,0,0,"",""
"164",295,"kyliereroth@gmail.com","9/9/2025","ILM","BU","481","SonyHX90V",3453,44.884614,-73.327514,0,"",1.75,"Seedling",NA,"","","","","",NA,NA,NA,NA,"",NA,"","","","",NA,NA,NA,NA,NA,NA,20,9,6,31,4.41,"Having been mowed in the past",2,2023,"Alive","",100,"N","",NA,NA,NA,"","",NA,"0","0","0","upland","butternut, ash, elm, red cedar, white cedar, white oak","None apparent","",3462,"collected by catherine","Y",NA,"butternut","ash","elm","red cedar","white cedar","oak","","",NA,0,0,0,0,1,1,0,0,1,1,0,0,0,0,0,0,0,0,0,0,1,1,0,0,0,0,0,0,"Having been mowed in the past",""
"165",297,"kyliereroth@gmail.com","9/7/2025","ILM","BU","486","SonyHX90V",2710,44.88425,-73.3284,0,"",1.88,"Seedling",NA,"","","","","",NA,NA,NA,NA,"",NA,"","","","",NA,NA,NA,NA,NA,NA,51,13,9,34,6.04,"",0,2024,"Alive","",80,"Y","N",10,0,40,"","",NA,"0","0","0","upland","red cedar, white cedar, dogwood","None apparent","",2721,"collected by catherine","Y",NA,"red cedar","white cedar","dogwood","","","","","",NA,0,1,0,0,1,1,0,0,0,0,0,0,0,0,0,0,0,0,0,0,0,0,0,0,0,0,0,0,"",""
"166",298,"kyliereroth@gmail.com","9/7/2025","ILM","BU","490","SonyHX90V",2699,44.88418,-73.3283,10,"E",2,"Seedling",NA,"","","","","",NA,NA,NA,NA,"",NA,"","","","",NA,NA,NA,NA,NA,NA,14,78,94,47,12.16,"",0,2024,"Alive","",85,"Y","Y",40,15,40,"","",NA,"Unsure","0","0","riparian","white cedar, ash, red cedar, dogwood, malus","None apparent","",2709,"collected by catherine","Y",NA,"white cedar","ash","red cedar","dogwood","malus","","","",NA,0,1,0,0,1,1,1,0,1,0,0,0,0,0,0,0,0,0,0,0,0,0,0,0,0,0,0,0,"",""
"167",299,"kyliereroth@gmail.com","9/7/2025","ILM","BU","493","SonyHX90V",2690,44.884064,-73.328089,0,"",1.03,"Seedling",NA,"","","","","",NA,NA,NA,NA,"",NA,"","","","",NA,NA,NA,NA,NA,NA,15,16,87,96,4.33,"",0,2024,"Dead","N",NA,"","",NA,NA,NA,"","",NA,"","","","riparian","white cedar, red cedar, ash","None apparent","",2698,"","N",NA,"white cedar","red cedar","ash","","","","","",NA,0,0,0,0,1,1,0,0,1,0,0,0,0,0,0,0,0,0,0,0,0,0,0,0,0,0,0,0,"",""
"168",301,"kyliereroth@gmail.com","9/5/2025","ILM","BU","495","SonyHX90V",2163,44.88404,-73.3281,0,"",1.52,"Seedling",NA,"","","","","",NA,NA,NA,NA,"",NA,"","","","",NA,NA,NA,NA,NA,NA,6,12,89,3,7.81,"",0,2024,"Alive","",10,"Y","Y",5,2,15,"","",NA,"0","0","0","upland","red cedar, sumac, maple, butternut, aspen, buckthorn, ash","Vines on the tree","",2171,"collected by kylie","Y",NA,"red cedar","sumac","maple","butternut","poplar","buckthorn","ash","",NA,0,0,0,0,1,0,0,1,1,0,0,0,1,0,0,0,0,0,1,0,1,0,1,0,0,0,0,0,"",""
"169",302,"kyliereroth@gmail.com","9/5/2025","ILM","BU","497","SonyHX90V",1914,44.88515,-73.3286,0,"",1.92,"Seedling",NA,"","","","","",NA,NA,NA,NA,"",NA,"","","","",NA,NA,NA,NA,NA,NA,29,10,17,43,13.64,"",0,2022,"Alive","",80,"Y","Y",35,10,85,"","",NA,"0","0","0","upland","red cedar, ash, buckthorn, honeysuckle, dogwood","None apparent","",1921,"collected by kylie","Y",NA,"red cedar","ash","buckthorn","honeysuckle","dogwood","","","",NA,0,1,0,0,1,0,0,1,1,0,0,0,0,1,0,0,0,0,0,0,0,0,0,0,0,0,0,0,"",""
"170",324,"kyliereroth@gmail.com","9/5/2025","ILM","BU","500","SonyHX90V",1943,44.88508,-73.3286,0,"",1.16,"Seedling",NA,"","","","","",NA,NA,NA,NA,"",NA,"","","","",NA,NA,NA,NA,NA,NA,24,8,31,82,7.63,"",0,2024,"Alive","",15,"Y","N",25,5,15,"","",NA,"0","0","0","upland","ash, red cedar, buckthorn","None apparent","",1950,"Collected by kylie","Y",NA,"ash","red cedar","buckthorn","","","","","",NA,0,0,0,0,1,0,0,1,1,0,0,0,0,0,0,0,0,0,0,0,0,0,0,0,0,0,0,0,"",""
"171",325,"kyliereroth@gmail.com","9/5/2025","ILM","BU","501","SonyHX90V",1933,44.88509,-73.3288,0,"",1.54,"Seedling",NA,"","","","","",NA,NA,NA,NA,"",NA,"","","","",NA,NA,NA,NA,NA,NA,96,91,94,96,7.26,"",0,2024,"Alive","",10,"N","",NA,NA,NA,"","",NA,"0","0","0","upland","ash, red cedar, honeysuckle","None apparent","",1942,"collected by kylie","Y",NA,"ash","red cedar","honeysuckle","","","","","",NA,0,0,0,0,1,0,0,0,1,0,0,0,0,1,0,0,0,0,0,0,0,0,0,0,0,0,0,0,"",""
"172",326,"kyliereroth@gmail.com","9/5/2025","ILM","BU","504","SonyHX90V",1951,44.88499,-73.3287,0,"",1.65,"Seedling",NA,"","","","","",NA,NA,NA,NA,"",NA,"","","","",NA,NA,NA,NA,NA,NA,79,78,94,95,5.99,"",1,2024,"Alive","",85,"N","",NA,NA,NA,"","",NA,"0","Unsure","0","upland","buckthorn, honeysuckle, red cedar","None apparent","",1958,"collected by kylie","Y",NA,"buckthorn","honeysuckle","red cedar","","","","","",NA,0,0,0,0,1,0,0,1,0,0,0,0,0,1,0,0,0,0,0,0,0,0,0,0,0,0,0,0,"",""
"173",327,"kyliereroth@gmail.com","9/5/2025","ILM","BU","505","SonyHX90V",1959,44.88494,-73.3287,0,"",1.24,"Seedling",NA,"","","","","",NA,NA,NA,NA,"",NA,"","","","",NA,NA,NA,NA,NA,NA,86,74,50,75,6.24,"",0,2024,"Alive","",50,"Y","N",0,2,10,"","",NA,"0","0","0","upland","ash, honeysuckle, buckthorn, red cedar","None apparent","",1968,"collected by kylie","Y",NA,"ash","honeysuckle","buckthorn","red cedar","","","","",NA,0,0,0,0,1,0,0,1,1,0,0,0,0,1,0,0,0,0,0,0,0,0,0,0,0,0,0,0,"",""
"174",328,"kyliereroth@gmail.com","9/5/2025","ILM","BU","507","SonyHX90V",1922,44.88511,-73.3287,0,"",1.04,"Seedling",NA,"","","","","",NA,NA,NA,NA,"",NA,"","","","",NA,NA,NA,NA,NA,NA,96,94,94,96,7.48,"",0,2023,"Alive","",0,"Y","N",60,15,65,"","",NA,"Unsure","0","0","upland","red cedar, elderberry, honeysuckle","Nearby grasses or forbs","",1925,"no leaves left by the time we saw it. collected by kylie","Y",NA,"red cedar","elderberry","honeysuckle","","","","","",NA,0,0,0,0,1,0,0,0,0,0,0,0,0,1,1,0,0,0,0,0,0,0,0,0,0,0,0,0,"",""
"175",329,"kyliereroth@gmail.com","9/5/2025","ILM","BU","508","SonyHX90V",1926,44.88511,-73.3288,1,"NE",1.12,"Seedling",NA,"","","","","",NA,NA,NA,NA,"",NA,"","","","",NA,NA,NA,NA,NA,NA,94,93,85,94,6.45,"",0,2024,"Alive","",0,"N","",NA,NA,NA,"","",NA,"0","0","0","upland","red cedar, honeysuckle, ash","None apparent","",1932,"collected by kylie","Y",NA,"red cedar","honeysuckle","ash","","","","","",NA,0,0,0,0,1,0,0,0,1,0,0,0,0,1,0,0,0,0,0,0,0,0,0,0,0,0,0,0,"",""
"176",330,"kyliereroth@gmail.com","9/5/2025","ILM","BU","512","SonyHX90V",2016,44.88514,-73.3289,0,"",1.44,"Seedling",NA,"","","","","",NA,NA,NA,NA,"",NA,"","","","",NA,NA,NA,NA,NA,NA,88,95,91,53,7.53,"",0,2024,"Alive","",0,"Y","N",50,10,70,"","",NA,"0","0","0","upland","red cedar, buckthorn, honeysuckle, ash","Nearby grasses or forbs","",2022,"collected by kylie","Y",NA,"red cedar","buckthorn","honeysuckle","ash","","","","",NA,0,0,0,0,1,0,0,1,1,0,0,0,0,1,0,0,0,0,0,0,0,0,0,0,0,0,0,0,"",""
"177",331,"kyliereroth@gmail.com","9/5/2025","ILM","BU","513","SonyHX90V",2009,44.88516,-73.3289,0,"",1.57,"Seedling",NA,"","","","","",NA,NA,NA,NA,"",NA,"","","","",NA,NA,NA,NA,NA,NA,94,96,94,90,7.12,"",0,2024,"Alive","",0,"Y","N",5,2,10,"","",NA,"0","0","0","upland","red cedar, honeysuckle, buckthorn, ash","Nearby grasses or forbs","",2015,"collected by kylie","Y",NA,"red cedar","honeysuckle","buckthorn","ash","","","","",NA,0,0,0,0,1,0,0,1,1,0,0,0,0,1,0,0,0,0,0,0,0,0,0,0,0,0,0,0,"",""
"178",332,"kyliereroth@gmail.com","9/5/2025","ILM","BU","514","SonyHX90V",1976,44.88521,-73.3287,0,"",3.04,"Seedling",NA,"","","","","",NA,NA,NA,NA,"",NA,"","","","",NA,NA,NA,NA,NA,NA,26,50,83,56,12.06,"",0,2022,"Alive","",5,"N","",NA,NA,NA,"","",NA,"0","0","0","upland","red cedar, buckthorn, honeysuckle, ash","None apparent","",1981,"collected by kylie","Y",NA,"red cedar","buckthorn","honeysuckle","ash","","","","",NA,0,0,0,0,1,0,0,1,1,0,0,0,0,1,0,0,0,0,0,0,0,0,0,0,0,0,0,0,"",""
"179",333,"kyliereroth@gmail.com","9/5/2025","ILM","BU","516","SonyHX90V",1969,44.88522,-73.3287,0,"",1.76,"Seedling",NA,"","","","","",NA,NA,NA,NA,"",NA,"","","","",NA,NA,NA,NA,NA,NA,78,55,68,81,7.04,"",1,2024,"Alive","",70,"N","",NA,NA,NA,"","",NA,"0","Unsure","0","upland","red cedar, ash, buckthorn, honeysuckle","None apparent","",1975,"collected by kylie","Y",NA,"red cedar","ash","buckthorn","honeysuckle","","","","",NA,0,0,0,0,1,0,0,1,1,0,0,0,0,1,0,0,0,0,0,0,0,0,0,0,0,0,0,0,"",""
"180",334,"kyliereroth@gmail.com","9/5/2025","ILM","BU","520","SonyHX90V",1990,44.88526,-73.3287,0,"",1.48,"Seedling",NA,"","","","","",NA,NA,NA,NA,"",NA,"","","","",NA,NA,NA,NA,NA,NA,81,86,67,90,8.83,"",0,2022,"Alive","",0,"Y","Y",50,5,50,"","",NA,"0","0","0","upland","ash, elm, red cedar, honeysuckle, buckthorn","None apparent","",1995,"collected by kylie","Y",NA,"ash","elm","red cedar","honeysuckle","buckthorn","","","",NA,0,0,0,0,1,0,0,1,1,1,0,0,0,1,0,0,0,0,0,0,0,0,0,0,0,0,0,0,"",""
"181",335,"kyliereroth@gmail.com","9/5/2025","ILM","BU","521","SonyHX90V",1996,44.88527,-73.3286,0,"",1.86,"Seedling",NA,"","","","","",NA,NA,NA,NA,"",NA,"","","","",NA,NA,NA,NA,NA,NA,77,75,37,25,9.26,"",0,2023,"Alive","",15,"Y","N",10,2,30,"","",NA,"Unsure","0","0","upland","red cedar, honeysuckle, buckthorn","None apparent","",2002,"collected by kylie","Y",NA,"red cedar","honeysuckle","buckthorn","","","","","",NA,0,0,0,0,1,0,0,1,0,0,0,0,0,1,0,0,0,0,0,0,0,0,0,0,0,0,0,0,"",""
"182",336,"kyliereroth@gmail.com","9/5/2025","ILM","BU","523","SonyHX90V",1982,44.88526,-73.3287,0,"",1.12,"Seedling",NA,"","","","","",NA,NA,NA,NA,"",NA,"","","","",NA,NA,NA,NA,NA,NA,18,34,85,50,7.37,"",0,2024,"Alive","",10,"Y","N",0,5,20,"","",NA,"0","0","0","upland","honeysuckle, red cedar, buckthorn, elm, ash","None apparent","",1989,"collected by kylie","Y",NA,"honeysuckle","red cedar","buckthorn","elm","ash","","","",NA,0,0,0,0,1,0,0,1,1,1,0,0,0,1,0,0,0,0,0,0,0,0,0,0,0,0,0,0,"",""
"183",337,"kyliereroth@gmail.com","9/5/2025","ILM","BU","525","SonyHX90V",2003,44.88531,-73.3288,0,"",1.43,"Seedling",NA,"","","","","",NA,NA,NA,NA,"",NA,"","","","",NA,NA,NA,NA,NA,NA,5,3,44,24,6.74,"",1,2023,"Alive","",0,"N","",NA,NA,NA,"","",NA,"0","0","0","upland","honeysuckle, buckthorn, red cedar, elm","None apparent","",2008,"collected by kylie","Y",NA,"honeysuckle","buckthorn","red cedar","elm","","","","",NA,0,0,0,0,1,0,0,1,0,1,0,0,0,1,0,0,0,0,0,0,0,0,0,0,0,0,0,0,"",""
"184",338,"kyliereroth@gmail.com","9/5/2025","ILM","BU","529","SonyHX90V",2023,44.88512,-73.3289,0,"",1.06,"Seedling",NA,"","","","","",NA,NA,NA,NA,"",NA,"","","","",NA,NA,NA,NA,NA,NA,75,90,95,85,6.24,"",0,2024,"Alive","",0,"N","",NA,NA,NA,"","",NA,"0","0","0","upland","red cedar, honeysuckle, buckthorn","None apparent","",2028,"collected by kylie","Y",NA,"red cedar","honeysuckle","buckthorn","","","","","",NA,0,0,0,0,1,0,0,1,0,0,0,0,0,1,0,0,0,0,0,0,0,0,0,0,0,0,0,0,"",""
"185",339,"kyliereroth@gmail.com","9/5/2025","ILM","BU","530","SonyHX90V",2029,44.88516,-73.329,0,"",0.75,"Seedling",NA,"","","","","",NA,NA,NA,NA,"",NA,"","","","",NA,NA,NA,NA,NA,NA,68,50,73,35,5.06,"",1,2024,"Alive","",0,"N","",NA,NA,NA,"","",NA,"0","0","0","upland","honeysuckle, red cedar, buckthorn","None apparent","",2033,"collected by kylie","Y",NA,"honeysuckle","red cedar","buckthorn","","","","","",NA,0,0,0,0,1,0,0,1,0,0,0,0,0,1,0,0,0,0,0,0,0,0,0,0,0,0,0,0,"",""
"186",340,"kyliereroth@gmail.com","9/5/2025","ILM","BU","534","SonyHX90V",2034,44.88525,-73.3291,0,"",1.2,"Seedling",NA,"","","","","",NA,NA,NA,NA,"",NA,"","","","",NA,NA,NA,NA,NA,NA,5,2,18,36,5.49,"",0,2023,"Alive","",0,"Y","N",0,1,15,"","",NA,"0","0","0","upland","buckthorn, honeysuckle, red cedar ","None apparent","",2041,"collected by kylie","Y",NA,"buckthorn","honeysuckle","red cedar","","","","","",NA,0,0,0,0,1,0,0,1,0,0,0,0,0,1,0,0,0,0,0,0,0,0,0,0,0,0,0,0,"",""
"187",341,"kyliereroth@gmail.com","9/5/2025","ILM","BU","535","SonyHX90V",2043,44.88518,-73.3291,0,"",1.5,"Seedling",NA,"","","","","",NA,NA,NA,NA,"",NA,"","","","",NA,NA,NA,NA,NA,NA,34,63,82,79,9.04,"",0,2024,"Alive","",0,"N","",NA,NA,NA,"","",NA,"0","0","0","upland","red cedar, honeysuckle, buckthorn","None apparent","",2049,"collected by kylie","Y",NA,"red cedar","honeysuckle","buckthorn","","","","","",NA,0,0,0,0,1,0,0,1,0,0,0,0,0,1,0,0,0,0,0,0,0,0,0,0,0,0,0,0,"",""
"188",342,"kyliereroth@gmail.com","9/5/2025","ILM","BU","541","SonyHX90V",2058,44.88499,-73.3292,0,"",1.16,"Seedling",NA,"","","","","",NA,NA,NA,NA,"",NA,"","","","",NA,NA,NA,NA,NA,NA,92,86,58,74,6.57,"",0,2024,"Alive","",10,"N","",NA,NA,NA,"","",NA,"0","0","0","upland","red cedar, honeysuckle, buckthorn","None apparent","",2065,"collected by kylie","Y",NA,"red cedar","honeysuckle","buckthorn","","","","","",NA,0,0,0,0,1,0,0,1,0,0,0,0,0,1,0,0,0,0,0,0,0,0,0,0,0,0,0,0,"",""
"189",343,"kyliereroth@gmail.com","9/5/2025","ILM","BU","542","SonyHX90V",2066,44.88494,-73.3291,0,"",1.35,"Seedling",NA,"","","","","",NA,NA,NA,NA,"",NA,"","","","",NA,NA,NA,NA,NA,NA,13,10,6,10,7.45,"",0,2024,"Alive","",0,"Y","N",25,0,45,"","",NA,"0","0","0","upland","red cedar, honeysuckle, buckthorn, ash","None apparent","",2072,"collected by kylie","Y",NA,"red cedar","honeysuckle","buckthorn","ash","","","","",NA,0,0,0,0,1,0,0,1,1,0,0,0,0,1,0,0,0,0,0,0,0,0,0,0,0,0,0,0,"",""
"190",344,"kyliereroth@gmail.com","9/5/2025","ILM","BU","544","SonyHX90V",2073,44.88489,-73.3293,0,"",1.5,"Seedling",NA,"","","","","",NA,NA,NA,NA,"",NA,"","","","",NA,NA,NA,NA,NA,NA,34,82,94,52,8.27,"",0,2024,"Alive","",0,"N","",NA,NA,NA,"","",NA,"0","0","0","upland","buckthorn, red cedar, honeysuckle, ash","Nearby shrubs","",2080,"collected by kylie ","Y",NA,"buckthorn","red cedar","honeysuckle","ash","","","","",NA,0,0,0,0,1,0,0,1,1,0,0,0,0,1,0,0,0,0,0,0,0,0,0,0,0,0,0,0,"",""
"191",345,"kyliereroth@gmail.com","9/5/2025","ILM","BU","545","SonyHX90V",2151,44.88502,-73.3293,0,"",1.33,"Seedling",NA,"","","","","",NA,NA,NA,NA,"",NA,"","","","",NA,NA,NA,NA,NA,NA,13,28,26,28,7.65,"",0,2024,"Alive","",20,"Y","Y",20,5,25,"","",NA,"0","0","0","upland","honeysuckle, buckthorn, red cedar","None apparent","",2160,"collected by kylie","Y",NA,"honeysuckle","buckthorn","red cedar","","","","","",NA,0,0,0,0,1,0,0,1,0,0,0,0,0,1,0,0,0,0,0,0,0,0,0,0,0,0,0,0,"",""
"192",346,"kyliereroth@gmail.com","9/5/2025","ILM","BU","546","SonyHX90V",2096,44.8848,-73.3291,0,"",1.15,"Seedling",NA,"","","","","",NA,NA,NA,NA,"",NA,"","","","",NA,NA,NA,NA,NA,NA,50,43,25,11,6.19,"",0,2024,"Alive","",0,"Y","N",5,2,5,"","",NA,"0","0","0","upland","red cedar, honeysuckle, bukcthorn, ash","None apparent","",2102,"collected by kylie","Y",NA,"red cedar","honeysuckle","buckthorn","ash","","","","",NA,0,0,0,0,1,0,0,1,1,0,0,0,0,1,0,0,0,0,0,0,0,0,0,0,0,0,0,0,"",""
"193",361,"kyliereroth@gmail.com","9/5/2025","ILM","BU","547","SonyHX90V",2088,44.88481,-73.3292,0,"",1.48,"Seedling",NA,"","","","","",NA,NA,NA,NA,"",NA,"","","","",NA,NA,NA,NA,NA,NA,88,62,34,70,6.34,"",0,2025,"Alive","",0,"Y","N",0,10,40,"","",NA,"0","0","0","upland","red cedar, honeysuckle, buckthorn, ash","None apparent","",2095,"collected by kylie","Y",NA,"red cedar","honeysuckle","buckthorn","ash","","","","",NA,0,0,0,0,1,0,0,1,1,0,0,0,0,1,0,0,0,0,0,0,0,0,0,0,0,0,0,0,"",""
"194",362,"kyliereroth@gmail.com","9/5/2025","ILM","BU","548","SonyHX90V",2081,44.88485,-73.3294,0,"",1.07,"Seedling",NA,"","","","","",NA,NA,NA,NA,"",NA,"","","","",NA,NA,NA,NA,NA,NA,75,52,32,60,5.86,"",0,2024,"Alive","",0,"N","",NA,NA,NA,"","",NA,"0","0","0","upland","red cedar, honeysuckle, buckthorn","None apparent","",2087,"collected by kylie","Y",NA,"red cedar","honeysuckle","buckthorn","","","","","",NA,0,0,0,0,1,0,0,1,0,0,0,0,0,1,0,0,0,0,0,0,0,0,0,0,0,0,0,0,"",""
"195",363,"kyliereroth@gmail.com","9/5/2025","ILM","BU","550","SonyHX90V",2143,44.8847,-73.3294,0,"",1.37,"Seedling",NA,"","","","","",NA,NA,NA,NA,"",NA,"","","","",NA,NA,NA,NA,NA,NA,12,10,15,10,6.19,"",0,2024,"Alive","",0,"N","",NA,NA,NA,"","",NA,"Unsure","0","0","upland","ash, red cedar, buckthorn","None apparent","",2150,"collected by kylie","Y",NA,"ash","red cedar","buckthorn","","","","","",NA,0,0,0,0,1,0,0,1,1,0,0,0,0,0,0,0,0,0,0,0,0,0,0,0,0,0,0,0,"",""
"196",364,"kyliereroth@gmail.com","9/5/2025","ILM","BU","554","SonyHX90V",2103,44.88499,-73.3289,0,"",1.42,"Seedling",NA,"","","","","",NA,NA,NA,NA,"",NA,"","","","",NA,NA,NA,NA,NA,NA,91,76,93,94,4.39,"",1,2023,"Alive","",0,"N","",NA,NA,NA,"","",NA,"Unsure","0","0","upland","red cedar, buckthorn, honeysuckle","None apparent","",2111,"has second living stem","Y",NA,"red cedar","buckthorn","honeysuckle","","","","","",NA,0,0,0,0,1,0,0,1,0,0,0,0,0,1,0,0,0,0,0,0,0,0,0,0,0,0,0,0,"",""
"197",365,"kyliereroth@gmail.com","9/5/2025","ILM","BU","555","SonyHX90V",2112,44.88501,-73.3289,0,"",1.25,"Seedling",NA,"","","","","",NA,NA,NA,NA,"",NA,"","","","",NA,NA,NA,NA,NA,NA,96,95,96,96,7.07,"",1,2023,"Alive","",0,"Y","N",20,0,50,"","",NA,"Unsure","0","0","upland","honeysuckle, red cedar, buckthorn","None apparent","",2122,"collected by kylie","Y",NA,"honeysuckle","red cedar","buckthorn","","","","","",NA,0,0,0,0,1,0,0,1,0,0,0,0,0,1,0,0,0,0,0,0,0,0,0,0,0,0,0,0,"",""
"198",366,"kyliereroth@gmail.com","9/5/2025","ILM","BU","557","SonyHX90V",2132,44.88502,-73.3289,0,"",1.33,"Seedling",NA,"","","","","",NA,NA,NA,NA,"",NA,"","","","",NA,NA,NA,NA,NA,NA,24,8,7,8,7.42,"",0,2024,"Alive","",0,"N","",NA,NA,NA,"","",NA,"0","0","0","upland","red cedar, honeysuckle, buckthorn","None apparent","",2136,"collected by kylie","Y",NA,"red cedar","honeysuckle","buckthorn","","","","","",NA,0,0,0,0,1,0,0,1,0,0,0,0,0,1,0,0,0,0,0,0,0,0,0,0,0,0,0,0,"",""
"199",367,"kyliereroth@gmail.com","9/5/2025","ILM","BU","558","SonyHX90V",2123,44.88502,-73.3289,0,"",1.75,"Seedling",NA,"","","","","",NA,NA,NA,NA,"",NA,"","","","",NA,NA,NA,NA,NA,NA,24,8,7,8,10.12,"",0,2024,"Alive","",0,"Y","N",60,0,65,"","",NA,"0","0","0","upland","red cedar, honeysuckle, buckthorn","None apparent","",2131,"collected by kylie","Y",NA,"red cedar","honeysuckle","buckthorn","","","","","",NA,0,0,0,0,1,0,0,1,0,0,0,0,0,1,0,0,0,0,0,0,0,0,0,0,0,0,0,0,"",""
"200",368,"kyliereroth@gmail.com","9/5/2025","ILM","BU","559","SonyHX90V",2137,44.88499,-73.3292,0,"",1.79,"Seedling",NA,"","","","","",NA,NA,NA,NA,"",NA,"","","","",NA,NA,NA,NA,NA,NA,80,23,81,74,8.11,"",2,2023,"Alive","",0,"Y","N",0,5,55,"","",NA,"0","0","0","upland","red cedar, honeysuckle, buckthorn, ash","None apparent","",2142,"collected by kylie","Y",NA,"red cedar","honeysuckle","buckthorn","ash","","","","",NA,0,0,0,0,1,0,0,1,1,0,0,0,0,1,0,0,0,0,0,0,0,0,0,0,0,0,0,0,"",""
"201",369,"kyliereroth@gmail.com","9/5/2025","ILM","BU","561","SonyHX90V",2172,44.88376,-73.3322,3,"N",0.71,"Seedling",NA,"","","","","",NA,NA,NA,NA,"",NA,"","","","",NA,NA,NA,NA,NA,NA,96,96,87,94,5.18,"",0,2024,"Dead","N",NA,"","",NA,NA,NA,"","",NA,"","","","upland","red cedar, oak, ash, maple, buckthorn, lilac ","None apparent","",2176,"collected by kylie","N",NA,"red cedar","oak","ash","maple","buckthorn","lilac","","",NA,0,0,0,0,1,0,0,1,1,0,0,0,0,0,0,0,1,0,1,0,0,1,0,0,0,0,0,0,"",""
"202",370,"kyliereroth@gmail.com","9/5/2025","ILM","BU","563","SonyHX90V",2198,44.8837,-73.3323,2,"N",1.13,"Seedling",NA,"","","","","",NA,NA,NA,NA,"",NA,"","","","",NA,NA,NA,NA,NA,NA,4,2,2,6,5.97,"",0,2024,"Alive","",0,"N","",NA,NA,NA,"","",NA,"0","0","0","upland","red cedar, honeysuckle, buckthorn","None apparent","",2202,"collected by kylie","Y",NA,"red cedar","honeysuckle","buckthorn","","","","","",NA,0,0,0,0,1,0,0,1,0,0,0,0,0,1,0,0,0,0,0,0,0,0,0,0,0,0,0,0,"",""
"203",371,"kyliereroth@gmail.com","9/5/2025","ILM","BU","567","SonyHX90V",2235,44.88379,-73.3328,1,"N",5.5,"Adult",0.9,"Suppressed","Alive","","","",NA,NA,NA,NA,"No",100,"Y","N","Y","Yes",50,NA,5,70,1,1,NA,NA,NA,NA,NA,"",NA,NA,"","",NA,"","",NA,NA,NA,"","",NA,"0","0","0","upland","red cedar, ash, lilac, elm, maple","Other","red cedar",2243,"collected by kylie","Y",NA,"red cedar","ash","lilac","elm","maple","","","",NA,0,0,0,0,1,0,0,0,1,1,0,0,0,0,0,0,1,0,1,0,0,0,0,0,0,0,0,0,"",""
"204",372,"kyliereroth@gmail.com","9/5/2025","ILM","BU","570","SonyHX90V",2244,44.88387,-73.3329,0,"",1.48,"Seedling",NA,"","","","","",NA,NA,NA,NA,"",NA,"","","","",NA,NA,NA,NA,NA,NA,7,3,34,30,10.21,"",0,2022,"Alive","",90,"N","",NA,NA,NA,"","",NA,"0","0","0","upland","red cedar, ash, buckthorn","None apparent","",2256,"collected by kylie","Y",NA,"red cedar","ash","buckthorn","","","","","",NA,0,0,0,0,1,0,0,1,1,0,0,0,0,0,0,0,0,0,0,0,0,0,0,0,0,0,0,0,"",""
"205",373,"kyliereroth@gmail.com","9/5/2025","ILM","BU","572","SonyHX90V",2257,44.88386,-73.3329,0,"",2.54,"Seedling",NA,"","","","","",NA,NA,NA,NA,"",NA,"","","","",NA,NA,NA,NA,NA,NA,0,4,6,0,12.28,"",0,2023,"Alive","",100,"Y","N",15,0,20,"","",NA,"0","0","0","upland","red cedar, ash, buckthorn","None apparent","",2264,"collected by kylie","Y",NA,"red cedar","ash","buckthorn","","","","","",NA,0,0,0,0,1,0,0,1,1,0,0,0,0,0,0,0,0,0,0,0,0,0,0,0,0,0,0,0,"",""
"206",374,"kyliereroth@gmail.com","9/5/2025","ILM","BU","573","SonyHX90V",2227,44.88371,-73.3328,1,"N",2.58,"Seedling",NA,"","","","","",NA,NA,NA,NA,"",NA,"","","","",NA,NA,NA,NA,NA,NA,96,91,26,87,16.29,"",0,2023,"Alive","",95,"N","",NA,NA,NA,"","",NA,"0","0","0","upland","lilac, red cedar, elm, maple, ash","None apparent","",2234,"collected by kylie","Y",NA,"lilac","red cedar","elm","maple","ash","","","",NA,0,0,0,0,1,0,0,0,1,1,0,0,0,0,0,0,1,0,1,0,0,0,0,0,0,0,0,0,"",""
"207",375,"kyliereroth@gmail.com","9/5/2025","ILM","BU","575","SonyHX90V",2327,44.88372,-73.3335,0,"",2.42,"Seedling",NA,"","","","","",NA,NA,NA,NA,"",NA,"","","","",NA,NA,NA,NA,NA,NA,6,0,10,48,10.94,"",0,2024,"Alive","",95,"Y","N",10,0,20,"","",NA,"0","0","0","upland","maple, buckthorn, honeysuckle, ash, red cedar","None apparent","",2334,"collected by kylie","Y",NA,"maple","buckthorn","honeysuckle","ash","red cedar","","","",NA,0,0,0,0,1,0,0,1,1,0,0,0,0,1,0,0,0,0,1,0,0,0,0,0,0,0,0,0,"",""
"208",376,"kyliereroth@gmail.com","9/5/2025","ILM","BU","576","SonyHX90V",2283,44.88341,-73.3331,0,"",1.92,"Seedling",NA,"","","","","",NA,NA,NA,NA,"",NA,"","","","",NA,NA,NA,NA,NA,NA,0,0,5,3,10.12,"",1,2024,"Dead","N",NA,"","",NA,NA,NA,"","",NA,"","","","upland","box elder, red cedar, maple, ash, hickory","None apparent","",2287,"collected by kylie","N",NA,"boxelder","red cedar","maple","ash","hickory","","","",NA,1,0,0,0,1,0,0,0,1,0,0,0,0,0,0,0,0,1,1,0,0,0,0,0,0,0,0,0,"",""
"209",377,"kyliereroth@gmail.com","9/5/2025","ILM","BU","577","SonyHX90V",2288,44.88343,-73.3332,0,"",7,"Adult",0.9,"Suppressed","Alive","","","",NA,NA,NA,NA,"No",95,"N","N","Y","Yes",5,NA,5,40,1,1,NA,NA,NA,NA,NA,"",NA,NA,"","",NA,"","",NA,NA,NA,"","",NA,"0","0","0","upland","red cedar, boxelder, ash, butternut, maple, buckthorn","Other","red cedar",2295,"collected by kylie","Y",NA,"red cedar","boxelder","ash","butternut","maple","buckthorn","","",NA,0,0,0,0,1,0,0,1,1,0,0,0,0,0,0,0,0,1,1,0,1,0,0,0,0,0,0,0,"",""
"210",378,"kyliereroth@gmail.com","9/11/2025","ILM","BU","579","SonyHX90V",4244,44.88337,-73.3313,3,"N",1.04,"Seedling",NA,"","","","","",NA,NA,NA,NA,"",NA,"","","","",NA,NA,NA,NA,NA,NA,17,20,38,53,8.14,"Vole (nibbling on the bark)",0,2023,"Alive","",20,"N","",NA,NA,NA,"","",NA,"0","0","0","upland","buckthorn, red cedar, elm, honeysuckle","None apparent","",4267,"collected by kylie","Y",NA,"buckthorn","red cedar","elm","honeysuckle","","","","",NA,0,0,0,0,1,0,0,1,0,1,0,0,0,1,0,0,0,0,0,0,0,0,0,0,0,0,0,0,"Vole (nibbling on the bark)",""
"211",100,"cdellolio@mortonarb.org","9/10/2025","ILM","Bu","580","SonyHX90V",3952,44.88629,-73.3271,0,"",0.35,"Seedling",NA,"","","","","",NA,NA,NA,NA,"",NA,"","","","",NA,NA,NA,NA,NA,NA,48,20,96,89,4.05,"Deer browse",0,2024,"Dead","N",NA,"","",NA,NA,NA,"","",NA,"","","","upland","Ash, elm, sumac (but in a pot so kind of irrelevant)","None apparent","",3956,"In a pot/planted; 2 dead branches off stem. collected by Kylie","N",NA,"","","","","","","","",NA,0,0,0,0,0,0,0,0,0,0,0,0,0,0,0,0,0,0,0,0,0,0,0,0,0,0,0,0,"Deer browse",""
"212",379,"kyliereroth@gmail.com","9/11/2025","ILM","BU","581","SonyHX90V",4325,44.883451,-73.333091,0,"",1.66,"Seedling",NA,"","","","","",NA,NA,NA,NA,"",NA,"","","","",NA,NA,NA,NA,NA,NA,56,1,0,6,8.27,"",1,2023,"Alive","",65,"N","",NA,NA,NA,"","",NA,"0","0","0","upland","sugar maple, bitternut hickory","None apparent","",4339,"collected by kylie","Y",NA,"maple","hickory","","","","","","",NA,1,0,0,0,0,0,0,0,0,0,0,0,0,0,0,0,0,0,1,0,0,0,0,0,0,0,0,0,"",""
"213",380,"kyliereroth@gmail.com","9/5/2025","ILM","BU","582","SonyHX90V",2296,44.8835,-73.3333,0,"",15,"Adult",4.5,"Intermediate","Alive","","","",NA,NA,NA,NA,"No",95,"Y","N","Y","Yes",0,NA,20,45,1,1,NA,NA,NA,NA,NA,"",NA,NA,"","",NA,"","",NA,NA,NA,"","",NA,"0","0","1","upland","buckthorn, boxelder, red cedar, maple, ash","Other","red cedar",2305,"collected by kylie ","Y",NA,"buckthorn","boxelder","red cedar","maple","ash","","","",NA,0,0,0,0,1,0,0,1,1,0,0,0,0,0,0,0,0,1,1,0,0,0,0,0,0,0,0,0,"",""
"214",89,"cdellolio@mortonarb.org","9/10/2025","ILM","Bu","586","SonyHX90V",3901,44.88579,-73.329,0,"",48,"Adult",25.8,"Intermediate","Alive","","","",NA,NA,NA,NA,"Unknown (unable to see)",70,"Y","N","Y","Yes",50,55,55,50,3.5,3,NA,NA,NA,NA,NA,"",NA,NA,"","",NA,"","",NA,NA,NA,"","",NA,"0","0","0","upland","Red cedar, ash, white pine, elm","Vines on the tree, Other","Ash tree",3915,"collected by Kylie","Y",NA,"red cedar","ash","white pine","elm","","","","",NA,0,0,0,1,1,0,0,0,1,1,0,0,0,0,0,0,0,0,0,0,0,0,0,0,0,0,0,0,"",""
"215",91,"cdellolio@mortonarb.org","9/10/2025","ILM","Bu","587","SonyHX90V",3916,44.88567,-73.3293,0,"",45,"Adult",37.5,"Dominant","Alive","","","",NA,NA,NA,NA,"Unknown (unable to see)",100,"N","N","Y","Yes",15,15,10,30,3,1.5,NA,NA,NA,NA,NA,"",NA,NA,"","",NA,"","",NA,NA,NA,"","",NA,"","","","upland","Buckthorn, red cedar, elm, ash","None apparent","",3924,"collected by Kylie","N",NA,"buckthorn","red cedar","elm","ash","","","","",NA,0,0,0,0,1,0,0,1,1,1,0,0,0,0,0,0,0,0,0,0,0,0,0,0,0,0,0,0,"",""
"216",109,"kyliereroth@gmail.com","9/3/2025","ILM","BU","001","SonyHX90V",1378,44.88522,-73.3265,2,"E",11.5,"Adult",16.9,"NA - no canopy","Alive","","","",NA,NA,NA,NA,"No",100,"Y","Y","Y","Yes",55,NA,35,30,2.5,1,NA,NA,NA,NA,NA,"",NA,NA,"","",NA,"","",NA,NA,NA,"","",NA,"0","1","1","upland","red cedar, butternut, ash, dogwood, sumac ","None apparent","",1386,"confirmed hybrid which Martin regularly cuts, collected by Emma","Y",NA,"red cedar","butternut","ash","dogwood","sumac","","","",NA,0,1,0,0,1,0,0,0,1,0,0,0,1,0,0,0,0,0,0,0,1,0,0,0,0,0,0,0,"",""
"217",110,"kyliereroth@gmail.com","9/3/2025","ILM","BU","002","SonyHX90V",1448,44.88518,-73.3267,1,"E",42,"Adult",26,"Co-dominant","Alive","","","",NA,NA,NA,NA,"No",90,"Y","Y","Y","Yes",80,65,65,80,4,2,NA,NA,NA,NA,NA,"",NA,NA,"","",NA,"","",NA,NA,NA,"","",NA,"","","","upland","butternut, red cedar, sumac, ash ","Vines on the tree","",1452,"collected by Emma","N",NA,"butternut","red cedar","sumac","ash","","","","",NA,0,0,0,0,1,0,0,0,1,0,0,0,1,0,0,0,0,0,0,0,1,0,0,0,0,0,0,0,"",""
"218",111,"kyliereroth@gmail.com","9/3/2025","ILM","BU","003","SonyHX90V",1440,44.88513,-73.3266,1,"E",35,"Adult",21,"Co-dominant","Alive","","","",NA,NA,NA,NA,"No",95,"N","Y","Y","Yes",70,75,60,80,4,2,NA,NA,NA,NA,NA,"",NA,NA,"","",NA,"","",NA,NA,NA,"","",NA,"","","","upland","sumac, dogwood, ash ","None apparent","",1447,"collected by Emma","N",NA,"sumac","dogwood","ash","","","","","",NA,0,1,0,0,0,0,0,0,1,0,0,0,1,0,0,0,0,0,0,0,0,0,0,0,0,0,0,0,"",""
"219",112,"kyliereroth@gmail.com","9/3/2025","ILM","BU","005","SonyHX90V",1486,44.8846,-73.3267,2,"NE",50,"Adult",51,"Dominant","Alive","","","",NA,NA,NA,NA,"No",100,"N","Y","Y","Yes",15,5,5,10,1,1,NA,NA,NA,NA,NA,"",NA,NA,"","",NA,"","",NA,NA,NA,"","",NA,"","","","upland","ash, red cedar, maple, butternut, dogwood ","None apparent","",1495,"tree is aka Luna, collected by Emma ","N",NA,"ash","red cedar","maple","butternut","dogwood","","","",NA,0,1,0,0,1,0,0,0,1,0,0,0,0,0,0,0,0,0,1,0,1,0,0,0,0,0,0,0,"",""
"220",113,"kyliereroth@gmail.com","9/9/2025","ILM","BU","006","SonyHX90V",3390,44.88442,-73.3271,0,"",13,"Adult",5.2,"Suppressed","Alive","","","",NA,NA,NA,NA,"No",65,"Y","Y","Y","Yes",15,NA,10,40,2.5,3,NA,NA,NA,NA,NA,"",NA,NA,"","",NA,"","",NA,NA,NA,"","",NA,"0","0","0","upland","butternut, red cedar, elm, ash, white cedar, dogwood, white pine","Vines on the tree","",3400,"collected by Kylie ","Y",NA,"butternut","red cedar","elm","ash","white cedar","dogwood","white pine","",NA,0,1,0,1,1,1,0,0,1,1,0,0,0,0,0,0,0,0,0,0,1,0,0,0,0,0,0,0,"",""
"221",114,"kyliereroth@gmail.com","9/9/2025","ILM","BU","007","SonyHX90V",3340,44.88432,-73.3269,0,"",41,"Adult",39.9,"Dominant","Alive","","","",NA,NA,NA,NA,"Unknown (unable to see)",95,"N","N","Y","Yes",35,20,20,30,2,2,NA,NA,NA,NA,NA,"",NA,NA,"","",NA,"","",NA,NA,NA,"","",NA,"","","","upland","maple, red cedar, hickory, ash, basswood","None apparent","",3389,"collected by Kylie ","N",NA,"maple","red cedar","hickory","ash","basswood","","","",NA,1,0,0,0,1,0,0,0,1,0,0,1,0,0,0,0,0,0,1,0,0,0,0,0,0,0,0,0,"",""
"222",115,"kyliereroth@gmail.com","9/7/2025","ILM","BU","011","SonyHX90V",2477,44.88374,-73.327,7,"NE",2.34,"Seedling",NA,"","","","","",NA,NA,NA,NA,"",NA,"","","","",NA,NA,NA,NA,NA,NA,38,68,94,46,12.16,"",0,2023,"Alive","",80,"N","",NA,NA,NA,"","",NA,"0","0","0","upland","red cedar, buckthorn, elm","None apparent","",2486,"4 dead branches but no dead stems, collected by Emma","Y",NA,"red cedar","buckthorn","elm","","","","","",NA,0,0,0,0,1,0,0,1,0,1,0,0,0,0,0,0,0,0,0,0,0,0,0,0,0,0,0,0,"",""
"223",116,"kyliereroth@gmail.com","9/7/2025","ILM","BU","012","SonyHX90V",2497,44.88351,-73.327,2,"N",1.42,"Seedling",NA,"","","","","",NA,NA,NA,NA,"",NA,"","","","",NA,NA,NA,NA,NA,NA,83,14,90,93,6.92,"",2,2023,"Alive","",10,"Y","N",0,10,20,"","",NA,"Unsure","0","0","upland","red cedar, bitternut hickory, butternut","None apparent","",2505,"collected by Emma","Y",NA,"red cedar","hickory","butternut","","","","","",NA,1,0,0,0,1,0,0,0,0,0,0,0,0,0,0,0,0,0,0,0,1,0,0,0,0,0,0,0,"",""
"224",117,"kyliereroth@gmail.com","9/7/2025","ILM","BU","016","SonyHX90V",2623,44.88354,-73.3272,1,"E",3.2,"Seedling",NA,"","","","","",NA,NA,NA,NA,"",NA,"","","","",NA,NA,NA,NA,NA,NA,96,96,90,96,16.23,"",0,2023,"Alive","",5,"Y","N",10,0,10,"","",NA,"0","0","1","upland","bitternut hickory, butternut, malus, red cedar ","None apparent","",2636,"collected by Emma","Y",NA,"hickory","butternut","malus","red cedar","","","","",NA,1,0,0,0,1,0,1,0,0,0,0,0,0,0,0,0,0,0,0,0,1,0,0,0,0,0,0,0,"",""
"225",118,"kyliereroth@gmail.com","9/6/2025","ILM","BU","017","SonyHX90V",2409,44.88394,-73.3267,2,"E",25,"Adult",18,"Intermediate","Alive","","","",NA,NA,NA,NA,"No",60,"N","N","Y","Yes",80,40,40,80,3.5,2.5,NA,NA,NA,NA,NA,"",NA,NA,"","",NA,"","",NA,NA,NA,"","",NA,"","","","upland","red cedar, bitternut, ash","None apparent","",2414,"collected by Emma ","N",NA,"red cedar","hickory","ash","","","","","",NA,1,0,0,0,1,0,0,0,1,0,0,0,0,0,0,0,0,0,0,0,0,0,0,0,0,0,0,0,"",""
"226",119,"kyliereroth@gmail.com","9/6/2025","ILM","BU","018","SonyHX90V",2379,44.88397,-73.3265,2,"E",50,"Adult",69.4,"Dominant","Alive","","","",NA,NA,NA,NA,"Unknown (unable to see)",100,"N","N","Y","Yes",5,1,0.5,5,1,1.5,NA,NA,NA,NA,NA,"",NA,NA,"","",NA,"","",NA,NA,NA,"","",NA,"","","","upland","red cedar, basswood, bitternut hickory, dogwood, ash","None apparent","",2388,"collected by Emma","N",NA,"red cedar","basswood","hickory","dogwood","ash","","","",NA,1,1,0,0,1,0,0,0,1,0,0,1,0,0,0,0,0,0,0,0,0,0,0,0,0,0,0,0,"",""
"227",125,"kyliereroth@gmail.com","9/9/2025","ILM","BU","034","SonyHX90V",3597,44.88345,-73.3294,0,"",38,"Adult",30.7,"Dominant","Alive","","","",NA,NA,NA,NA,"No",2,"N","N","Y","Yes",5,10,15,15,2,4.5,NA,NA,NA,NA,NA,"",NA,NA,"","",NA,"","",NA,NA,NA,"","",NA,"","","","upland","elderberry, red cedar, cherry, prunus sp, dogwood","Vines on the tree, Other","red cedar ",3608,"collected by catherine","N",NA,"elderberry","red cedar","prunus","prunus","dogwood","","","",NA,0,1,0,0,1,0,0,0,0,0,0,0,0,0,1,1,0,0,0,0,0,0,0,0,0,0,0,0,"",""
"228",126,"kyliereroth@gmail.com","9/9/2025","ILM","BU","036","SonyHX90V",3609,44.8835,-73.3297,0,"",46,"Adult",45.2,"Dominant","Alive","","","",NA,NA,NA,NA,"Unknown (unable to see)",60,"N","Y","Y","Yes",10,15,17,30,2.5,2,NA,NA,NA,NA,NA,"",NA,NA,"","",NA,"","",NA,NA,NA,"","",NA,"","","","upland","red cedar, butternut, ash","None apparent","",3619,"collected by catherine","N",NA,"red cedar","butternut","ash","","","","","",NA,0,0,0,0,1,0,0,0,1,0,0,0,0,0,0,0,0,0,0,0,1,0,0,0,0,0,0,0,"",""
"229",127,"kyliereroth@gmail.com","9/9/2025","ILM","BU","037","SonyHX90V",3620,44.88356,-73.3298,0,"",43,"Adult",36,"Dominant","Alive","","","",NA,NA,NA,NA,"No",0,"N","Y","Y","Yes",25,30,25,30,3,5,NA,NA,NA,NA,NA,"",NA,NA,"","",NA,"","",NA,NA,NA,"","",NA,"Unsure","0","1","upland","butternut, red cedar, ash ","None apparent","",3634,"collected by catherine","Y",NA,"butternut","red cedar","ash","","","","","",NA,0,0,0,0,1,0,0,0,1,0,0,0,0,0,0,0,0,0,0,0,1,0,0,0,0,0,0,0,"",""
"230",128,"kyliereroth@gmail.com","9/8/2025","ILM","BU","039","SonyHX90V",2908,44.88303,-73.3298,0,"",30,"Adult",32,"Dominant","Alive","","","",NA,NA,NA,NA,"No",5,"Y","N","Y","Yes",60,25,20,60,3,4.5,NA,NA,NA,NA,NA,"",NA,NA,"","",NA,"","",NA,NA,NA,"","",NA,"0","0","0","upland","red cedar, honeysuckle, elderberry","None apparent","",2922,"collected by Catherine","Y",NA,"red cedar","honeysuckle","elderberry","","","","","",NA,0,0,0,0,1,0,0,0,0,0,0,0,0,1,1,0,0,0,0,0,0,0,0,0,0,0,0,0,"",""
"231",130,"kyliereroth@gmail.com","9/8/2025","ILM","BU","042","SonyHX90V",3182,44.88285,-73.3306,0,"",42,"Adult",77.8,"NA - no canopy","Alive","","","",NA,NA,NA,NA,"Unknown (unable to see)",5,"Y","Y","Y","Yes",10,NA,2,5,1,4.5,NA,NA,NA,NA,NA,"",NA,NA,"","",NA,"","",NA,NA,NA,"","",NA,"0","0","Unsure","upland","ash, red cedar, white cedar, bitternut hickory ","None apparent","",3197,"collected by kylie","Y",NA,"ash","red cedar","white cedar","hickory","","","","",NA,1,0,0,0,1,1,0,0,1,0,0,0,0,0,0,0,0,0,0,0,0,0,0,0,0,0,0,0,"",""
"232",131,"kyliereroth@gmail.com","9/10/2025","ILM","BU","043","SonyHX90V",3749,44.88292,-73.3307,0,"",45,"Adult",36.9,"Dominant","Alive","","","",NA,NA,NA,NA,"Unknown (unable to see)",85,"N","N","Y","Yes",10,25,25,15,2,1.5,NA,NA,NA,NA,NA,"",NA,NA,"","",NA,"","",NA,NA,NA,"","",NA,"","","","upland","butternut, white cedar, red cedar, gooseberry, elderberry","None apparent","",3759,"collected by catherine","N",NA,"butternut","white cedar","red cedar","gooseberry","elderberry","","","",NA,0,0,0,0,1,1,0,0,0,0,0,0,0,0,1,0,0,0,0,0,1,0,0,0,0,1,0,0,"",""
"233",132,"kyliereroth@gmail.com","9/10/2025","ILM","BU","044","SonyHX90V",3760,44.88296,-73.3308,0,"",34,"Adult",21,"Intermediate","Alive","","","",NA,NA,NA,NA,"No",0,"Y","Y","Y","Yes",20,40,45,40,3.5,5,NA,NA,NA,NA,NA,"",NA,NA,"","",NA,"","",NA,NA,NA,"","",NA,"0","0","1","upland","white cedar, red cedar, butternut, gooseberry, elderberry ","None apparent","",3774,"collected by catherine","Y",NA,"white cedar","red cedar","butternut","gooseberry","elderberry","","","",NA,0,0,0,0,1,1,0,0,0,0,0,0,0,0,1,0,0,0,0,0,1,0,0,0,0,1,0,0,"",""
"234",133,"kyliereroth@gmail.com","9/8/2025","ILM","BU","045","SonyHX90V",2932,44.88276,-73.3295,0,"",34,"Adult",28.5,"Intermediate","Alive","","","",NA,NA,NA,NA,"Unknown (unable to see)",80,"N","N","Y","Yes",55,55,60,70,3.5,1.5,NA,NA,NA,NA,NA,"",NA,NA,"","",NA,"","",NA,NA,NA,"","",NA,"","","","upland","red cedar, bitternut hickory, buckthorn","Vines on the tree, Other","red cedar",2942,"collected by catherine","N",NA,"red cedar","hickory","buckthorn","","","","","",NA,1,0,0,0,1,0,0,1,0,0,0,0,0,0,0,0,0,0,0,0,0,0,0,0,0,0,0,0,"",""
"235",134,"kyliereroth@gmail.com","9/7/2025","ILM","BU","046","SonyHX90V",2633,44.88361,-73.3272,3,"E",20,"Adult",7.2,"Intermediate","Alive","","","",NA,NA,NA,NA,"No",100,"Y","N","Y","Yes",30,NA,15,50,2,1.5,NA,NA,NA,NA,NA,"",NA,NA,"","",NA,"","",NA,NA,NA,"","",NA,"0","0","1","upland","red cedar, bitternut hickory ","None apparent","",2644,"collected by emma ","Y",NA,"red cedar","hickory","","","","","","",NA,1,0,0,0,1,0,0,0,0,0,0,0,0,0,0,0,0,0,0,0,0,0,0,0,0,0,0,0,"",""
"236",87,"kyliereroth@gmail.com","9/7/2025","ILM","BU","049","SonyHX90V",2759,44.88343,-73.3272,0,"",3.64,"Seedling",NA,"","","","","",NA,NA,NA,NA,"",NA,"","","","",NA,NA,NA,NA,NA,NA,86,62,81,70,16.36,"",0,2022,"Alive","",80,"N","",NA,NA,NA,"","",NA,"0","0","0","upland","red cedar, buckthorn, butternut, shagbark hickory ","None apparent","",2764,"collected by Catherine","Y",NA,"red cedar","buckthorn","butternut","hickory","","","","",NA,1,0,0,0,1,0,0,1,0,0,0,0,0,0,0,0,0,0,0,0,1,0,0,0,0,0,0,0,"",""
"237",88,"kyliereroth@gmail.com","9/7/2025","ILM","Bu","051","SonyHX90V",2437,44.88371,-73.326929,5,"E",3.58,"Seedling",NA,"","","","","",NA,NA,NA,NA,"",NA,"","","","",NA,NA,NA,NA,NA,NA,89,96,96,96,16.27,"",0,2024,"Alive","",80,"N","",NA,NA,NA,"","",NA,"0","0","0","upland","red cedar","None apparent","",2444,"collected by Emma","Y",NA,"red cedar","","","","","","","",NA,0,0,0,0,1,0,0,0,0,0,0,0,0,0,0,0,0,0,0,0,0,0,0,0,0,0,0,0,"",""
"238",93,"kyliereroth@gmail.com","9/8/2025","ILM","BU","054","SonyHX90V",2943,44.88274,-73.3296,0,"",45,"Adult",33.8,"Co-dominant","Alive","","","",NA,NA,NA,NA,"Unknown (unable to see)",75,"N","N","Y","Yes",50,50,30,50,3,2,NA,NA,NA,NA,NA,"",NA,NA,"","",NA,"","",NA,NA,NA,"","",NA,"","","","upland","white cedar, bitternut hickory, elm, red cedar","None apparent","",2950,"collected by Catherine","N",NA,"white cedar","hickory","elm","red cedar","","","","",NA,1,0,0,0,1,1,0,0,0,1,0,0,0,0,0,0,0,0,0,0,0,0,0,0,0,0,0,0,"",""
"239",96,"kyliereroth@gmail.com","9/11/2025","ILM","BU","055","SonyHX90V",4229,44.88297,-73.331,0,"",34,"Adult",30.2,"Dominant","Alive","","","",NA,NA,NA,NA,"Unknown (unable to see)",10,"N","Y","Y","Yes",50,25,15,50,3,4,NA,NA,NA,NA,NA,"",NA,NA,"","",NA,"","",NA,NA,NA,"","",NA,"","","","upland","white cedar, butternut, ash, buckthorn, elm","None apparent","",4242,"collected by Kylie","N",NA,"white cedar","butternut","ash","buckthorn","elm","","","",NA,0,0,0,0,0,1,0,1,1,1,0,0,0,0,0,0,0,0,0,0,1,0,0,0,0,0,0,0,"",""
"240",97,"kyliereroth@gmail.com","9/11/2025","ILM","BU","059","SonyHX90V",4243,44.88297,-73.3313,1,"NW",32,"Adult",55.4,"Co-dominant","Alive","","","",NA,NA,NA,NA,"Unknown (unable to see)",20,"N","N","Y","Yes",35,60,60,75,3.5,2.5,NA,NA,NA,NA,NA,"",NA,NA,"","",NA,"","",NA,NA,NA,"","",NA,"","","","upland","butternut, white cedar, red cedar, elm, hickory","None apparent","",4254,"collected by Kylie","N",NA,"butternut","white cedar","red cedar","elm","hickory","","","",NA,1,0,0,0,1,1,0,0,0,1,0,0,0,0,0,0,0,0,0,0,1,0,0,0,0,0,0,0,"",""
"241",86,"cdellolio@mortonarb.org","9/10/2025","ILM","Bu","061","SonyHX90V",3874,44.88587,-73.3286,0,"",42,"Adult",29.5,"Co-dominant","Alive","","","",NA,NA,NA,NA,"Unknown (unable to see)",95,"N","N","Y","Yes",50,25,15,20,2.5,1,NA,NA,NA,NA,NA,"",NA,NA,"","",NA,"","",NA,NA,NA,"","",NA,"","","","upland","Ash, butternut, dogwood, red cedar, buckthorn, sumac","None apparent","",3885,"collected by Kylie","N",NA,"ash","butternut","dogwood","red cedar","buckthorn","sumac","","",NA,0,1,0,0,1,0,0,1,1,0,0,0,1,0,0,0,0,0,0,0,1,0,0,0,0,0,0,0,"",""
"242",305,"cdellolio@mortonarb.org","9/10/2025","ILM","Bu","062","SonyHX90V",3886,44.88589,-73.3285,0,"",37,"Adult",26.3,"Co-dominant","Alive","","","",NA,NA,NA,NA,"Unknown (unable to see)",70,"N","N","Y","Yes",45,NA,15,50,3,1.5,NA,NA,NA,NA,NA,"",NA,NA,"","",NA,"","",NA,NA,NA,"","",NA,"Unsure","0","0","upland","Ash, butternut, dogwood, red cedar, buckthorn, sumac","None apparent","",3900,"Weird large 2nd trunk, maybe a different tree? has epicormics from that. collected by kylie","Y",NA,"ash","butternut","dogwood","red cedar","buckthorn","sumac","","",NA,0,1,0,0,1,0,0,1,1,0,0,0,1,0,0,0,0,0,0,0,1,0,0,0,0,0,0,0,"",""
"243",85,"cdellolio@mortonarb.org","9/10/2025","ILM","Bu","063","SonyHX90V",3858,44.88577,-73.3286,0,"",41,"Adult",32,"Co-dominant","Alive","","","",NA,NA,NA,NA,"Unknown (unable to see)",90,"Y","N","Y","Yes",85,45,40,95,3.5,1.5,NA,NA,NA,NA,NA,"",NA,NA,"","",NA,"","",NA,NA,NA,"","",NA,"0","Unsure","0","upland","Ash, butternut, dogwood, red cedar, buckthorn, sumac","None apparent","",3873,"collected by Kylie","Y",NA,"ash","butternut","dogwood","red cedar","buckthorn","sumac","","",NA,0,1,0,0,1,0,0,1,1,0,0,0,1,0,0,0,0,0,0,0,1,0,0,0,0,0,0,0,"",""
"244",104,"kyliereroth@gmail.com","9/9/2025","ILM","BU","064","SonyHX90V",3463,44.88456,-73.3277,0,"",42,"Adult",35.5,"Dominant","Alive","","","",NA,NA,NA,NA,"Unknown (unable to see)",85,"N","N","Y","Yes",70,65,45,85,3.5,1.5,NA,NA,NA,NA,NA,"",NA,NA,"","",NA,"","",NA,NA,NA,"","",NA,"","","","upland","sugar maple, ash, red cedar ","None apparent","",3470,"collected by Catherine","N",NA,"maple","ash","red cedar","","","","","",NA,0,0,0,0,1,0,0,0,1,0,0,0,0,0,0,0,0,0,1,0,0,0,0,0,0,0,0,0,"",""
"245",105,"kyliereroth@gmail.com","9/9/2025","ILM","BU","066","SonyHX90V",3480,44.88448,-73.3278,0,"",42,"Adult",27.8,"Co-dominant","Alive","","","",NA,NA,NA,NA,"Unknown (unable to see)",70,"N","N","Y","Yes",20,25,30,30,2.5,2.5,NA,NA,NA,NA,NA,"",NA,NA,"","",NA,"","",NA,NA,NA,"","",NA,"","","","upland","elm, white cedar, sugar maple, butternut, ash ","None apparent","",3488,"collected by Catherine","N",NA,"elm","white cedar","maple","butternut","ash","","","",NA,0,0,0,0,0,1,0,0,1,1,0,0,0,0,0,0,0,0,1,0,1,0,0,0,0,0,0,0,"",""
"246",135,"kyliereroth@gmail.com","9/9/2025","ILM","BU","068","SonyHX90V",3423,44.88471,-73.3271,0,"",43,"Adult",37.7,"Dominant","Alive","","","",NA,NA,NA,NA,"Unknown (unable to see)",95,"N","N","Y","Yes",10,5,5,10,1.5,1.5,NA,NA,NA,NA,NA,"",NA,NA,"","",NA,"","",NA,NA,NA,"","",NA,"","","","upland","butternut, red cedar, mulberry, elm, oak, ash, maple","None apparent","",3432,"collected by kylie","N",NA,"butternut","red cedar","mulberry","elm","oak","ash","maple","",NA,0,0,0,0,1,0,0,0,1,1,1,0,0,0,0,0,0,0,1,0,1,1,0,0,0,0,0,0,"",""
"247",136,"kyliereroth@gmail.com","9/3/2025","ILM","BU","069","SonyHX90V",1470,44.88486,-73.3271,1,"E",43,"Adult",30.5,"Co-dominant","Alive","","","",NA,NA,NA,NA,"No",95,"N","N","Y","Yes",5,30,20,25,2.5,1,NA,NA,NA,NA,NA,"",NA,NA,"","",NA,"","",NA,NA,NA,"","",NA,"","","","upland","shagbark hickory, white cedar, ash, butternut, red cedar ","Vines on the tree","",1475,"collected by emma ","N",NA,"hickory","white cedar","ash","butternut","red cedar","","","",NA,1,0,0,0,1,1,0,0,1,0,0,0,0,0,0,0,0,0,0,0,1,0,0,0,0,0,0,0,"",""
"248",137,"kyliereroth@gmail.com","9/3/2025","ILM","BU","070","SonyHX90V",1466,44.88493,-73.327,2,"E",55,"Adult",31.9,"Dominant","Alive","","","",NA,NA,NA,NA,"No",95,"N","N","Y","Yes",30,15,15,30,2.5,1.5,NA,NA,NA,NA,NA,"",NA,NA,"","",NA,"","",NA,NA,NA,"","",NA,"","","","upland","red cedar, white cedar, butternut, maple, elm, shagbark hickory","None apparent","",1469,"collected by emma","N",NA,"red cedar","white cedar","butternut","maple","elm","hickory","","",NA,1,0,0,0,1,1,0,0,0,1,0,0,0,0,0,0,0,0,1,0,1,0,0,0,0,0,0,0,"",""
"249",138,"kyliereroth@gmail.com","9/3/2025","ILM","BU","071","SonyHX90V",1461,44.88492,-73.3271,0,"",47,"Adult",19,"Co-dominant","Alive","","","",NA,NA,NA,NA,"No",100,"N","N","Y","Yes",15,20,10,65,3,1.5,NA,NA,NA,NA,NA,"",NA,NA,"","",NA,"","",NA,NA,NA,"","",NA,"","","","upland","elm, black walnut, ash, butternut, white cedar","None apparent","",1465,"collected by emma","N",NA,"elm","black walnut","ash","butternut","white cedar","","","",NA,0,0,1,0,0,1,0,0,1,1,0,0,0,0,0,0,0,0,0,0,1,0,0,0,0,0,0,0,"",""
"250",139,"kyliereroth@gmail.com","9/9/2025","ILM","BU","072","SonyHX90V",3270,44.88339,-73.3261,2,"E",52,"Adult",36.8,"Co-dominant","Alive","","","",NA,NA,NA,NA,"Unknown (unable to see)",55,"N","N","Y","Yes",85,60,60,90,3.5,2,NA,NA,NA,NA,NA,"",NA,NA,"","",NA,"","",NA,NA,NA,"","",NA,"","","","upland","maple, basswood, red cedar, white cedar, hickory ","None apparent","",3277,"hard to see crown due to maple canopy, collected by kylie ","N",NA,"maple","basswood","red cedar","white cedar","hickory","","","",NA,1,0,0,0,1,1,0,0,0,0,0,1,0,0,0,0,0,0,1,0,0,0,0,0,0,0,0,0,"",""
"251",140,"kyliereroth@gmail.com","9/9/2025","ILM","BU","078","SonyHX90V",3635,44.88389,-73.3299,0,"",36,"Adult",28.4,"Dominant","Alive","","","",NA,NA,NA,NA,"Unknown (unable to see)",15,"N","Y","Y","Yes",65,35,40,65,3.5,3.5,NA,NA,NA,NA,NA,"",NA,NA,"","",NA,"","",NA,NA,NA,"","",NA,"0","0","0","upland","white cedar, butternut, red cedar, ash, honeysuckle","None apparent","",3651,"collected by catherine","Y",NA,"white cedar","butternut","red cedar","ash","honeysuckle","","","",NA,0,0,0,0,1,1,0,0,1,0,0,0,0,1,0,0,0,0,0,0,1,0,0,0,0,0,0,0,"",""
"252",141,"kyliereroth@gmail.com","9/9/2025","ILM","BU","088","SonyHX90V",3412,44.88443,-73.3274,0,"",50,"Adult",43.3,"Dominant","Alive","","","",NA,NA,NA,NA,"Unknown (unable to see)",50,"N","Y","Y","Yes",70,35,25,70,3,3.5,NA,NA,NA,NA,NA,"",NA,NA,"","",NA,"","",NA,NA,NA,"","",NA,"","","","upland","butternut, ash, red cedar, white cedar","None apparent","",3422,"collected by kylie","N",NA,"butternut","ash","red cedar","white cedar","","","","",NA,0,0,0,0,1,1,0,0,1,0,0,0,0,0,0,0,0,0,0,0,1,0,0,0,0,0,0,0,"",""
"253",142,"kyliereroth@gmail.com","9/9/2025","ILM","BU","089","SonyHX90V",3543,44.88436,-73.3276,0,"",42,"Adult",24.3,"Co-dominant","Alive","","","",NA,NA,NA,NA,"Unknown (unable to see)",85,"N","N","Y","Yes",15,50,55,60,3.5,1.5,NA,NA,NA,NA,NA,"",NA,NA,"","",NA,"","",NA,NA,NA,"","",NA,"","","","upland","ash, sugar maple, red cedar, butternut, ","None apparent","",3551,"ornamental elm also nearby, collected by catherine","N",NA,"ash","maple","red cedar","butternut","","","","",NA,0,0,0,0,1,0,0,0,1,0,0,0,0,0,0,0,0,0,1,0,1,0,0,0,0,0,0,0,"",""
"254",143,"kyliereroth@gmail.com","9/9/2025","ILM","BU","091","SonyHX90V",3532,44.88425,-73.3276,0,"",35,"Adult",35.4,"Dominant","Alive","","","",NA,NA,NA,NA,"Unknown (unable to see)",100,"N","N","Y","Yes",20,55,35,85,3,1,NA,NA,NA,NA,NA,"",NA,NA,"","",NA,"","",NA,NA,NA,"","",NA,"","","","upland","ash, elm, basswood, red cedar ","None apparent","",3542,"collected by catherine","N",NA,"ash","elm","basswood","red cedar","","","","",NA,0,0,0,0,1,0,0,0,1,1,0,1,0,0,0,0,0,0,0,0,0,0,0,0,0,0,0,0,"",""
"255",144,"kyliereroth@gmail.com","9/9/2025","ILM","BU","092","SonyHX90V",3552,44.88438,-73.3277,0,"",47,"Adult",33.5,"Dominant","Alive","","","",NA,NA,NA,NA,"Unknown (unable to see)",100,"N","N","Y","Yes",10,55,40,50,3.5,1,NA,NA,NA,NA,NA,"",NA,NA,"","",NA,"","",NA,NA,NA,"","",NA,"","","","upland","red cedar, elm, prunus spp, shagbark hickory, butternut","None apparent","",3563,"collected by catherine","N",NA,"red cedar","elm","prunus","hickory","butternut","","","",NA,1,0,0,0,1,0,0,0,0,1,0,0,0,0,0,1,0,0,0,0,1,0,0,0,0,0,0,0,"",""
"256",145,"kyliereroth@gmail.com","9/9/2025","ILM","BU","093","SonyHX90V",3520,44.88429,-73.3279,0,"",35,"Adult",16.9,"Co-dominant","Alive","","","",NA,NA,NA,NA,"Unknown (unable to see)",85,"N","N","Y","Yes",25,20,40,65,3,1.5,NA,NA,NA,NA,NA,"",NA,NA,"","",NA,"","",NA,NA,NA,"","",NA,"","","","upland","buckthorn, red cedar, elm, ash, butternut","None apparent","",3531,"collected by catherine","N",NA,"buckthorn","red cedar","elm","ash","butternut","","","",NA,0,0,0,0,1,0,0,1,1,1,0,0,0,0,0,0,0,0,0,0,1,0,0,0,0,0,0,0,"",""
"257",146,"kyliereroth@gmail.com","9/9/2025","ILM","BU","094","SonyHX90V",3507,44.88433,-73.328,0,"",43,"Adult",27.2,"Co-dominant","Alive","","","",NA,NA,NA,NA,"Unknown (unable to see)",70,"Y","N","Y","Yes",50,80,75,85,4,1.5,NA,NA,NA,NA,NA,"",NA,NA,"","",NA,"","",NA,NA,NA,"","",NA,"0","0","0","upland","elm, red cedar, shagbark hickory, butternut","None apparent","",3519,"collected by catherine","Y",NA,"elm","red cedar","hickory","butternut","","","","",NA,1,0,0,0,1,0,0,0,0,1,0,0,0,0,0,0,0,0,0,0,1,0,0,0,0,0,0,0,"",""
"258",147,"kyliereroth@gmail.com","9/9/2025","ILM","BU","095","SonyHX90V",3489,44.88446,-73.3281,0,"",42,"Adult",31.3,"Dominant","Alive","","","",NA,NA,NA,NA,"Unknown (unable to see)",75,"N","N","Y","Yes",30,15,12,30,2.5,2,NA,NA,NA,NA,NA,"",NA,NA,"","",NA,"","",NA,NA,NA,"","",NA,"","","","upland","ash, elm, white cedar, red cedar, hickory","None apparent","",3496,"collected by catherine","N",NA,"ash","elm","white cedar","red cedar","hickory","","","",NA,1,0,0,0,1,1,0,0,1,1,0,0,0,0,0,0,0,0,0,0,0,0,0,0,0,0,0,0,"",""
"259",148,"kyliereroth@gmail.com","9/9/2025","ILM","BU","096","SonyHX90V",3497,44.88438,-73.3281,0,"",41,"Adult",43,"Co-dominant","Alive","","","",NA,NA,NA,NA,"Unknown (unable to see)",100,"N","N","Y","Yes",15,40,35,40,3.5,1,NA,NA,NA,NA,NA,"",NA,NA,"","",NA,"","",NA,NA,NA,"","",NA,"","","","upland","shagbark hickory, red cedar, butternut","None apparent","",3506,"collected by catherine","N",NA,"hickory","red cedar","butternut","","","","","",NA,1,0,0,0,1,0,0,0,0,0,0,0,0,0,0,0,0,0,0,0,1,0,0,0,0,0,0,0,"",""
"260",149,"kyliereroth@gmail.com","9/9/2025","ILM","BU","098","SonyHX90V",3278,44.8832,-73.3263,1,"E",55,"Adult",32,"Co-dominant","Alive","","","",NA,NA,NA,NA,"Unknown (unable to see)",15,"N","Y","Y","Yes",55,30,25,50,2.5,4,NA,NA,NA,NA,NA,"",NA,NA,"","",NA,"","",NA,NA,NA,"","",NA,"","","","upland","butternut, basswood, red cedar, white cedar, maple, ash","None apparent","",3286,"collected by kylie","N",NA,"butternut","basswood","red cedar","white cedar","maple","ash","","",NA,0,0,0,0,1,1,0,0,1,0,0,1,0,0,0,0,0,0,1,0,1,0,0,0,0,0,0,0,"",""
"261",163,"kyliereroth@gmail.com","9/4/2025","ILM","BU","206a","SonyHX90V",1827,44.88284,-73.3313,0,"",41,"Adult",30.9,"Co-dominant","Alive","","","",NA,NA,NA,NA,"Unknown (unable to see)",90,"N","Y","Y","Yes",80,55,40,50,3.5,1.5,NA,NA,NA,NA,NA,"",NA,NA,"","",NA,"","",NA,NA,NA,"","",NA,"","","","upland","white cedar, butternut, ash, elderberry","Other","red cedar",1834,"more western/ further from trail, collected by catherine","N",NA,"white cedar","butternut","ash","elderberry","","","","",NA,0,0,0,0,0,1,0,0,1,0,0,0,0,0,1,0,0,0,0,0,1,0,0,0,0,0,0,0,"",""
"262",161,"kyliereroth@gmail.com","9/9/2025","ILM","BU","67a","SonyHX90V",3433,44.88477,-73.3275,0,"",41,"Adult",36.5,"Dominant","Alive","","","",NA,NA,NA,NA,"Unknown (unable to see)",80,"N","N","Y","Yes",40,60,40,50,3.5,2,NA,NA,NA,NA,NA,"",NA,NA,"","",NA,"","",NA,NA,NA,"","",NA,"","","","upland","elm, ash, white cedar, butternut, red cedar","None apparent","",3441,"collected by catherine","N",NA,"elm","ash","white cedar","butternut","red cedar","","","",NA,0,0,0,0,1,1,0,0,1,1,0,0,0,0,0,0,0,0,0,0,1,0,0,0,0,0,0,0,"",""
"263",162,"kyliereroth@gmail.com","9/9/2025","ILM","BU","67b","SonyHX90V",3442,44.88477,-73.3275,0,"",41,"Adult",25.5,"Intermediate","Alive","","","",NA,NA,NA,NA,"Unknown (unable to see)",90,"N","N","Y","Yes",35,70,65,60,4,1,NA,NA,NA,NA,NA,"",NA,NA,"","",NA,"","",NA,NA,NA,"","",NA,"","","","upland","elm, ash, white cedar, butternut, red cedar","None apparent","",3452,"collected by catherine","N",NA,"elm","ash","white cedar","butternut","red cedar","","","",NA,0,0,0,0,1,1,0,0,1,1,0,0,0,0,0,0,0,0,0,0,1,0,0,0,0,0,0,0,"",""
"264",160,"kyliereroth@gmail.com","9/4/2025","ILM","BU","NBL01","SonyHX90V",1758,44.88342,-73.334,1,"NE",36,"Adult",84,"NA - no canopy","Alive","","","",NA,NA,NA,NA,"Yes",15,"Y","N","Y","Yes",10,NA,5,1,1,3,NA,NA,NA,NA,NA,"",NA,NA,"","",NA,"","",NA,NA,NA,"Few - less than 50 seeds on the tree","5 or fewer",NA,"0","0","1","upland","malus","None apparent","",1769,"clay soil, around 100 years old, collected by kylie","Y",NA,"malus","","","","","","","",NA,0,0,0,0,0,0,1,0,0,0,0,0,0,0,0,0,0,0,0,0,0,0,0,0,0,0,0,0,"",""
