"H1"||"H"||1||0|||20|||||0|0|1|0|3|5|80|90|100|75|85|95|60|77.5|95|35|60|85|30|32.3|75||2.9|||4|||5.5|||10|||9.9||15|56.2|65|||||||5|11.5|18||||2|4|6||||1.1|1.25|1.4||||1.16|1.31|1.46||4.2333|9.1722|14.1111|0.13|0.17|0.2||||10.3|23.9|29.7|4.1|9.6|15.6|35|43|52|0|1.5|2.9|0|15|30|0|5|10|0|0|7|".37"|".37"|0|0|0|0|0|0|0|0|0|0|0|0|2.8|6.3|9.9|||||||5.6|6.7|7.8|||||||||||||||||||||||||||||||||"27658499"|"82717869"
"H2"||"H"||2||20|||71|||||0|1|1|0|3|5|55|90|95|50|85|90|40|62.5|85|25|52.5|70|30|32.3|75||2.9|||4|||5.5|||10|||9.9||15|56.2|65|||||||5|11.5|18||||0.5|1.25|2||||1.3|1.45|1.6||||1.37|1.52|1.67||4.2333|9.1722|14.1111|0.08|0.14|0.19||||6.4|21.6|26.8|2.2|7.5|12.4|23|38|45|0|1.5|2.9|0|15|30|0|5|10|0|0|5|".49"|".49"|0|4|10|0|0|0|0|0|0|0|0|0|2.7|6.2|9.8|||||||5.6|6.7|7.8|||||||||||||||||||||||||||||||||"27658499"|"82717867"
"H3"||"H"||3||71|||152|||||0|1|1|0|5|15|55|80|80|50|75|75|40|65|65|25|50|50|30|32.3|75||2.9|||4|||5.5|||10|||9.9||15|56.2|65|||||||5|11.5|18||||0|0.25|0.5||||1.7|1.78|1.95||||1.8|1.88|1.99||0.4233|0.9172|1.4111|0.08|0.1|0.12||||5.2|19.1|23.5|1.8|6.7|11.1|13|24|28|0|1.5|2.9|0|15|30|0|5|10|0|0|2|".64"|".64"|5|15|25|0|0|0|0|0|0|0|0|0|2.6|6.1|9.6|||||||7.4|7.9|8.4|||||||||||||||||||||||||||||||||"27658499"|"82717868"
"H1"||"H"||1||0|||20|||||0|0|0|0|3|5|80|87.5|95|75|82.5|90|50|67.5|85|40|60|80|25|27.1|70||2.2|||3.1|||4.4|||8.5|||8.9||15|54.4|65|||||||10|18.5|27||||3|6.5|10||||1.1|1.25|1.4||||1.16|1.31|1.46||4.2333|9.1722|14.1111|0.12|0.16|0.19||||13.3|27.7|33.7|7.2|15|23.4|34|42|50|0|1.5|2.9|30|35|40|5|10|15|0|4|12|".32"|".32"|0|0|0|0|0|0|0|0|0|0|0|0|5.5|10.2|14.9|||||||5.6|6.5|7.3|||||||||||||||||||||||||||||||||"27658500"|"82717870"
"H2"||"H"||2||20|||61|||||0|0|0|0|3|5|60|85|95|55|80|90|40|62.5|85|25|52.5|80|25|39.8|70||3.6|||5|||6.9|||12.5|||11.8||15|37.7|65|||||||18|22.5|27||||0.5|1.25|2||||1.2|1.35|1.5||||1.27|1.42|1.57||4.2333|9.1722|14.1111|0.09|0.14|0.18||||14.9|25.1|29.4|7.1|11.9|16.1|28|40|49|0|1.5|2.9|20|25|30|5|10|15|0|2|10|".37"|".37"|0|0|0|0|0|0|0|0|0|0|0|0|9.6|12.1|14.6|||||||6.1|7|7.8|||||||||||||||||||||||||||||||||"27658500"|"82717871"
"H3"||"H"||3||61|||152|||||0|0|0|5|8|10|40|75|75|35|65|70|25|45|65|15|37.5|60|25|39.8|70||3.6|||5|||6.9|||12.5|||11.8||15|37.7|65|||||||18|22.5|27||||0|0.25|0.5||||1.7|1.78|1.95||||1.82|1.9|2.01||0.4233|0.9172|1.4111|0.05|0.1|0.14||||9.8|19|22.8|5.2|11.3|15|10|21|25|0|1.5|2.9|20|25|30|5|10|15|0|0|6|".24"|".43"|0|0|0|0|0|0|0|0|0|0|0|0|9.1|11.8|14.3|||||||7.4|7.9|8.4|||||||||||||||||||||||||||||||||"27658500"|"82717872"
"H1"||"H"||1||0|||18|||||0|1|1|0|3|5|80|90|100|75|85|95|50|72.5|95|35|60|85|30|32.3|75||2.9|||4|||5.5|||10|||9.9||15|56.2|65|||||||5|11.5|18||||2|4|6||||1.3|1.45|1.6||||1.37|1.52|1.67||4.2333|9.1722|14.1111|0.13|0.17|0.2||||10.6|24.6|31.1|4.7|10.9|18|28|36|45|0|1.5|2.9|30|32.5|35|1|3|5|0|0|5|".37"|".37"|0|0|0|0|0|0|0|0|0|0|0|0|4.9|10.6|16.2|||||||5.6|6.5|7.3|||||||||||||||||||||||||||||||||"27658501"|"82717873"
"H2"||"H"||2||18|||58|||||0|1|1|0|3|5|55|90|95|50|85|90|35|62.5|90|20|50|80|30|32.3|75||2.9|||4|||5.5|||10|||9.9||15|56.2|65|||||||5|11.5|18||||0|0.5|1||||1.4|1.55|1.7||||1.48|1.63|1.71||4.2333|9.1722|14.1111|0.08|0.14|0.19||||5.6|20.9|26.3|1.9|7|11.8|20|35|42|0|1.5|2.9|20|22.5|25|1|3|5|0|0|2|".55"|".55"|0|0|0|0|0|0|0|0|0|0|0|0|4.1|9.8|15.1|||||||5.6|6.5|7.3|||||||||||||||||||||||||||||||||"27658501"|"82717874"
"H3"||"H"||3||58|||183|||||0|1|1|0|3|5|40|90|95|35|85|90|20|52.5|85|10|40|70|30|32.7|75||3|||4.1|||5.5|||10.1|||10||15|56.8|65|||||||3|10.5|18||||0|0.5|1||||1.7|1.78|1.85||||1.79|1.87|1.96||1.4111|7.7611|14.1111|0.07|0.13|0.19||||2.6|21|27.3|0.9|7.2|13.5|12|27|31|0|1.5|2.9|0|12.5|25|0|2.5|5|0|0|1|".55"|".55"|10|15|25|0|0|0|0|0|0|0|0|0|2.6|9|15.1|||||||6.6|7.5|8.4|||||||||||||||||||||||||||||||||"27658501"|"82717875"
"R"||"R"||||46|||71||||||||||||||||||||||||||||||||||||||||||||||||||||||||||||||||||||||||0.4233|2.3283|4.2333|||||||||||||||||||||||||||||||||0|0|0|0|0|0|0|0|0|||||||||||||||||||||||||||||||||||||||||||||"27658502"|"82717878"
"H1"||"H"||1||0|||13|||||0|1|1|5|10|20|90|95|100|85|90|95|70|82.5|95|50|70|90|25|26.5|50||2.1|||3|||4.3|||8.3|||8.8||30|53.5|65|||||||10|20|30||||2|4|6||||1.3|1.4|1.5||||1.37|1.47|1.54||4.2333|9.1722|14.1111|0.17|0.19|0.21||||12.4|27.1|33.3|6.6|14.5|22.9|31|37|43|0|1.5|2.9|20|30|40|0|9|18|0|4|17|".32"|".32"|0|0|0|0|0|0|0|0|0|0|0|0|5.5|11|16.4|||||||5.6|6.7|7.8|||||||||||||||||||||||||||||||||"27658502"|"82717876"
"H2"||"H"||2||13|||46|||||0|3|5|15|33|50|40|62.5|85|35|57.5|80|30|55|80|20|47.5|75|0|26.5|50||2.1|||3|||4.3|||8.3|||8.8||30|53.5|65|||||||10|20|30||||0.5|1.25|2||||1.4|1.55|1.7||||1.54|1.69|1.84||4.2333|9.1722|14.1111|0.06|0.11|0.16||||3.5|14.5|26.4|1.7|7.1|16.7||19|34|0|1.5|2.9|20|30|40|0|9|18|0|1|12|".15"|".49"|0|0|0|0|0|0|0|0|0|0|0|0|5.4|10.8|16.2|||||||6.1|7|7.8|||||||||||||||||||||||||||||||||"27658502"|"82717877"
"H1"||"H"||1||0|||23|||||0|0|0|0|0|0|80|90|100|75|87.5|100|50|72.5|95|50|70|90|20|22.4|70||1.9|||2.5|||2.3|||6.8|||8.9||10|55.1|65|||||||15|22.5|30||||5|12.5|20||||1.1|1.25|1.4||||1.16|1.31|1.46||1.4111|7.7611|14.1111|0.15|0.19|0.23||||16.3|33.6|40.9|11.6|23.9|37|32|40|49|0|1.5|2.9|35|40|45|5|10|15|0|7|16|".28"|".28"|0|0|0|0|0|0|0|0|0|0|0|0|8.3|12.5|16.7|||||||5.6|6.5|7.3|||||||||||||||||||||||||||||||||"27658503"|"82717879"
"H2"||"H"||2||23|||91|||||0|0|0|0|3|5|60|90|95|55|80|90|45|65|85|25|52.5|80|20|38.5|70||3.4|||4.9|||6.7|||12.1|||11.4||10|36.5|65|||||||18|25|32||||1|3|5||||1.2|1.35|1.5||||1.27|1.42|1.57||1.4111|7.7611|14.1111|0.08|0.13|0.18||||13.6|27.2|32.8|7.5|14.9|21.9|27|39|48|0|1.5|2.9|20|27.5|35|5|10|15|0|2|11|".28"|".28"|0|0|0|0|0|0|0|0|0|0|0|0|9.7|13.6|17.5|||||||6.1|7|7.8|||||||||||||||||||||||||||||||||"27658503"|"82717880"
"H3"||"H"||3||91|||152|||||0|0|0|5|5|10|35|90|95|30|85|90|25|55|85|15|47.5|80|20|66.9|70||0|||2.4|||14.4|||33.5|||16.6||10|14.1|65|||||||18|19|32||||0|0.5|1||||1.7|1.78|1.95||||1.79|1.87|1.97||0|0.7056|1.4111|0.06|0.11|0.15||||7.8|20.9|27.7|5.1|13.8|24.4||27|30|0|1.5|2.9|20|27.5|35|5|10|15|0|1|11|".28"|".28"|0|0|0|0|0|0|0|0|0|0|0|0|9.1|10.1|17.1|||||||7.4|7.9|8.4|||||||||||||||||||||||||||||||||"27658503"|"82717881"
"H1"||"H"||1||0|||20|||||0|0|1|0|3|5|80|90|100|75|85|95|60|77.5|95|35|60|85|30|32.3|75||2.9|||4|||5.5|||10|||9.9||15|56.2|65|||||||5|11.5|18||||2|4|6||||1.1|1.25|1.4||||1.16|1.31|1.46||4.2333|9.1722|14.1111|0.13|0.17|0.2||||10.3|23.9|29.7|4.1|9.6|15.6|35|43|52|0|1.5|2.9|0|15|30|0|5|10|0|0|7|".37"|".37"|0|0|0|0|0|0|0|0|0|0|0|0|2.8|6.3|9.9|||||||5.6|6.7|7.8|||||||||||||||||||||||||||||||||"27658504"|"82717882"
"H2"||"H"||2||20|||71|||||0|1|1|0|3|5|55|90|95|50|85|90|40|62.5|85|25|52.5|70|30|32.3|75||2.9|||4|||5.5|||10|||9.9||15|56.2|65|||||||5|11.5|18||||0.5|1.25|2||||1.3|1.45|1.6||||1.37|1.52|1.67||4.2333|9.1722|14.1111|0.08|0.14|0.19||||6.4|21.6|26.8|2.2|7.5|12.4|23|38|45|0|1.5|2.9|0|15|30|0|5|10|0|0|5|".49"|".49"|0|4|10|0|0|0|0|0|0|0|0|0|2.7|6.2|9.8|||||||5.6|6.7|7.8|||||||||||||||||||||||||||||||||"27658504"|"82717883"
"H3"||"H"||3||71|||152|||||0|1|1|0|8|15|55|80|80|50|75|75|40|65|65|25|50|50|30|32.3|75||2.9|||4|||5.5|||10|||9.9||15|56.2|65|||||||5|11.5|18||||0|0.25|0.5||||1.7|1.78|1.95||||1.81|1.89|1.99||0.4233|0.9172|1.4111|0.08|0.1|0.12||||5.2|18.6|23.5|1.8|6.6|11.1|13|24|28|0|1.5|2.9|0|15|30|0|5|10|0|0|2|".64"|".64"|5|15|25|0|0|0|0|0|0|0|0|0|2.6|6.1|9.6|||||||7.4|7.9|8.4|||||||||||||||||||||||||||||||||"27658504"|"82717884"
"H1"||"H"||1||0|||20|||||0|0|0|0|3|5|80|87.5|95|75|82.5|90|50|67.5|85|40|60|80|25|27.1|70||2.2|||3.1|||4.4|||8.5|||8.9||15|54.4|65|||||||10|18.5|27||||3|6.5|10||||1.1|1.25|1.4||||1.16|1.31|1.46||4.2333|9.1722|14.1111|0.12|0.16|0.19||||13.3|27.7|33.7|7.2|15|23.4|34|42|50|0|1.5|2.9|30|35|40|5|10|15|0|4|12|".32"|".32"|0|0|0|0|0|0|0|0|0|0|0|0|5.5|10.2|14.9|||||||5.6|6.5|7.3|||||||||||||||||||||||||||||||||"27658505"|"82717885"
"H2"||"H"||2||20|||61|||||0|0|0|0|3|5|60|85|95|55|80|90|40|62.5|85|25|52.5|80|25|39.8|70||3.6|||5|||6.9|||12.5|||11.8||15|37.7|65|||||||18|22.5|27||||0.5|1.25|2||||1.2|1.35|1.5||||1.27|1.42|1.57||4.2333|9.1722|14.1111|0.09|0.14|0.18||||14.9|25.1|29.4|7.1|11.9|16.1|28|40|49|0|1.5|2.9|20|25|30|5|10|15|0|2|10|".37"|".37"|0|0|0|0|0|0|0|0|0|0|0|0|9.6|12.1|14.6|||||||6.1|7|7.8|||||||||||||||||||||||||||||||||"27658505"|"82717886"
"H3"||"H"||3||61|||152|||||0|0|0|5|8|10|40|75|75|35|65|70|25|45|65|15|37.5|60|25|39.8|70||3.6|||5|||6.9|||12.5|||11.8||15|37.7|65|||||||18|22.5|27||||0|0.25|0.5||||1.7|1.78|1.95||||1.82|1.9|2.01||0.4233|0.9172|1.4111|0.05|0.1|0.14||||9.8|19|22.8|5.2|11.3|15|10|21|25|0|1.5|2.9|20|25|30|5|10|15|0|0|6|".24"|".43"|0|0|0|0|0|0|0|0|0|0|0|0|9.1|11.8|14.3|||||||7.4|7.9|8.4|||||||||||||||||||||||||||||||||"27658505"|"82717887"
"H1"||"H"||1||0|||18|||||0|1|1|0|3|5|80|90|100|75|85|95|50|72.5|95|35|60|85|30|32.3|75||2.9|||4|||5.5|||10|||9.9||15|56.2|65|||||||5|11.5|18||||2|4|6||||1.3|1.45|1.6||||1.37|1.52|1.67||4.2333|9.1722|14.1111|0.13|0.17|0.2||||10.6|24.6|31.1|4.7|10.9|18|28|36|45|0|1.5|2.9|30|32.5|35|1|3|5|0|0|5|".37"|".37"|0|0|0|0|0|0|0|0|0|0|0|0|4.9|10.6|16.2|||||||5.6|6.5|7.3|||||||||||||||||||||||||||||||||"27658506"|"82717888"
"H2"||"H"||2||18|||58|||||0|1|1|0|3|5|55|90|95|50|85|90|35|62.5|90|20|50|80|30|32.3|75||2.9|||4|||5.5|||10|||9.9||15|56.2|65|||||||5|11.5|18||||0|0.5|1||||1.4|1.55|1.7||||1.48|1.63|1.71||4.2333|9.1722|14.1111|0.08|0.14|0.19||||5.6|20.9|26.3|1.9|7|11.8|20|35|42|0|1.5|2.9|20|22.5|25|1|3|5|0|0|2|".55"|".55"|0|0|0|0|0|0|0|0|0|0|0|0|4.1|9.8|15.1|||||||5.6|6.5|7.3|||||||||||||||||||||||||||||||||"27658506"|"82717889"
"H3"||"H"||3||58|||183|||||0|1|1|0|3|5|40|90|95|35|85|90|20|52.5|85|10|40|70|30|32.7|75||3|||4.1|||5.5|||10.1|||10||15|56.8|65|||||||3|10.5|18||||0|0.5|1||||1.7|1.78|1.85||||1.79|1.87|1.96||1.4111|7.7611|14.1111|0.07|0.13|0.19||||2.6|21|27.3|0.9|7.2|13.5|12|27|31|0|1.5|2.9|0|12.5|25|0|2.5|5|0|0|1|".55"|".55"|10|15|25|0|0|0|0|0|0|0|0|0|2.6|9|15.1|||||||6.6|7.5|8.4|||||||||||||||||||||||||||||||||"27658506"|"82717890"
"R"||"R"||||46|||71||||||||||||||||||||||||||||||||||||||||||||||||||||||||||||||||||||||||0.4233|2.3283|4.2333|||||||||||||||||||||||||||||||||0|0|0|0|0|0|0|0|0|||||||||||||||||||||||||||||||||||||||||||||"27658507"|"82717893"
"H1"||"H"||1||0|||13|||||0|1|1|5|10|20|90|95|100|85|90|95|70|82.5|95|50|70|90|25|26.5|50||2.1|||3|||4.3|||8.3|||8.8||30|53.5|65|||||||10|20|30||||2|4|6||||1.3|1.4|1.5||||1.37|1.47|1.54||4.2333|9.1722|14.1111|0.17|0.19|0.21||||12.4|27.1|33.3|6.6|14.5|22.9|31|37|43|0|1.5|2.9|20|30|40|0|9|18|0|4|17|".32"|".32"|0|0|0|0|0|0|0|0|0|0|0|0|5.5|11|16.4|||||||5.6|6.7|7.8|||||||||||||||||||||||||||||||||"27658507"|"82717891"
"H2"||"H"||2||13|||46|||||0|3|5|15|33|50|40|62.5|85|35|57.5|80|30|55|80|20|47.5|75|0|26.5|50||2.1|||3|||4.3|||8.3|||8.8||30|53.5|65|||||||10|20|30||||0.5|1.25|2||||1.4|1.55|1.7||||1.54|1.69|1.84||4.2333|9.1722|14.1111|0.06|0.11|0.16||||3.5|14.5|26.4|1.7|7.1|16.7||19|34|0|1.5|2.9|20|30|40|0|9|18|0|1|12|".15"|".49"|0|0|0|0|0|0|0|0|0|0|0|0|5.4|10.8|16.2|||||||6.1|7|7.8|||||||||||||||||||||||||||||||||"27658507"|"82717892"
"H1"||"H"||1||0|||23|||||0|0|0|0|0|0|80|90|100|75|87.5|100|50|72.5|95|50|70|90|20|22.4|70||1.9|||2.5|||2.3|||6.8|||8.9||10|55.1|65|||||||15|22.5|30||||5|12.5|20||||1.1|1.25|1.4||||1.16|1.31|1.46||1.4111|7.7611|14.1111|0.15|0.19|0.23||||16.3|33.6|40.9|11.6|23.9|37|32|40|49|0|1.5|2.9|35|40|45|5|10|15|0|7|16|".28"|".28"|0|0|0|0|0|0|0|0|0|0|0|0|8.3|12.5|16.7|||||||5.6|6.5|7.3|||||||||||||||||||||||||||||||||"27658508"|"82717894"
"H2"||"H"||2||23|||91|||||0|0|0|0|3|5|60|90|95|55|80|90|45|65|85|25|52.5|80|20|38.5|70||3.4|||4.9|||6.7|||12.1|||11.4||10|36.5|65|||||||18|25|32||||1|3|5||||1.2|1.35|1.5||||1.27|1.42|1.57||1.4111|7.7611|14.1111|0.08|0.13|0.18||||13.6|27.2|32.8|7.5|14.9|21.9|27|39|48|0|1.5|2.9|20|27.5|35|5|10|15|0|2|11|".28"|".28"|0|0|0|0|0|0|0|0|0|0|0|0|9.7|13.6|17.5|||||||6.1|7|7.8|||||||||||||||||||||||||||||||||"27658508"|"82717895"
"H3"||"H"||3||91|||152|||||0|0|0|5|5|10|35|90|95|30|85|90|25|55|85|15|47.5|80|20|66.9|70||0|||2.4|||14.4|||33.5|||16.6||10|14.1|65|||||||18|19|32||||0|0.5|1||||1.7|1.78|1.95||||1.79|1.87|1.97||0|0.7056|1.4111|0.06|0.11|0.15||||7.8|20.9|27.7|5.1|13.8|24.4||27|30|0|1.5|2.9|20|27.5|35|5|10|15|0|1|11|".28"|".28"|0|0|0|0|0|0|0|0|0|0|0|0|9.1|10.1|17.1|||||||7.4|7.9|8.4|||||||||||||||||||||||||||||||||"27658508"|"82717896"
"H1"||"H"||1||0|||20|||||0|0|1|0|3|5|80|90|100|75|85|95|60|77.5|95|35|60|85|30|32.3|75||2.9|||4|||5.5|||10|||9.9||15|56.2|65|||||||5|11.5|18||||2|4|6||||1.1|1.25|1.4||||1.16|1.31|1.46||4.2333|9.1722|14.1111|0.13|0.17|0.2||||10.3|23.9|29.7|4.1|9.6|15.6|35|43|52|0|1.5|2.9|0|15|30|0|5|10|0|0|7|".37"|".37"|0|0|0|0|0|0|0|0|0|0|0|0|2.8|6.3|9.9|||||||5.6|6.7|7.8|||||||||||||||||||||||||||||||||"27658640"|"82718276"
"H2"||"H"||2||20|||71|||||0|1|1|0|3|5|55|90|95|50|85|90|40|62.5|85|25|52.5|70|30|32.3|75||2.9|||4|||5.5|||10|||9.9||15|56.2|65|||||||5|11.5|18||||0.5|1.25|2||||1.3|1.45|1.6||||1.37|1.52|1.67||4.2333|9.1722|14.1111|0.08|0.14|0.19||||6.4|21.6|26.8|2.2|7.5|12.4|23|38|45|0|1.5|2.9|0|15|30|0|5|10|0|0|5|".49"|".49"|0|4|10|0|0|0|0|0|0|0|0|0|2.7|6.2|9.8|||||||5.6|6.7|7.8|||||||||||||||||||||||||||||||||"27658640"|"82718277"
"H3"||"H"||3||71|||152|||||0|1|1|0|8|15|55|80|80|50|75|75|40|65|65|25|50|50|30|32.3|75||2.9|||4|||5.5|||10|||9.9||15|56.2|65|||||||5|11.5|18||||0|0.25|0.5||||1.7|1.78|1.95||||1.81|1.89|1.99||0.4233|0.9172|1.4111|0.08|0.1|0.12||||5.2|18.6|23.5|1.8|6.6|11.1|13|24|28|0|1.5|2.9|0|15|30|0|5|10|0|0|2|".64"|".64"|5|15|25|0|0|0|0|0|0|0|0|0|2.6|6.1|9.6|||||||7.4|7.9|8.4|||||||||||||||||||||||||||||||||"27658640"|"82718278"
"H1"||"H"||1||0|||20|||||0|0|0|0|3|5|80|87.5|95|75|82.5|90|50|67.5|85|40|60|80|25|27.1|70||2.2|||3.1|||4.4|||8.5|||8.9||15|54.4|65|||||||10|18.5|27||||3|6.5|10||||1.1|1.25|1.4||||1.16|1.31|1.46||4.2333|9.1722|14.1111|0.12|0.16|0.19||||13.3|27.7|33.7|7.2|15|23.4|34|42|50|0|1.5|2.9|30|35|40|5|10|15|0|4|12|".32"|".32"|0|0|0|0|0|0|0|0|0|0|0|0|5.5|10.2|14.9|||||||5.6|6.5|7.3|||||||||||||||||||||||||||||||||"27658641"|"82718280"
"H2"||"H"||2||20|||61|||||0|0|0|0|3|5|60|85|95|55|80|90|40|62.5|85|25|52.5|80|25|39.8|70||3.6|||5|||6.9|||12.5|||11.8||15|37.7|65|||||||18|22.5|27||||0.5|1.25|2||||1.2|1.35|1.5||||1.27|1.42|1.57||4.2333|9.1722|14.1111|0.09|0.14|0.18||||14.9|25.1|29.4|7.1|11.9|16.1|28|40|49|0|1.5|2.9|20|25|30|5|10|15|0|2|10|".37"|".37"|0|0|0|0|0|0|0|0|0|0|0|0|9.6|12.1|14.6|||||||6.1|7|7.8|||||||||||||||||||||||||||||||||"27658641"|"82718281"
"H3"||"H"||3||61|||152|||||0|0|0|5|8|10|40|75|75|35|65|70|25|45|65|15|37.5|60|25|39.8|70||3.6|||5|||6.9|||12.5|||11.8||15|37.7|65|||||||18|22.5|27||||0|0.25|0.5||||1.7|1.78|1.95||||1.82|1.9|2.01||0.4233|0.9172|1.4111|0.05|0.1|0.14||||9.8|19|22.8|5.2|11.3|15|10|21|25|0|1.5|2.9|20|25|30|5|10|15|0|0|6|".24"|".43"|0|0|0|0|0|0|0|0|0|0|0|0|9.1|11.8|14.3|||||||7.4|7.9|8.4|||||||||||||||||||||||||||||||||"27658641"|"82718279"
"H1"||"H"||1||0|||18|||||0|1|1|0|3|5|80|90|100|75|85|95|50|72.5|95|35|60|85|30|32.3|75||2.9|||4|||5.5|||10|||9.9||15|56.2|65|||||||5|11.5|18||||2|4|6||||1.3|1.45|1.6||||1.37|1.52|1.67||4.2333|9.1722|14.1111|0.13|0.17|0.2||||10.6|24.6|31.1|4.7|10.9|18|28|36|45|0|1.5|2.9|30|32.5|35|1|3|5|0|0|5|".37"|".37"|0|0|0|0|0|0|0|0|0|0|0|0|4.9|10.6|16.2|||||||5.6|6.5|7.3|||||||||||||||||||||||||||||||||"27658642"|"82718282"
"H2"||"H"||2||18|||58|||||0|1|1|0|3|5|55|90|95|50|85|90|35|62.5|90|20|50|80|30|32.3|75||2.9|||4|||5.5|||10|||9.9||15|56.2|65|||||||5|11.5|18||||0|0.5|1||||1.4|1.55|1.7||||1.48|1.63|1.71||4.2333|9.1722|14.1111|0.08|0.14|0.19||||5.6|20.9|26.3|1.9|7|11.8|20|35|42|0|1.5|2.9|20|22.5|25|1|3|5|0|0|2|".55"|".55"|0|0|0|0|0|0|0|0|0|0|0|0|4.1|9.8|15.1|||||||5.6|6.5|7.3|||||||||||||||||||||||||||||||||"27658642"|"82718283"
"H3"||"H"||3||58|||183|||||0|1|1|0|3|5|40|90|95|35|85|90|20|52.5|85|10|40|70|30|32.7|75||3|||4.1|||5.5|||10.1|||10||15|56.8|65|||||||3|10.5|18||||0|0.5|1||||1.7|1.78|1.85||||1.79|1.87|1.96||1.4111|7.7611|14.1111|0.07|0.13|0.19||||2.6|21|27.3|0.9|7.2|13.5|12|27|31|0|1.5|2.9|0|12.5|25|0|2.5|5|0|0|1|".55"|".55"|10|15|25|0|0|0|0|0|0|0|0|0|2.6|9|15.1|||||||6.6|7.5|8.4|||||||||||||||||||||||||||||||||"27658642"|"82718284"
"R"||"R"||||46|||71||||||||||||||||||||||||||||||||||||||||||||||||||||||||||||||||||||||||0.4233|2.3283|4.2333|||||||||||||||||||||||||||||||||0|0|0|0|0|0|0|0|0|||||||||||||||||||||||||||||||||||||||||||||"27658643"|"82718287"
"H1"||"H"||1||0|||13|||||0|1|1|5|10|20|90|95|100|85|90|95|70|82.5|95|50|70|90|25|26.5|50||2.1|||3|||4.3|||8.3|||8.8||30|53.5|65|||||||10|20|30||||2|4|6||||1.3|1.4|1.5||||1.37|1.47|1.54||4.2333|9.1722|14.1111|0.17|0.19|0.21||||12.4|27.1|33.3|6.6|14.5|22.9|31|37|43|0|1.5|2.9|20|30|40|0|9|18|0|4|17|".32"|".32"|0|0|0|0|0|0|0|0|0|0|0|0|5.5|11|16.4|||||||5.6|6.7|7.8|||||||||||||||||||||||||||||||||"27658643"|"82718285"
"H2"||"H"||2||13|||46|||||0|3|5|15|33|50|40|62.5|85|35|57.5|80|30|55|80|20|47.5|75|0|26.5|50||2.1|||3|||4.3|||8.3|||8.8||30|53.5|65|||||||10|20|30||||0.5|1.25|2||||1.4|1.55|1.7||||1.54|1.69|1.84||4.2333|9.1722|14.1111|0.06|0.11|0.16||||3.5|14.5|26.4|1.7|7.1|16.7||19|34|0|1.5|2.9|20|30|40|0|9|18|0|1|12|".15"|".49"|0|0|0|0|0|0|0|0|0|0|0|0|5.4|10.8|16.2|||||||6.1|7|7.8|||||||||||||||||||||||||||||||||"27658643"|"82718286"
"H1"||"H"||1||0|||23|||||0|0|0|0|0|0|80|90|100|75|87.5|100|50|72.5|95|50|70|90|20|22.4|70||1.9|||2.5|||2.3|||6.8|||8.9||10|55.1|65|||||||15|22.5|30||||5|12.5|20||||1.1|1.25|1.4||||1.16|1.31|1.46||1.4111|7.7611|14.1111|0.15|0.19|0.23||||16.3|33.6|40.9|11.6|23.9|37|32|40|49|0|1.5|2.9|35|40|45|5|10|15|0|7|16|".28"|".28"|0|0|0|0|0|0|0|0|0|0|0|0|8.3|12.5|16.7|||||||5.6|6.5|7.3|||||||||||||||||||||||||||||||||"27658644"|"82718288"
"H2"||"H"||2||23|||91|||||0|0|0|0|3|5|60|90|95|55|80|90|45|65|85|25|52.5|80|20|38.5|70||3.4|||4.9|||6.7|||12.1|||11.4||10|36.5|65|||||||18|25|32||||1|3|5||||1.2|1.35|1.5||||1.27|1.42|1.57||1.4111|7.7611|14.1111|0.08|0.13|0.18||||13.6|27.2|32.8|7.5|14.9|21.9|27|39|48|0|1.5|2.9|20|27.5|35|5|10|15|0|2|11|".28"|".28"|0|0|0|0|0|0|0|0|0|0|0|0|9.7|13.6|17.5|||||||6.1|7|7.8|||||||||||||||||||||||||||||||||"27658644"|"82718289"
"H3"||"H"||3||91|||152|||||0|0|0|5|5|10|35|90|95|30|85|90|25|55|85|15|47.5|80|20|66.9|70||0|||2.4|||14.4|||33.5|||16.6||10|14.1|65|||||||18|19|32||||0|0.5|1||||1.7|1.78|1.95||||1.79|1.87|1.97||0|0.7056|1.4111|0.06|0.11|0.15||||7.8|20.9|27.7|5.1|13.8|24.4||27|30|0|1.5|2.9|20|27.5|35|5|10|15|0|1|11|".28"|".28"|0|0|0|0|0|0|0|0|0|0|0|0|9.1|10.1|17.1|||||||7.4|7.9|8.4|||||||||||||||||||||||||||||||||"27658644"|"82718290"
"H1"||"H"||1||0|||20|||||1|1|5|5|5|10|80|90|100|75|85|95|60|77.5|95|35|60|85|30|32.3|75||2.9|||4|||5.5|||10|||9.9||15|56.2|65|||||||5|11.5|18||||2|4|6||||1.1|1.25|1.4||||1.16|1.31|1.46||4.2333|9.1722|14.1111|0.09|0.13|0.16||||9.7|23.5|28.8|3.9|9.4|15.1|33|43|51|0|1.5|2.9|0|15|30|0|5|10|0|0|7|".37"|".37"|0|0|0|0|0|0|0|0|0|0|0|0|2.8|6.3|9.9|||||||5.6|6.7|7.8|||||||||||||||||||||||||||||||||"27658645"|"82718291"
"H2"||"H"||2||20|||71|||||0|1|1|0|3|5|55|90|95|50|85|90|40|62.5|85|25|52.5|70|30|32.3|75||2.9|||4|||5.5|||10|||9.9||15|56.2|65|||||||5|11.5|18||||0.5|1.25|2||||1.3|1.45|1.6||||1.37|1.52|1.67||4.2333|9.1722|14.1111|0.08|0.14|0.19||||6.4|21.6|26.8|2.2|7.5|12.4|23|38|45|0|1.5|2.9|0|15|30|0|5|10|0|0|5|".49"|".49"|0|4|10|0|0|0|0|0|0|0|0|0|2.7|6.2|9.8|||||||5.6|6.7|7.8|||||||||||||||||||||||||||||||||"27658645"|"82718292"
"H3"||"H"||3||71|||152|||||0|1|1|0|8|15|55|80|80|50|75|75|40|65|65|25|50|50|30|32.3|75||2.9|||4|||5.5|||10|||9.9||15|56.2|65|||||||5|11.5|18||||0|0.25|0.5||||1.7|1.78|1.95||||1.81|1.89|1.99||0.4233|0.9172|1.4111|0.08|0.1|0.12||||5.2|18.6|23.5|1.8|6.6|11.1|13|24|28|0|1.5|2.9|0|15|30|0|5|10|0|0|2|".64"|".64"|5|15|25|0|0|0|0|0|0|0|0|0|2.6|6.1|9.6|||||||7.4|7.9|8.4|||||||||||||||||||||||||||||||||"27658645"|"82718293"
"H1"||"H"||1||0|||20|||||1|1|5|5|5|10|80|90|95|75|85|90|50|67.5|85|40|60|80|25|27.1|70||2.2|||3.1|||4.4|||8.5|||8.9||15|54.4|65|||||||10|18.5|27||||3|6.5|10||||1.1|1.25|1.4||||1.16|1.31|1.46||4.2333|9.1722|14.1111|0.1|0.13|0.16||||12.5|27.7|32.6|6.8|15|22.7|32|41|48|0|1.5|2.9|30|35|40|5|10|15|0|4|12|".32"|".32"|0|0|0|0|0|0|0|0|0|0|0|0|5.5|10.2|14.9|||||||5.6|6.5|7.3|||||||||||||||||||||||||||||||||"27658646"|"82718294"
"H2"||"H"||2||20|||61|||||0|0|0|0|3|5|60|85|95|55|80|90|40|62.5|85|25|52.5|80|25|39.8|70||3.6|||5|||6.9|||12.5|||11.8||15|37.7|65|||||||18|22.5|27||||0.5|1.25|2||||1.2|1.35|1.5||||1.27|1.42|1.57||4.2333|9.1722|14.1111|0.09|0.14|0.18||||14.9|25.1|29.4|7.1|11.9|16.1|28|40|49|0|1.5|2.9|20|25|30|5|10|15|0|2|10|".37"|".37"|0|0|0|0|0|0|0|0|0|0|0|0|9.6|12.1|14.6|||||||6.1|7|7.8|||||||||||||||||||||||||||||||||"27658646"|"82718295"
"H3"||"H"||3||61|||152|||||0|0|0|5|8|10|40|75|75|35|65|70|25|45|65|15|37.5|60|25|39.8|70||3.6|||5|||6.9|||12.5|||11.8||15|37.7|65|||||||18|22.5|27||||0|0.25|0.5||||1.7|1.78|1.95||||1.82|1.9|2.01||0.4233|0.9172|1.4111|0.09|0.12|0.14||||9.8|19|22.8|5.2|11.3|15|10|21|25|0|1.5|2.9|20|25|30|5|10|15|0|0|6|".24"|".43"|0|0|0|0|0|0|0|0|0|0|0|0|9.1|11.8|14.3|||||||7.4|7.9|8.4|||||||||||||||||||||||||||||||||"27658646"|"82718296"
"H1"||"H"||1||0|||18|||||0|1|1|0|3|5|80|90|100|75|85|95|50|72.5|95|35|60|85|30|32.3|75||2.9|||4|||5.5|||10|||9.9||15|56.2|65|||||||5|11.5|18||||2|4|6||||1.3|1.45|1.6||||1.37|1.52|1.67||4.2333|9.1722|14.1111|0.1|0.15|0.19||||10.6|24.6|31.1|4.7|10.9|18|28|36|45|0|1.5|2.9|30|32.5|35|1|3|5|0|0|5|".37"|".37"|0|0|0|0|0|0|0|0|0|0|0|0|4.9|10.6|16.2|||||||5.6|6.5|7.3|||||||||||||||||||||||||||||||||"27658647"|"82718299"
"H2"||"H"||2||18|||58|||||0|1|1|0|3|5|55|90|95|50|85|90|35|62.5|90|20|50|80|30|32.3|75||2.9|||4|||5.5|||10|||9.9||15|56.2|65|||||||5|11.5|18||||0|0.5|1||||1.4|1.55|1.7||||1.48|1.63|1.71||4.2333|9.1722|14.1111|0.08|0.14|0.19||||5.6|20.9|26.3|1.9|7|11.8|20|35|42|0|1.5|2.9|20|22.5|25|1|3|5|0|0|2|".55"|".55"|0|0|0|0|0|0|0|0|0|0|0|0|4.1|9.8|15.1|||||||5.6|6.5|7.3|||||||||||||||||||||||||||||||||"27658647"|"82718297"
"H3"||"H"||3||58|||183|||||0|1|1|0|3|5|40|90|95|35|85|90|20|52.5|85|10|40|70|30|32.7|75||3|||4.1|||5.5|||10.1|||10||15|56.8|65|||||||3|10.5|18||||0|0.5|1||||1.7|1.78|1.85||||1.79|1.87|1.96||1.4111|7.7611|14.1111|0.07|0.13|0.19||||2.6|21|27.3|0.9|7.2|13.5|12|27|31|0|1.5|2.9|0|12.5|25|0|2.5|5|0|0|1|".55"|".55"|10|15|25|0|0|0|0|0|0|0|0|0|2.6|9|15.1|||||||6.6|7.5|8.4|||||||||||||||||||||||||||||||||"27658647"|"82718298"
"R"||"R"||||46|||71||||||||||||||||||||||||||||||||||||||||||||||||||||||||||||||||||||||||0.4233|2.3283|4.2333|||||||||||||||||||||||||||||||||0|0|0|0|0|0|0|0|0|||||||||||||||||||||||||||||||||||||||||||||"27658648"|"82718302"
"H1"||"H"||1||0|||13|||||0|1|1|5|10|20|90|95|100|85|90|95|70|82.5|95|50|70|90|25|26.5|50||2.1|||3|||4.3|||8.3|||8.8||30|53.5|65|||||||10|20|30||||2|4|6||||1.3|1.4|1.5||||1.37|1.47|1.54||4.2333|9.1722|14.1111|0.17|0.19|0.21||||12.4|27.1|33.3|6.6|14.5|22.9|31|37|43|0|1.5|2.9|20|30|40|0|9|18|0|4|17|".32"|".32"|0|0|0|0|0|0|0|0|0|0|0|0|5.5|11|16.4|||||||5.6|6.7|7.8|||||||||||||||||||||||||||||||||"27658648"|"82718300"
"H2"||"H"||2||13|||46|||||0|3|5|15|33|50|40|62.5|85|35|57.5|80|30|55|80|20|47.5|75|0|26.5|50||2.1|||3|||4.3|||8.3|||8.8||30|53.5|65|||||||10|20|30||||0.5|1.25|2||||1.4|1.55|1.7||||1.54|1.69|1.84||4.2333|9.1722|14.1111|0.06|0.11|0.16||||3.5|14.5|26.4|1.7|7.1|16.7||19|34|0|1.5|2.9|20|30|40|0|9|18|0|1|12|".15"|".49"|0|0|0|0|0|0|0|0|0|0|0|0|5.4|10.8|16.2|||||||6.1|7|7.8|||||||||||||||||||||||||||||||||"27658648"|"82718301"
"H1"||"H"||1||0|||23|||||1|2|5|5|5|10|80|90|100|75|85|100|50|72.5|95|50|70|90|20|22.4|70||1.9|||2.5|||2.3|||6.8|||8.9||10|55.1|65|||||||15|22.5|30||||1|2.5|4||||1.1|1.25|1.4||||1.16|1.31|1.46||1.4111|7.7611|14.1111|0.11|0.14|0.16||||14.1|25.9|31.6|6.8|12.5|18.8|34|43|53|0|1.5|2.9|35|40|45|5|10|15|0|7|16|".32"|".32"|0|0|0|0|0|0|0|0|0|0|0|0|8.1|12.2|16.3|||||||5.6|6.5|7.3|||||||||||||||||||||||||||||||||"27658649"|"82718303"
"H2"||"H"||2||23|||91|||||0|0|0|0|3|5|60|90|95|55|80|90|45|65|85|25|52.5|80|20|39.5|70||3.5|||5|||6.9|||12.4|||11.7||10|37.5|65|||||||18|23|28||||0.5|1.25|2||||1.2|1.35|1.5||||1.27|1.42|1.57||1.4111|7.7611|14.1111|0.08|0.13|0.18||||14.7|25.3|29.7|7.1|12.2|16.6|28|40|49|0|1.5|2.9|20|27.5|35|5|10|15|0|2|11|".32"|".32"|0|0|0|0|0|0|0|0|0|0|0|0|9.6|12.4|15.1|||||||6.1|7|7.8|||||||||||||||||||||||||||||||||"27658649"|"82718304"
"H3"||"H"||3||91|||152|||||0|0|0|5|5|10|35|90|95|30|85|90|25|55|85|15|47.5|80|20|66.9|70||0|||2.4|||14.4|||33.5|||16.6||10|14.1|65|||||||18|19|28||||0|0.25|0.5||||1.7|1.78|1.95||||1.79|1.87|1.97||0|0.7056|1.4111|0.06|0.11|0.15||||7.9|20.7|25.8|5.1|13.5|20.8||27|30|0|1.5|2.9|20|27.5|35|5|10|15|0|1|11|".28"|".28"|0|0|0|0|0|0|0|0|0|0|0|0|9.1|10|14.8|||||||7.4|7.9|8.4|||||||||||||||||||||||||||||||||"27658649"|"82718305"
"H1"||"H"||1||0|||20|||||1|3|5|5|8|10|80|90|100|75|85|95|60|77.5|95|35|60|85|30|32.3|75||2.9|||4|||5.5|||10|||9.9||15|56.2|65|||||||5|11.5|18||||2|4|6||||1.1|1.25|1.4||||1.17|1.32|1.47||4.2333|9.1722|14.1111|0.09|0.13|0.16||||9.7|22.8|28.8|3.9|9.1|15.1|33|42|51|0|1.5|2.9|0|15|30|0|5|10|0|0|7|".37"|".37"|0|0|0|0|0|0|0|0|0|0|0|0|2.8|6.3|9.9|||||||5.6|6.7|7.8|||||||||||||||||||||||||||||||||"27658650"|"82718308"
"H2"||"H"||2||20|||71|||||0|1|1|0|3|5|55|90|95|50|85|90|40|62.5|85|25|52.5|70|30|32.3|75||2.9|||4|||5.5|||10|||9.9||15|56.2|65|||||||5|11.5|18||||0.5|1.25|2||||1.3|1.45|1.6||||1.37|1.52|1.67||4.2333|9.1722|14.1111|0.08|0.14|0.19||||6.4|21.6|26.8|2.2|7.5|12.4|23|38|45|0|1.5|2.9|0|15|30|0|5|10|0|0|5|".49"|".49"|0|4|10|0|0|0|0|0|0|0|0|0|2.7|6.2|9.8|||||||5.6|6.7|7.8|||||||||||||||||||||||||||||||||"27658650"|"82718306"
"H3"||"H"||3||71|||152|||||0|1|1|0|8|15|55|80|80|50|75|75|40|65|65|25|50|50|30|32.3|75||2.9|||4|||5.5|||10|||9.9||15|56.2|65|||||||5|11.5|18||||0|0.25|0.5||||1.7|1.78|1.95||||1.81|1.89|1.99||0.4233|0.9172|1.4111|0.08|0.1|0.12||||5.2|18.6|23.5|1.8|6.6|11.1|13|24|28|0|1.5|2.9|0|15|30|0|5|10|0|0|2|".64"|".64"|5|15|25|0|0|0|0|0|0|0|0|0|2.6|6.1|9.6|||||||7.4|7.9|8.4|||||||||||||||||||||||||||||||||"27658650"|"82718307"
"H1"||"H"||1||0|||20|||||1|1|5|5|5|10|80|90|95|75|85|90|50|67.5|85|40|60|80|25|27.1|70||2.2|||3.1|||4.4|||8.5|||8.9||15|54.4|65|||||||10|18.5|27||||3|6.5|10||||1.1|1.25|1.4||||1.16|1.31|1.46||4.2333|9.1722|14.1111|0.1|0.13|0.16||||12.5|27.7|32.6|6.8|15|22.7|32|41|48|0|1.5|2.9|30|35|40|5|10|15|0|4|12|".32"|".32"|0|0|0|0|0|0|0|0|0|0|0|0|5.5|10.2|14.9|||||||5.6|6.5|7.3|||||||||||||||||||||||||||||||||"27658651"|"82718309"
"H2"||"H"||2||20|||61|||||0|0|0|0|3|5|60|85|95|55|80|90|40|62.5|85|25|52.5|80|25|39.8|70||3.6|||5|||6.9|||12.5|||11.8||15|37.7|65|||||||18|22.5|27||||0.5|1.25|2||||1.2|1.35|1.5||||1.27|1.42|1.57||4.2333|9.1722|14.1111|0.09|0.14|0.18||||14.9|25.1|29.4|7.1|11.9|16.1|28|40|49|0|1.5|2.9|20|25|30|5|10|15|0|2|10|".37"|".37"|0|0|0|0|0|0|0|0|0|0|0|0|9.6|12.1|14.6|||||||6.1|7|7.8|||||||||||||||||||||||||||||||||"27658651"|"82718310"
"H3"||"H"||3||61|||152|||||0|0|0|5|8|10|40|75|75|35|65|70|25|45|65|15|37.5|60|25|39.8|70||3.6|||5|||6.9|||12.5|||11.8||15|37.7|65|||||||18|22.5|27||||0|0.25|0.5||||1.7|1.78|1.95||||1.82|1.9|2.01||0.4233|0.9172|1.4111|0.09|0.12|0.14||||9.8|19|22.8|5.2|11.3|15|10|21|25|0|1.5|2.9|20|25|30|5|10|15|0|0|6|".24"|".43"|0|0|0|0|0|0|0|0|0|0|0|0|9.1|11.8|14.3|||||||7.4|7.9|8.4|||||||||||||||||||||||||||||||||"27658651"|"82718311"
"H1"||"H"||1||0|||18|||||0|1|1|0|3|5|80|90|100|75|85|95|50|72.5|95|35|60|85|30|32.3|75||2.9|||4|||5.5|||10|||9.9||15|56.2|65|||||||5|11.5|18||||2|4|6||||1.3|1.45|1.6||||1.37|1.52|1.67||4.2333|9.1722|14.1111|0.1|0.15|0.19||||10.6|24.6|31.1|4.7|10.9|18|28|36|45|0|1.5|2.9|30|32.5|35|1|3|5|0|0|5|".37"|".37"|0|0|0|0|0|0|0|0|0|0|0|0|4.9|10.6|16.2|||||||5.6|6.5|7.3|||||||||||||||||||||||||||||||||"27658652"|"82718312"
"H2"||"H"||2||18|||58|||||0|1|1|0|3|5|55|90|95|50|85|90|35|62.5|90|20|50|80|30|32.3|75||2.9|||4|||5.5|||10|||9.9||15|56.2|65|||||||5|11.5|18||||0|0.5|1||||1.4|1.55|1.7||||1.48|1.63|1.71||4.2333|9.1722|14.1111|0.08|0.14|0.19||||5.6|20.9|26.3|1.9|7|11.8|20|35|42|0|1.5|2.9|20|22.5|25|1|3|5|0|0|2|".55"|".55"|0|0|0|0|0|0|0|0|0|0|0|0|4.1|9.8|15.1|||||||5.6|6.5|7.3|||||||||||||||||||||||||||||||||"27658652"|"82718313"
"H3"||"H"||3||58|||183|||||0|1|1|0|3|5|40|90|95|35|85|90|20|52.5|85|10|40|70|30|32.7|75||3|||4.1|||5.5|||10.1|||10||15|56.8|65|||||||3|10.5|18||||0|0.5|1||||1.7|1.78|1.85||||1.79|1.87|1.96||1.4111|7.7611|14.1111|0.07|0.13|0.19||||2.6|21|27.3|0.9|7.2|13.5|12|27|31|0|1.5|2.9|0|12.5|25|0|2.5|5|0|0|1|".55"|".55"|10|15|25|0|0|0|0|0|0|0|0|0|2.6|9|15.1|||||||6.6|7.5|8.4|||||||||||||||||||||||||||||||||"27658652"|"82718314"
"R"||"R"||||46|||71||||||||||||||||||||||||||||||||||||||||||||||||||||||||||||||||||||||||0.4233|2.3283|4.2333|||||||||||||||||||||||||||||||||0|0|0|0|0|0|0|0|0|||||||||||||||||||||||||||||||||||||||||||||"27658653"|"82718317"
"H1"||"H"||1||0|||13|||||0|1|1|5|10|20|90|95|100|85|90|95|70|82.5|95|50|70|90|25|26.5|50||2.1|||3|||4.3|||8.3|||8.8||30|53.5|65|||||||10|20|30||||2|4|6||||1.3|1.4|1.5||||1.37|1.47|1.54||4.2333|9.1722|14.1111|0.17|0.19|0.21||||12.4|27.1|33.3|6.6|14.5|22.9|31|37|43|0|1.5|2.9|20|30|40|0|9|18|0|4|17|".32"|".32"|0|0|0|0|0|0|0|0|0|0|0|0|5.5|11|16.4|||||||5.6|6.7|7.8|||||||||||||||||||||||||||||||||"27658653"|"82718316"
"H2"||"H"||2||13|||46|||||0|3|5|15|33|50|40|62.5|85|35|57.5|80|30|55|80|20|47.5|75|0|26.5|50||2.1|||3|||4.3|||8.3|||8.8||30|53.5|65|||||||10|20|30||||0.5|1.25|2||||1.4|1.55|1.7||||1.54|1.69|1.84||4.2333|9.1722|14.1111|0.06|0.11|0.16||||3.5|14.5|26.4|1.7|7.1|16.7||19|34|0|1.5|2.9|20|30|40|0|9|18|0|1|12|".15"|".49"|0|0|0|0|0|0|0|0|0|0|0|0|5.4|10.8|16.2|||||||6.1|7|7.8|||||||||||||||||||||||||||||||||"27658653"|"82718315"
"H1"||"H"||1||0|||23|||||1|2|5|5|5|10|80|90|100|75|85|100|50|72.5|95|50|70|90|20|22.4|70||1.9|||2.5|||2.3|||6.8|||8.9||10|55.1|65|||||||15|22.5|30||||1|2.5|4||||1.1|1.25|1.4||||1.16|1.31|1.46||1.4111|7.7611|14.1111|0.11|0.14|0.16||||14.1|25.9|31.6|6.8|12.5|18.8|34|43|53|0|1.5|2.9|35|40|45|5|10|15|0|7|16|".32"|".32"|0|0|0|0|0|0|0|0|0|0|0|0|8.1|12.2|16.3|||||||5.6|6.5|7.3|||||||||||||||||||||||||||||||||"27658654"|"82718318"
"H2"||"H"||2||23|||91|||||0|0|0|0|3|5|60|90|95|55|80|90|45|65|85|25|52.5|80|20|39.5|70||3.5|||5|||6.9|||12.4|||11.7||10|37.5|65|||||||18|23|28||||0.5|1.25|2||||1.2|1.35|1.5||||1.27|1.42|1.57||1.4111|7.7611|14.1111|0.08|0.13|0.18||||14.7|25.3|29.7|7.1|12.2|16.6|28|40|49|0|1.5|2.9|20|27.5|35|5|10|15|0|2|11|".32"|".32"|0|0|0|0|0|0|0|0|0|0|0|0|9.6|12.4|15.1|||||||6.1|7|7.8|||||||||||||||||||||||||||||||||"27658654"|"82718319"
"H3"||"H"||3||91|||152|||||0|0|0|5|5|10|35|90|95|30|85|90|25|55|85|15|47.5|80|20|66.9|70||0|||2.4|||14.4|||33.5|||16.6||10|14.1|65|||||||18|19|28||||0|0.25|0.5||||1.7|1.78|1.95||||1.79|1.87|1.97||0|0.7056|1.4111|0.06|0.11|0.15||||7.9|20.7|25.8|5.1|13.5|20.8||27|30|0|1.5|2.9|20|27.5|35|5|10|15|0|1|11|".28"|".28"|0|0|0|0|0|0|0|0|0|0|0|0|9.1|10|14.8|||||||7.4|7.9|8.4|||||||||||||||||||||||||||||||||"27658654"|"82718320"
"H1"||"H"||1||0|||20|||||1|3|5|5|8|10|80|90|100|75|85|95|60|77.5|95|35|60|85|30|32.3|75||2.9|||4|||5.5|||10|||9.9||15|56.2|65|||||||5|11.5|18||||2|4|6||||1.1|1.25|1.4||||1.17|1.32|1.47||4.2333|9.1722|14.1111|0.09|0.13|0.16||||9.7|22.8|28.8|3.9|9.1|15.1|33|42|51|0|1.5|2.9|0|15|30|0|5|10|0|0|7|".37"|".37"|0|0|0|0|0|0|0|0|0|0|0|0|2.8|6.3|9.9|||||||5.6|6.7|7.8|||||||||||||||||||||||||||||||||"27658655"|"82718323"
"H2"||"H"||2||20|||71|||||0|1|1|0|3|5|55|90|95|50|85|90|40|62.5|85|25|52.5|70|30|32.3|75||2.9|||4|||5.5|||10|||9.9||15|56.2|65|||||||5|11.5|18||||0.5|1.25|2||||1.3|1.45|1.6||||1.37|1.52|1.67||4.2333|9.1722|14.1111|0.08|0.14|0.19||||6.4|21.6|26.8|2.2|7.5|12.4|23|38|45|0|1.5|2.9|0|15|30|0|5|10|0|0|5|".49"|".49"|0|4|10|0|0|0|0|0|0|0|0|0|2.7|6.2|9.8|||||||5.6|6.7|7.8|||||||||||||||||||||||||||||||||"27658655"|"82718321"
"H3"||"H"||3||71|||152|||||0|1|1|0|8|15|55|80|80|50|75|75|40|65|65|25|50|50|30|32.3|75||2.9|||4|||5.5|||10|||9.9||15|56.2|65|||||||5|11.5|18||||0|0.25|0.5||||1.7|1.78|1.95||||1.81|1.89|1.99||0.4233|0.9172|1.4111|0.08|0.1|0.12||||5.2|18.6|23.5|1.8|6.6|11.1|13|24|28|0|1.5|2.9|0|15|30|0|5|10|0|0|2|".64"|".64"|5|15|25|0|0|0|0|0|0|0|0|0|2.6|6.1|9.6|||||||7.4|7.9|8.4|||||||||||||||||||||||||||||||||"27658655"|"82718322"
"H1"||"H"||1||0|||20|||||1|1|5|5|5|10|80|90|95|75|85|90|50|67.5|85|40|60|80|25|27.1|70||2.2|||3.1|||4.4|||8.5|||8.9||15|54.4|65|||||||10|18.5|27||||3|6.5|10||||1.1|1.25|1.4||||1.16|1.31|1.46||4.2333|9.1722|14.1111|0.1|0.13|0.16||||12.5|27.7|32.6|6.8|15|22.7|32|41|48|0|1.5|2.9|30|35|40|5|10|15|0|4|12|".32"|".32"|0|0|0|0|0|0|0|0|0|0|0|0|5.5|10.2|14.9|||||||5.6|6.5|7.3|||||||||||||||||||||||||||||||||"27658656"|"82718324"
"H2"||"H"||2||20|||61|||||0|0|0|0|3|5|60|85|95|55|80|90|40|62.5|85|25|52.5|80|25|39.8|70||3.6|||5|||6.9|||12.5|||11.8||15|37.7|65|||||||18|22.5|27||||0.5|1.25|2||||1.2|1.35|1.5||||1.27|1.42|1.57||4.2333|9.1722|14.1111|0.09|0.14|0.18||||14.9|25.1|29.4|7.1|11.9|16.1|28|40|49|0|1.5|2.9|20|25|30|5|10|15|0|2|10|".37"|".37"|0|0|0|0|0|0|0|0|0|0|0|0|9.6|12.1|14.6|||||||6.1|7|7.8|||||||||||||||||||||||||||||||||"27658656"|"82718325"
"H3"||"H"||3||61|||152|||||0|0|0|5|8|10|40|75|75|35|65|70|25|45|65|15|37.5|60|25|39.8|70||3.6|||5|||6.9|||12.5|||11.8||15|37.7|65|||||||18|22.5|27||||0|0.25|0.5||||1.7|1.78|1.95||||1.82|1.9|2.01||0.4233|0.9172|1.4111|0.09|0.12|0.14||||9.8|19|22.8|5.2|11.3|15|10|21|25|0|1.5|2.9|20|25|30|5|10|15|0|0|6|".24"|".43"|0|0|0|0|0|0|0|0|0|0|0|0|9.1|11.8|14.3|||||||7.4|7.9|8.4|||||||||||||||||||||||||||||||||"27658656"|"82718326"
"H1"||"H"||1||0|||18|||||0|1|1|0|3|5|80|90|100|75|85|95|50|72.5|95|35|60|85|30|32.3|75||2.9|||4|||5.5|||10|||9.9||15|56.2|65|||||||5|11.5|18||||2|4|6||||1.3|1.45|1.6||||1.37|1.52|1.67||4.2333|9.1722|14.1111|0.1|0.15|0.19||||10.6|24.6|31.1|4.7|10.9|18|28|36|45|0|1.5|2.9|30|32.5|35|1|3|5|0|0|5|".37"|".37"|0|0|0|0|0|0|0|0|0|0|0|0|4.9|10.6|16.2|||||||5.6|6.5|7.3|||||||||||||||||||||||||||||||||"27658657"|"82718327"
"H2"||"H"||2||18|||58|||||0|1|1|0|3|5|55|90|95|50|85|90|35|62.5|90|20|50|80|30|32.3|75||2.9|||4|||5.5|||10|||9.9||15|56.2|65|||||||5|11.5|18||||0|0.5|1||||1.4|1.55|1.7||||1.48|1.63|1.71||4.2333|9.1722|14.1111|0.08|0.14|0.19||||5.6|20.9|26.3|1.9|7|11.8|20|35|42|0|1.5|2.9|20|22.5|25|1|3|5|0|0|2|".55"|".55"|0|0|0|0|0|0|0|0|0|0|0|0|4.1|9.8|15.1|||||||5.6|6.5|7.3|||||||||||||||||||||||||||||||||"27658657"|"82718328"
"H3"||"H"||3||58|||183|||||0|1|1|0|3|5|40|90|95|35|85|90|20|52.5|85|10|40|70|30|32.7|75||3|||4.1|||5.5|||10.1|||10||15|56.8|65|||||||3|10.5|18||||0|0.5|1||||1.7|1.78|1.85||||1.79|1.87|1.96||1.4111|7.7611|14.1111|0.07|0.13|0.19||||2.6|21|27.3|0.9|7.2|13.5|12|27|31|0|1.5|2.9|0|12.5|25|0|2.5|5|0|0|1|".55"|".55"|10|15|25|0|0|0|0|0|0|0|0|0|2.6|9|15.1|||||||6.6|7.5|8.4|||||||||||||||||||||||||||||||||"27658657"|"82718329"
"R"||"R"||||46|||71||||||||||||||||||||||||||||||||||||||||||||||||||||||||||||||||||||||||0.4233|2.3283|4.2333|||||||||||||||||||||||||||||||||0|0|0|0|0|0|0|0|0|||||||||||||||||||||||||||||||||||||||||||||"27658658"|"82718332"
"H1"||"H"||1||0|||13|||||0|1|1|5|10|20|90|95|100|85|90|95|70|82.5|95|50|70|90|25|26.5|50||2.1|||3|||4.3|||8.3|||8.8||30|53.5|65|||||||10|20|30||||2|4|6||||1.3|1.4|1.5||||1.37|1.47|1.54||4.2333|9.1722|14.1111|0.17|0.19|0.21||||12.4|27.1|33.3|6.6|14.5|22.9|31|37|43|0|1.5|2.9|20|30|40|0|9|18|0|4|17|".32"|".32"|0|0|0|0|0|0|0|0|0|0|0|0|5.5|11|16.4|||||||5.6|6.7|7.8|||||||||||||||||||||||||||||||||"27658658"|"82718330"
"H2"||"H"||2||13|||46|||||0|3|5|15|33|50|40|62.5|85|35|57.5|80|30|55|80|20|47.5|75|0|26.5|50||2.1|||3|||4.3|||8.3|||8.8||30|53.5|65|||||||10|20|30||||0.5|1.25|2||||1.4|1.55|1.7||||1.54|1.69|1.84||4.2333|9.1722|14.1111|0.06|0.11|0.16||||3.5|14.5|26.4|1.7|7.1|16.7||19|34|0|1.5|2.9|20|30|40|0|9|18|0|1|12|".15"|".49"|0|0|0|0|0|0|0|0|0|0|0|0|5.4|10.8|16.2|||||||6.1|7|7.8|||||||||||||||||||||||||||||||||"27658658"|"82718331"
"H1"||"H"||1||0|||23|||||1|2|5|5|5|10|80|90|100|75|85|100|50|72.5|95|50|70|90|20|22.4|70||1.9|||2.5|||2.3|||6.8|||8.9||10|55.1|65|||||||15|22.5|30||||1|2.5|4||||1.1|1.25|1.4||||1.16|1.31|1.46||1.4111|7.7611|14.1111|0.11|0.14|0.16||||14.1|25.9|31.6|6.8|12.5|18.8|34|43|53|0|1.5|2.9|35|40|45|5|10|15|0|7|16|".32"|".32"|0|0|0|0|0|0|0|0|0|0|0|0|8.1|12.2|16.3|||||||5.6|6.5|7.3|||||||||||||||||||||||||||||||||"27658659"|"82718333"
"H2"||"H"||2||23|||91|||||0|0|0|0|3|5|60|90|95|55|80|90|45|65|85|25|52.5|80|20|39.5|70||3.5|||5|||6.9|||12.4|||11.7||10|37.5|65|||||||18|23|28||||0.5|1.25|2||||1.2|1.35|1.5||||1.27|1.42|1.57||1.4111|7.7611|14.1111|0.08|0.13|0.18||||14.7|25.3|29.7|7.1|12.2|16.6|28|40|49|0|1.5|2.9|20|27.5|35|5|10|15|0|2|11|".32"|".32"|0|0|0|0|0|0|0|0|0|0|0|0|9.6|12.4|15.1|||||||6.1|7|7.8|||||||||||||||||||||||||||||||||"27658659"|"82718334"
"H3"||"H"||3||91|||152|||||0|0|0|5|5|10|35|90|95|30|85|90|25|55|85|15|47.5|80|20|66.9|70||0|||2.4|||14.4|||33.5|||16.6||10|14.1|65|||||||18|19|28||||0|0.25|0.5||||1.7|1.78|1.95||||1.79|1.87|1.97||0|0.7056|1.4111|0.06|0.11|0.15||||7.9|20.7|25.8|5.1|13.5|20.8||27|30|0|1.5|2.9|20|27.5|35|5|10|15|0|1|11|".28"|".28"|0|0|0|0|0|0|0|0|0|0|0|0|9.1|10|14.8|||||||7.4|7.9|8.4|||||||||||||||||||||||||||||||||"27658659"|"82718335"
"H1"||"H"||1||0|||20|||||0|0|1|0|3|5|80|90|100|75|85|95|60|77.5|95|35|60|85|30|32.3|75||2.9|||4|||5.5|||10|||9.9||15|56.2|65|||||||5|11.5|18||||2|4|6||||1.1|1.25|1.4||||1.16|1.31|1.46||4.2333|9.1722|14.1111|0.13|0.17|0.2||||10.3|23.9|29.7|4.1|9.6|15.6|35|43|52|0|1.5|2.9|0|15|30|0|5|10|0|0|7|".37"|".37"|0|0|0|0|0|0|0|0|0|0|0|0|2.8|6.3|9.9|||||||5.6|6.7|7.8|||||||||||||||||||||||||||||||||"27658509"|"82717897"
"H2"||"H"||2||20|||71|||||0|1|1|0|3|5|55|90|95|50|85|90|40|62.5|85|25|52.5|70|30|32.3|75||2.9|||4|||5.5|||10|||9.9||15|56.2|65|||||||5|11.5|18||||0.5|1.25|2||||1.3|1.45|1.6||||1.37|1.52|1.67||4.2333|9.1722|14.1111|0.08|0.14|0.19||||6.4|21.6|26.8|2.2|7.5|12.4|23|38|45|0|1.5|2.9|0|15|30|0|5|10|0|0|5|".49"|".49"|0|4|10|0|0|0|0|0|0|0|0|0|2.7|6.2|9.8|||||||5.6|6.7|7.8|||||||||||||||||||||||||||||||||"27658509"|"82717898"
"H3"||"H"||3||71|||152|||||0|1|1|0|8|15|55|80|80|50|75|75|40|65|65|25|50|50|30|32.3|75||2.9|||4|||5.5|||10|||9.9||15|56.2|65|||||||5|11.5|18||||0|0.25|0.5||||1.7|1.78|1.95||||1.81|1.89|1.99||0.4233|0.9172|1.4111|0.08|0.1|0.12||||5.2|18.6|23.5|1.8|6.6|11.1|13|24|28|0|1.5|2.9|0|15|30|0|5|10|0|0|2|".64"|".64"|5|15|25|0|0|0|0|0|0|0|0|0|2.6|6.1|9.6|||||||7.4|7.9|8.4|||||||||||||||||||||||||||||||||"27658509"|"82717899"
"H1"||"H"||1||0|||20|||||0|0|0|0|0|0|100|100|100|95|97.5|100|90|95|100|70|82.5|95|0|16.9|20||0.1|||0.4|||1.1|||4.9|||10.4||10|48.1|50|||||||30|35|40||||4|10|16||||1.1|1.3|1.5||||1.42|1.62|1.68||0|0.7056|1.4111|0.17|0.2|0.23||||24.2|25.2|37.2|19.7|21.8|29|33|42|51|6|7.5|8.9|40|60|80|10|25|40|7|24|48|".49"|".49"|0|0|0|0|0|0|0|0|0|0|0|0|16.5|22.6|30.2|||||||5.6|6.5|7.3|||||||||||||||||||||||||||||||||"27658510"|"82717900"
"H2"||"H"||2||20|||61|||||0|0|0|0|0|0|100|100|100|95|97.5|100|95|97.5|100|95|97.5|100|0|7.4|20||0.7|||0.9|||1.2|||2.3|||2.3||10|17.6|40|||||||60|75|90||||0.5|1.25|2||||1.25|1.38|1.5||||1.59|1.72|1.79||0|0.2117|0.4233|0.09|0.1|0.11||||37|42.7|45.2|31.9|40.7|41|39|44|49|6|7.5|8.9|50|65|80|20|32.5|45|23|38|55|".49"|".49"|0|0|0|0|0|0|0|0|0|0|0|0|18.7|27.8|39.7|||||||5.6|6.7|7.8|||||||||||||||||||||||||||||||||"27658510"|"82717901"
"H3"||"H"||3||61|||165|||||0|0|0|0|0|0|100|100|100|95|97.5|100|95|97.5|100|95|97.5|100|0|7.4|20||0.7|||0.9|||1.2|||2.3|||2.3||10|17.6|40|||||||60|75|90||||0|0.25|0.5||||1.25|1.38|1.5||||1.59|1.72|1.79||0|0.2117|0.4233|0.08|0.09|0.1||||40|42.7|45.2|31.4|40|40.7|40|45|50|6|7.5|8.9|50|65|80|20|32.5|45|23|38|55|".49"|".49"|0|0|0|0|0|0|0|0|0|0|0|0|12.2|22.5|34.4|||||||5.6|7|8.4|||||||||||||||||||||||||||||||||"27658510"|"82717902"
"H1"||"H"||1||0|||20|||||0|0|0|0|3|5|80|87.5|95|75|82.5|90|50|67.5|85|40|60|80|25|27.1|70||2.2|||3.1|||4.4|||8.5|||8.9||15|54.4|65|||||||10|18.5|27||||3|6.5|10||||1.1|1.25|1.4||||1.16|1.31|1.46||4.2333|9.1722|14.1111|0.12|0.16|0.19||||13.3|27.7|33.7|7.2|15|23.4|34|42|50|0|1.5|2.9|30|35|40|5|10|15|0|4|12|".32"|".32"|0|0|0|0|0|0|0|0|0|0|0|0|5.5|10.2|14.9|||||||5.6|6.5|7.3|||||||||||||||||||||||||||||||||"27658511"|"82717903"
"H2"||"H"||2||20|||61|||||0|0|0|0|3|5|60|85|95|55|80|90|40|62.5|85|25|52.5|80|25|39.8|70||3.6|||5|||6.9|||12.5|||11.8||15|37.7|65|||||||18|22.5|27||||0.5|1.25|2||||1.2|1.35|1.5||||1.27|1.42|1.57||4.2333|9.1722|14.1111|0.09|0.14|0.18||||14.9|25.1|29.4|7.1|11.9|16.1|28|40|49|0|1.5|2.9|20|25|30|5|10|15|0|2|10|".37"|".37"|0|0|0|0|0|0|0|0|0|0|0|0|9.6|12.1|14.6|||||||6.1|7|7.8|||||||||||||||||||||||||||||||||"27658511"|"82717904"
"H3"||"H"||3||61|||152|||||0|0|0|5|8|10|40|75|75|35|65|70|25|45|65|15|37.5|60|25|39.8|70||3.6|||5|||6.9|||12.5|||11.8||15|37.7|65|||||||18|22.5|27||||0|0.25|0.5||||1.7|1.78|1.95||||1.82|1.9|2.01||0.4233|0.9172|1.4111|0.05|0.1|0.14||||9.8|19|22.8|5.2|11.3|15|10|21|25|0|1.5|2.9|20|25|30|5|10|15|0|0|6|".24"|".43"|0|0|0|0|0|0|0|0|0|0|0|0|9.1|11.8|14.3|||||||7.4|7.9|8.4|||||||||||||||||||||||||||||||||"27658511"|"82717905"
"H1"||"H"||1||0|||18|||||0|1|1|0|3|5|80|90|100|75|85|95|50|72.5|95|35|60|85|30|32.3|75||2.9|||4|||5.5|||10|||9.9||15|56.2|65|||||||5|11.5|18||||2|4|6||||1.3|1.45|1.6||||1.37|1.52|1.67||4.2333|9.1722|14.1111|0.13|0.17|0.2||||10.6|24.6|31.1|4.7|10.9|18|28|36|45|0|1.5|2.9|30|32.5|35|1|3|5|0|0|5|".37"|".37"|0|0|0|0|0|0|0|0|0|0|0|0|4.9|10.6|16.2|||||||5.6|6.5|7.3|||||||||||||||||||||||||||||||||"27658512"|"82717906"
"H2"||"H"||2||18|||58|||||0|1|1|0|3|5|55|90|95|50|85|90|35|62.5|90|20|50|80|30|32.3|75||2.9|||4|||5.5|||10|||9.9||15|56.2|65|||||||5|11.5|18||||0|0.5|1||||1.4|1.55|1.7||||1.48|1.63|1.71||4.2333|9.1722|14.1111|0.08|0.14|0.19||||5.6|20.9|26.3|1.9|7|11.8|20|35|42|0|1.5|2.9|20|22.5|25|1|3|5|0|0|2|".55"|".55"|0|0|0|0|0|0|0|0|0|0|0|0|4.1|9.8|15.1|||||||5.6|6.5|7.3|||||||||||||||||||||||||||||||||"27658512"|"82717907"
"H3"||"H"||3||58|||183|||||0|1|1|0|3|5|40|90|95|35|85|90|20|52.5|85|10|40|70|30|32.7|75||3|||4.1|||5.5|||10.1|||10||15|56.8|65|||||||3|10.5|18||||0|0.5|1||||1.7|1.78|1.85||||1.79|1.87|1.96||1.4111|7.7611|14.1111|0.07|0.13|0.19||||2.6|21|27.3|0.9|7.2|13.5|12|27|31|0|1.5|2.9|0|12.5|25|0|2.5|5|0|0|1|".55"|".55"|10|15|25|0|0|0|0|0|0|0|0|0|2.6|9|15.1|||||||6.6|7.5|8.4|||||||||||||||||||||||||||||||||"27658512"|"82717908"
"R"||"R"||||46|||71||||||||||||||||||||||||||||||||||||||||||||||||||||||||||||||||||||||||0.4233|2.3283|4.2333|||||||||||||||||||||||||||||||||0|0|0|0|0|0|0|0|0|||||||||||||||||||||||||||||||||||||||||||||"27658513"|"82717909"
"H1"||"H"||1||0|||13|||||0|1|1|5|10|20|90|95|100|85|90|95|70|82.5|95|50|70|90|25|42.1|50||4|||5.5|||7.4|||13.1|||12.1||30|37.9|65|||||||10|20|30||||2|4|6||||1.3|1.4|1.5||||1.37|1.47|1.54||4.2333|9.1722|14.1111|0.17|0.19|0.21||||12.4|27.1|33.3|6.6|14.5|22.9|31|37|43|0|1.5|2.9|20|30|40|0|9|18|0|4|17|".24"|".24"|0|0|0|0|0|0|0|0|0|0|0|0|5.5|11|16.4|||||||5.6|6.7|7.8|||||||||||||||||||||||||||||||||"27658513"|"82717910"
"H2"||"H"||2||13|||46|||||0|3|5|15|33|50|40|62.5|85|35|57.5|80|30|55|80|20|47.5|75|0|42.1|50||4|||5.5|||7.4|||13.1|||12.1||30|37.9|65|||||||10|20|30||||0.5|1.25|2||||1.4|1.55|1.7||||1.54|1.69|1.84||4.2333|9.1722|14.1111|0.06|0.11|0.16||||3.5|14.5|26.4|1.7|7.1|16.7||19|34|0|1.5|2.9|20|30|40|0|9|18|0|1|12|".10"|".37"|0|0|0|0|0|0|0|0|0|0|0|0|5.4|10.8|16.2|||||||6.1|7|7.8|||||||||||||||||||||||||||||||||"27658513"|"82717911"
"H1"||"H"||1||0|||20|||||0|0|1|0|3|5|80|90|100|75|85|95|60|77.5|95|35|60|85|30|32.3|75||2.9|||4|||5.5|||10|||9.9||15|56.2|65|||||||5|11.5|18||||2|4|6||||1.1|1.25|1.4||||1.16|1.31|1.46||4.2333|9.1722|14.1111|0.13|0.17|0.2||||10.3|23.9|29.7|4.1|9.6|15.6|35|43|52|0|1.5|2.9|0|15|30|0|5|10|0|0|7|".37"|".37"|0|0|0|0|0|0|0|0|0|0|0|0|2.8|6.3|9.9|||||||5.6|6.7|7.8|||||||||||||||||||||||||||||||||"27658514"|"82717912"
"H2"||"H"||2||20|||71|||||0|1|1|0|3|5|55|90|95|50|85|90|40|62.5|85|25|52.5|70|30|32.3|75||2.9|||4|||5.5|||10|||9.9||15|56.2|65|||||||5|11.5|18||||0.5|1.25|2||||1.3|1.45|1.6||||1.37|1.52|1.67||4.2333|9.1722|14.1111|0.08|0.14|0.19||||6.4|21.6|26.8|2.2|7.5|12.4|23|38|45|0|1.5|2.9|0|15|30|0|5|10|0|0|5|".49"|".49"|0|4|10|0|0|0|0|0|0|0|0|0|2.7|6.2|9.8|||||||5.6|6.7|7.8|||||||||||||||||||||||||||||||||"27658514"|"82717913"
"H3"||"H"||3||71|||152|||||0|1|1|0|8|15|55|80|80|50|75|75|40|65|65|25|50|50|30|32.3|75||2.9|||4|||5.5|||10|||9.9||15|56.2|65|||||||5|11.5|18||||0|0.25|0.5||||1.7|1.78|1.95||||1.81|1.89|1.99||0.4233|0.9172|1.4111|0.08|0.1|0.12||||5.2|18.6|23.5|1.8|6.6|11.1|13|24|28|0|1.5|2.9|0|15|30|0|5|10|0|0|2|".64"|".64"|5|15|25|0|0|0|0|0|0|0|0|0|2.6|6.1|9.6|||||||7.4|7.9|8.4|||||||||||||||||||||||||||||||||"27658514"|"82717914"
"H1"||"H"||1||0|||20|||||0|0|0|0|0|0|100|100|100|95|97.5|100|90|95|100|70|82.5|95|0|16.9|20||0.1|||0.4|||1.1|||4.9|||10.4||10|48.1|50|||||||30|35|40||||4|10|16||||1.1|1.3|1.5||||1.42|1.62|1.68||0|0.7056|1.4111|0.17|0.2|0.23||||24.2|25.2|37.2|19.7|21.8|29|33|42|51|6|7.5|8.9|40|60|80|10|25|40|7|24|48|".49"|".49"|0|0|0|0|0|0|0|0|0|0|0|0|16.5|22.6|30.2|||||||5.6|6.5|7.3|||||||||||||||||||||||||||||||||"27658515"|"82717915"
"H2"||"H"||2||20|||61|||||0|0|0|0|0|0|100|100|100|95|97.5|100|95|97.5|100|95|97.5|100|0|7.4|20||0.7|||0.9|||1.2|||2.3|||2.3||10|17.6|40|||||||60|75|90||||0.5|1.25|2||||1.25|1.38|1.5||||1.59|1.72|1.79||0|0.2117|0.4233|0.09|0.1|0.11||||37|42.7|45.2|31.9|40.7|41|39|44|49|6|7.5|8.9|50|65|80|20|32.5|45|23|38|55|".49"|".49"|0|0|0|0|0|0|0|0|0|0|0|0|18.7|27.8|39.7|||||||5.6|6.7|7.8|||||||||||||||||||||||||||||||||"27658515"|"82717916"
"H3"||"H"||3||61|||165|||||0|0|0|0|0|0|100|100|100|95|97.5|100|95|97.5|100|95|97.5|100|0|7.4|20||0.7|||0.9|||1.2|||2.3|||2.3||10|17.6|40|||||||60|75|90||||0|0.25|0.5||||1.25|1.38|1.5||||1.59|1.72|1.79||0|0.2117|0.4233|0.08|0.09|0.1||||40|42.7|45.2|31.4|40|40.7|40|45|50|6|7.5|8.9|50|65|80|20|32.5|45|23|38|55|".49"|".49"|0|0|0|0|0|0|0|0|0|0|0|0|12.2|22.5|34.4|||||||5.6|7|8.4|||||||||||||||||||||||||||||||||"27658515"|"82717917"
"H1"||"H"||1||0|||20|||||0|0|0|0|3|5|80|87.5|95|75|82.5|90|50|67.5|85|40|60|80|25|27.1|70||2.2|||3.1|||4.4|||8.5|||8.9||15|54.4|65|||||||10|18.5|27||||3|6.5|10||||1.1|1.25|1.4||||1.16|1.31|1.46||4.2333|9.1722|14.1111|0.12|0.16|0.19||||13.3|27.7|33.7|7.2|15|23.4|34|42|50|0|1.5|2.9|30|35|40|5|10|15|0|4|12|".32"|".32"|0|0|0|0|0|0|0|0|0|0|0|0|5.5|10.2|14.9|||||||5.6|6.5|7.3|||||||||||||||||||||||||||||||||"27658516"|"82717918"
"H2"||"H"||2||20|||61|||||0|0|0|0|3|5|60|85|95|55|80|90|40|62.5|85|25|52.5|80|25|39.8|70||3.6|||5|||6.9|||12.5|||11.8||15|37.7|65|||||||18|22.5|27||||0.5|1.25|2||||1.2|1.35|1.5||||1.27|1.42|1.57||4.2333|9.1722|14.1111|0.09|0.14|0.18||||14.9|25.1|29.4|7.1|11.9|16.1|28|40|49|0|1.5|2.9|20|25|30|5|10|15|0|2|10|".37"|".37"|0|0|0|0|0|0|0|0|0|0|0|0|9.6|12.1|14.6|||||||6.1|7|7.8|||||||||||||||||||||||||||||||||"27658516"|"82717919"
"H3"||"H"||3||61|||152|||||0|0|0|5|8|10|40|75|75|35|65|70|25|45|65|15|37.5|60|25|39.8|70||3.6|||5|||6.9|||12.5|||11.8||15|37.7|65|||||||18|22.5|27||||0|0.25|0.5||||1.7|1.78|1.95||||1.82|1.9|2.01||0.4233|0.9172|1.4111|0.05|0.1|0.14||||9.8|19|22.8|5.2|11.3|15|10|21|25|0|1.5|2.9|20|25|30|5|10|15|0|0|6|".24"|".43"|0|0|0|0|0|0|0|0|0|0|0|0|9.1|11.8|14.3|||||||7.4|7.9|8.4|||||||||||||||||||||||||||||||||"27658516"|"82717920"
"H1"||"H"||1||0|||18|||||0|1|1|0|3|5|80|90|100|75|85|95|50|72.5|95|35|60|85|30|32.3|75||2.9|||4|||5.5|||10|||9.9||15|56.2|65|||||||5|11.5|18||||2|4|6||||1.3|1.45|1.6||||1.37|1.52|1.67||4.2333|9.1722|14.1111|0.13|0.17|0.2||||10.6|24.6|31.1|4.7|10.9|18|28|36|45|0|1.5|2.9|30|32.5|35|1|3|5|0|0|5|".37"|".37"|0|0|0|0|0|0|0|0|0|0|0|0|4.9|10.6|16.2|||||||5.6|6.5|7.3|||||||||||||||||||||||||||||||||"27658517"|"82717921"
"H2"||"H"||2||18|||58|||||0|1|1|0|3|5|55|90|95|50|85|90|35|62.5|90|20|50|80|30|32.3|75||2.9|||4|||5.5|||10|||9.9||15|56.2|65|||||||5|11.5|18||||0|0.5|1||||1.4|1.55|1.7||||1.48|1.63|1.71||4.2333|9.1722|14.1111|0.08|0.14|0.19||||5.6|20.9|26.3|1.9|7|11.8|20|35|42|0|1.5|2.9|20|22.5|25|1|3|5|0|0|2|".55"|".55"|0|0|0|0|0|0|0|0|0|0|0|0|4.1|9.8|15.1|||||||5.6|6.5|7.3|||||||||||||||||||||||||||||||||"27658517"|"82717922"
"H3"||"H"||3||58|||183|||||0|1|1|0|3|5|40|90|95|35|85|90|20|52.5|85|10|40|70|30|32.7|75||3|||4.1|||5.5|||10.1|||10||15|56.8|65|||||||3|10.5|18||||0|0.5|1||||1.7|1.78|1.85||||1.79|1.87|1.96||1.4111|7.7611|14.1111|0.07|0.13|0.19||||2.6|21|27.3|0.9|7.2|13.5|12|27|31|0|1.5|2.9|0|12.5|25|0|2.5|5|0|0|1|".55"|".55"|10|15|25|0|0|0|0|0|0|0|0|0|2.6|9|15.1|||||||6.6|7.5|8.4|||||||||||||||||||||||||||||||||"27658517"|"82717923"
"R"||"R"||||46|||71||||||||||||||||||||||||||||||||||||||||||||||||||||||||||||||||||||||||0.4233|2.3283|4.2333|||||||||||||||||||||||||||||||||0|0|0|0|0|0|0|0|0|||||||||||||||||||||||||||||||||||||||||||||"27658518"|"82717924"
"H1"||"H"||1||0|||13|||||0|1|1|5|10|20|90|95|100|85|90|95|70|82.5|95|50|70|90|25|42.1|50||4|||5.5|||7.4|||13.1|||12.1||30|37.9|65|||||||10|20|30||||2|4|6||||1.3|1.4|1.5||||1.37|1.47|1.54||4.2333|9.1722|14.1111|0.17|0.19|0.21||||12.4|27.1|33.3|6.6|14.5|22.9|31|37|43|0|1.5|2.9|20|30|40|0|9|18|0|4|17|".24"|".24"|0|0|0|0|0|0|0|0|0|0|0|0|5.5|11|16.4|||||||5.6|6.7|7.8|||||||||||||||||||||||||||||||||"27658518"|"82717925"
"H2"||"H"||2||13|||46|||||0|3|5|15|33|50|40|62.5|85|35|57.5|80|30|55|80|20|47.5|75|0|42.1|50||4|||5.5|||7.4|||13.1|||12.1||30|37.9|65|||||||10|20|30||||0.5|1.25|2||||1.4|1.55|1.7||||1.54|1.69|1.84||4.2333|9.1722|14.1111|0.06|0.11|0.16||||3.5|14.5|26.4|1.7|7.1|16.7||19|34|0|1.5|2.9|20|30|40|0|9|18|0|1|12|".10"|".37"|0|0|0|0|0|0|0|0|0|0|0|0|5.4|10.8|16.2|||||||6.1|7|7.8|||||||||||||||||||||||||||||||||"27658518"|"82717926"
"H1"||"H"||1||0|||20|||||1|3|5|5|8|10|80|90|100|75|85|95|60|77.5|95|35|60|85|30|32.3|75||2.9|||4|||5.5|||10|||9.9||15|56.2|65|||||||5|11.5|18||||2|4|6||||1.1|1.25|1.4||||1.17|1.32|1.47||4.2333|9.1722|14.1111|0.09|0.13|0.16||||9.7|22.8|28.8|3.9|9.1|15.1|33|42|51|0|1.5|2.9|0|15|30|0|5|10|0|0|7|".37"|".37"|0|0|0|0|0|0|0|0|0|0|0|0|2.8|6.3|9.9|||||||5.6|6.7|7.8|||||||||||||||||||||||||||||||||"27658525"|"82717943"
"H2"||"H"||2||20|||71|||||0|1|1|0|3|5|55|90|95|50|85|90|40|62.5|85|25|52.5|70|30|32.3|75||2.9|||4|||5.5|||10|||9.9||15|56.2|65|||||||5|11.5|18||||0.5|1.25|2||||1.3|1.45|1.6||||1.37|1.52|1.67||4.2333|9.1722|14.1111|0.08|0.14|0.19||||6.4|21.6|26.8|2.2|7.5|12.4|23|38|45|0|1.5|2.9|0|15|30|0|5|10|0|0|5|".49"|".49"|0|4|10|0|0|0|0|0|0|0|0|0|2.7|6.2|9.8|||||||5.6|6.7|7.8|||||||||||||||||||||||||||||||||"27658525"|"82717944"
"H3"||"H"||3||71|||152|||||0|1|1|0|8|15|55|80|80|50|75|75|40|65|65|25|50|50|30|32.3|75||2.9|||4|||5.5|||10|||9.9||15|56.2|65|||||||5|11.5|18||||0|0.25|0.5||||1.7|1.78|1.95||||1.81|1.89|1.99||0.4233|0.9172|1.4111|0.08|0.1|0.12||||5.2|18.6|23.5|1.8|6.6|11.1|13|24|28|0|1.5|2.9|0|15|30|0|5|10|0|0|2|".64"|".64"|5|15|25|0|0|0|0|0|0|0|0|0|2.6|6.1|9.6|||||||7.4|7.9|8.4|||||||||||||||||||||||||||||||||"27658525"|"82717945"
"H1"||"H"||1||0|||20|||||0|0|0|0|0|0|100|100|100|95|97.5|100|90|95|100|70|82.5|95|0|16.9|20||0.1|||0.4|||1.1|||4.9|||10.4||10|48.1|50|||||||30|35|40||||4|10|16||||1.1|1.3|1.5||||1.42|1.62|1.68||0|0.7056|1.4111|0.17|0.2|0.23||||24.2|25.2|37.2|19.7|21.8|29|33|42|51|6|7.5|8.9|40|60|80|10|25|40|7|24|48|".49"|".49"|0|0|0|0|0|0|0|0|0|0|0|0|16.5|22.6|30.2|||||||5.6|6.5|7.3|||||||||||||||||||||||||||||||||"27658526"|"82717946"
"H2"||"H"||2||20|||61|||||0|0|0|0|0|0|100|100|100|95|97.5|100|95|97.5|100|95|97.5|100|0|7.4|20||0.7|||0.9|||1.2|||2.3|||2.3||10|17.6|40|||||||60|75|90||||0.5|1.25|2||||1.25|1.38|1.5||||1.59|1.72|1.79||0|0.2117|0.4233|0.09|0.1|0.11||||37|42.7|45.2|31.9|40.7|41|39|44|49|6|7.5|8.9|50|65|80|20|32.5|45|23|38|55|".49"|".49"|0|0|0|0|0|0|0|0|0|0|0|0|18.7|27.8|39.7|||||||5.6|6.7|7.8|||||||||||||||||||||||||||||||||"27658526"|"82717947"
"H3"||"H"||3||61|||165|||||0|0|0|0|0|0|100|100|100|95|97.5|100|95|97.5|100|95|97.5|100|0|7.4|20||0.7|||0.9|||1.2|||2.3|||2.3||10|17.6|40|||||||60|75|90||||0|0.25|0.5||||1.25|1.38|1.5||||1.59|1.72|1.79||0|0.2117|0.4233|0.08|0.09|0.1||||40|42.7|45.2|31.4|40|40.7|40|45|50|6|7.5|8.9|50|65|80|20|32.5|45|23|38|55|".49"|".49"|0|0|0|0|0|0|0|0|0|0|0|0|12.2|22.5|34.4|||||||5.6|7|8.4|||||||||||||||||||||||||||||||||"27658526"|"82717948"
"H1"||"H"||1||0|||20|||||1|1|5|5|5|10|80|90|95|75|85|90|50|67.5|85|40|60|80|25|27.1|70||2.2|||3.1|||4.4|||8.5|||8.9||15|54.4|65|||||||10|18.5|27||||3|6.5|10||||1.1|1.25|1.4||||1.16|1.31|1.46||4.2333|9.1722|14.1111|0.1|0.13|0.16||||12.5|27.7|32.6|6.8|15|22.7|32|41|48|0|1.5|2.9|30|35|40|5|10|15|0|4|12|".32"|".32"|0|0|0|0|0|0|0|0|0|0|0|0|5.5|10.2|14.9|||||||5.6|6.5|7.3|||||||||||||||||||||||||||||||||"27658527"|"82717949"
"H2"||"H"||2||20|||61|||||0|0|0|0|3|5|60|85|95|55|80|90|40|62.5|85|25|52.5|80|25|39.8|70||3.6|||5|||6.9|||12.5|||11.8||15|37.7|65|||||||18|22.5|27||||0.5|1.25|2||||1.2|1.35|1.5||||1.27|1.42|1.57||4.2333|9.1722|14.1111|0.09|0.14|0.18||||14.9|25.1|29.4|7.1|11.9|16.1|28|40|49|0|1.5|2.9|20|25|30|5|10|15|0|2|10|".37"|".37"|0|0|0|0|0|0|0|0|0|0|0|0|9.6|12.1|14.6|||||||6.1|7|7.8|||||||||||||||||||||||||||||||||"27658527"|"82717950"
"H3"||"H"||3||61|||152|||||0|0|0|5|8|10|40|75|75|35|65|70|25|45|65|15|37.5|60|25|39.8|70||3.6|||5|||6.9|||12.5|||11.8||15|37.7|65|||||||18|22.5|27||||0|0.25|0.5||||1.7|1.78|1.95||||1.82|1.9|2.01||0.4233|0.9172|1.4111|0.09|0.12|0.14||||9.8|19|22.8|5.2|11.3|15|10|21|25|0|1.5|2.9|20|25|30|5|10|15|0|0|6|".24"|".43"|0|0|0|0|0|0|0|0|0|0|0|0|9.1|11.8|14.3|||||||7.4|7.9|8.4|||||||||||||||||||||||||||||||||"27658527"|"82717951"
"H1"||"H"||1||0|||18|||||0|1|1|0|3|5|80|90|100|75|85|95|50|72.5|95|35|60|85|30|32.3|75||2.9|||4|||5.5|||10|||9.9||15|56.2|65|||||||5|11.5|18||||2|4|6||||1.3|1.45|1.6||||1.37|1.52|1.67||4.2333|9.1722|14.1111|0.1|0.15|0.19||||10.6|24.6|31.1|4.7|10.9|18|28|36|45|0|1.5|2.9|30|32.5|35|1|3|5|0|0|5|".37"|".37"|0|0|0|0|0|0|0|0|0|0|0|0|4.9|10.6|16.2|||||||5.6|6.5|7.3|||||||||||||||||||||||||||||||||"27658528"|"82717952"
"H2"||"H"||2||18|||58|||||0|1|1|0|3|5|55|90|95|50|85|90|35|62.5|90|20|50|80|30|32.3|75||2.9|||4|||5.5|||10|||9.9||15|56.2|65|||||||5|11.5|18||||0|0.5|1||||1.4|1.55|1.7||||1.48|1.63|1.71||4.2333|9.1722|14.1111|0.08|0.14|0.19||||5.6|20.9|26.3|1.9|7|11.8|20|35|42|0|1.5|2.9|20|22.5|25|1|3|5|0|0|2|".55"|".55"|0|0|0|0|0|0|0|0|0|0|0|0|4.1|9.8|15.1|||||||5.6|6.5|7.3|||||||||||||||||||||||||||||||||"27658528"|"82717953"
"H3"||"H"||3||58|||183|||||0|1|1|0|3|5|40|90|95|35|85|90|20|52.5|85|10|40|70|30|32.7|75||3|||4.1|||5.5|||10.1|||10||15|56.8|65|||||||3|10.5|18||||0|0.5|1||||1.7|1.78|1.85||||1.79|1.87|1.96||1.4111|7.7611|14.1111|0.07|0.13|0.19||||2.6|21|27.3|0.9|7.2|13.5|12|27|31|0|1.5|2.9|0|12.5|25|0|2.5|5|0|0|1|".55"|".55"|10|15|25|0|0|0|0|0|0|0|0|0|2.6|9|15.1|||||||6.6|7.5|8.4|||||||||||||||||||||||||||||||||"27658528"|"82717954"
"R"||"R"||||46|||71||||||||||||||||||||||||||||||||||||||||||||||||||||||||||||||||||||||||0.4233|2.3283|4.2333|||||||||||||||||||||||||||||||||0|0|0|0|0|0|0|0|0|||||||||||||||||||||||||||||||||||||||||||||"27658529"|"82717956"
"H1"||"H"||1||0|||13|||||0|1|1|5|10|20|90|95|100|85|90|95|70|82.5|95|50|70|90|25|42.1|50||4|||5.5|||7.4|||13.1|||12.1||30|37.9|65|||||||10|20|30||||2|4|6||||1.3|1.4|1.5||||1.37|1.47|1.54||4.2333|9.1722|14.1111|0.17|0.19|0.21||||12.4|27.1|33.3|6.6|14.5|22.9|31|37|43|0|1.5|2.9|20|30|40|0|9|18|0|4|17|".24"|".24"|0|0|0|0|0|0|0|0|0|0|0|0|5.5|11|16.4|||||||5.6|6.7|7.8|||||||||||||||||||||||||||||||||"27658529"|"82717957"
"H2"||"H"||2||13|||46|||||0|3|5|15|33|50|40|62.5|85|35|57.5|80|30|55|80|20|47.5|75|0|42.1|50||4|||5.5|||7.4|||13.1|||12.1||30|37.9|65|||||||10|20|30||||0.5|1.25|2||||1.4|1.55|1.7||||1.54|1.69|1.84||4.2333|9.1722|14.1111|0.06|0.11|0.16||||3.5|14.5|26.4|1.7|7.1|16.7||19|34|0|1.5|2.9|20|30|40|0|9|18|0|1|12|".10"|".37"|0|0|0|0|0|0|0|0|0|0|0|0|5.4|10.8|16.2|||||||6.1|7|7.8|||||||||||||||||||||||||||||||||"27658529"|"82717955"
"R"||"R"||||0|||152||||||||||||||||||||||||||||||||||||||||||||||||||||||||||||||||||||||||0.0706|0.215|141.1111|0|0|0||||||||||||||||||||||||||||||0|0|0|0|0|0|0|0|0|||||||||||||||||||||||||||||||||||||||||||||"27658530"|"82717958"
"H1"||"H"||1||0|||20|||||1|3|5|5|8|10|80|90|100|75|85|95|60|77.5|95|35|60|85|30|32.3|75||2.9|||4|||5.5|||10|||9.9||15|56.2|65|||||||5|11.5|18||||2|4|6||||1.1|1.25|1.4||||1.17|1.32|1.47||4.2333|9.1722|14.1111|0.09|0.13|0.16||||9.7|22.8|28.8|3.9|9.1|15.1|33|42|51|0|1.5|2.9|0|15|30|0|5|10|0|0|7|".37"|".37"|0|0|0|0|0|0|0|0|0|0|0|0|2.8|6.3|9.9|||||||5.6|6.7|7.8|||||||||||||||||||||||||||||||||"27658531"|"82717959"
"H2"||"H"||2||20|||71|||||0|1|1|0|3|5|55|90|95|50|85|90|40|62.5|85|25|52.5|70|30|32.3|75||2.9|||4|||5.5|||10|||9.9||15|56.2|65|||||||5|11.5|18||||0.5|1.25|2||||1.3|1.45|1.6||||1.37|1.52|1.67||4.2333|9.1722|14.1111|0.08|0.14|0.19||||6.4|21.6|26.8|2.2|7.5|12.4|23|38|45|0|1.5|2.9|0|15|30|0|5|10|0|0|5|".49"|".49"|0|4|10|0|0|0|0|0|0|0|0|0|2.7|6.2|9.8|||||||5.6|6.7|7.8|||||||||||||||||||||||||||||||||"27658531"|"82717960"
"H3"||"H"||3||71|||152|||||0|1|1|0|8|15|55|80|80|50|75|75|40|65|65|25|50|50|30|32.3|75||2.9|||4|||5.5|||10|||9.9||15|56.2|65|||||||5|11.5|18||||0|0.25|0.5||||1.7|1.78|1.95||||1.81|1.89|1.99||0.4233|0.9172|1.4111|0.08|0.1|0.12||||5.2|18.6|23.5|1.8|6.6|11.1|13|24|28|0|1.5|2.9|0|15|30|0|5|10|0|0|2|".64"|".64"|5|15|25|0|0|0|0|0|0|0|0|0|2.6|6.1|9.6|||||||7.4|7.9|8.4|||||||||||||||||||||||||||||||||"27658531"|"82717961"
"H1"||"H"||1||0|||20|||||0|0|0|0|0|0|100|100|100|95|97.5|100|90|95|100|70|82.5|95|0|16.9|20||0.1|||0.4|||1.1|||4.9|||10.4||10|48.1|50|||||||30|35|40||||4|10|16||||1.1|1.3|1.5||||1.42|1.62|1.68||0|0.7056|1.4111|0.17|0.2|0.23||||24.2|25.2|37.2|19.7|21.8|29|33|42|51|6|7.5|8.9|40|60|80|10|25|40|7|24|48|".49"|".49"|0|0|0|0|0|0|0|0|0|0|0|0|16.5|22.6|30.2|||||||5.6|6.5|7.3|||||||||||||||||||||||||||||||||"27658532"|"82717962"
"H2"||"H"||2||20|||61|||||0|0|0|0|0|0|100|100|100|95|97.5|100|95|97.5|100|95|97.5|100|0|7.4|20||0.7|||0.9|||1.2|||2.3|||2.3||10|17.6|40|||||||60|75|90||||0.5|1.25|2||||1.25|1.38|1.5||||1.59|1.72|1.79||0|0.2117|0.4233|0.09|0.1|0.11||||37|42.7|45.2|31.9|40.7|41|39|44|49|6|7.5|8.9|50|65|80|20|32.5|45|23|38|55|".49"|".49"|0|0|0|0|0|0|0|0|0|0|0|0|18.7|27.8|39.7|||||||5.6|6.7|7.8|||||||||||||||||||||||||||||||||"27658532"|"82717963"
"H3"||"H"||3||61|||165|||||0|0|0|0|0|0|100|100|100|95|97.5|100|95|97.5|100|95|97.5|100|0|7.4|20||0.7|||0.9|||1.2|||2.3|||2.3||10|17.6|40|||||||60|75|90||||0|0.25|0.5||||1.25|1.38|1.5||||1.59|1.72|1.79||0|0.2117|0.4233|0.08|0.09|0.1||||40|42.7|45.2|31.4|40|40.7|40|45|50|6|7.5|8.9|50|65|80|20|32.5|45|23|38|55|".49"|".49"|0|0|0|0|0|0|0|0|0|0|0|0|12.2|22.5|34.4|||||||5.6|7|8.4|||||||||||||||||||||||||||||||||"27658532"|"82717964"
"H1"||"H"||1||0|||20|||||1|1|5|5|5|10|80|90|95|75|85|90|50|67.5|85|40|60|80|25|27.1|70||2.2|||3.1|||4.4|||8.5|||8.9||15|54.4|65|||||||10|18.5|27||||3|6.5|10||||1.1|1.25|1.4||||1.16|1.31|1.46||4.2333|9.1722|14.1111|0.1|0.13|0.16||||12.5|27.7|32.6|6.8|15|22.7|32|41|48|0|1.5|2.9|30|35|40|5|10|15|0|4|12|".32"|".32"|0|0|0|0|0|0|0|0|0|0|0|0|5.5|10.2|14.9|||||||5.6|6.5|7.3|||||||||||||||||||||||||||||||||"27658533"|"82717965"
"H2"||"H"||2||20|||61|||||0|0|0|0|3|5|60|85|95|55|80|90|40|62.5|85|25|52.5|80|25|39.8|70||3.6|||5|||6.9|||12.5|||11.8||15|37.7|65|||||||18|22.5|27||||0.5|1.25|2||||1.2|1.35|1.5||||1.27|1.42|1.57||4.2333|9.1722|14.1111|0.09|0.14|0.18||||14.9|25.1|29.4|7.1|11.9|16.1|28|40|49|0|1.5|2.9|20|25|30|5|10|15|0|2|10|".37"|".37"|0|0|0|0|0|0|0|0|0|0|0|0|9.6|12.1|14.6|||||||6.1|7|7.8|||||||||||||||||||||||||||||||||"27658533"|"82717966"
"H3"||"H"||3||61|||152|||||0|0|0|5|8|10|40|75|75|35|65|70|25|45|65|15|37.5|60|25|39.8|70||3.6|||5|||6.9|||12.5|||11.8||15|37.7|65|||||||18|22.5|27||||0|0.25|0.5||||1.7|1.78|1.95||||1.82|1.9|2.01||0.4233|0.9172|1.4111|0.09|0.12|0.14||||9.8|19|22.8|5.2|11.3|15|10|21|25|0|1.5|2.9|20|25|30|5|10|15|0|0|6|".24"|".43"|0|0|0|0|0|0|0|0|0|0|0|0|9.1|11.8|14.3|||||||7.4|7.9|8.4|||||||||||||||||||||||||||||||||"27658533"|"82717967"
"H1"||"H"||1||0|||18|||||0|1|1|0|3|5|80|90|100|75|85|95|50|72.5|95|35|60|85|30|32.3|75||2.9|||4|||5.5|||10|||9.9||15|56.2|65|||||||5|11.5|18||||2|4|6||||1.3|1.45|1.6||||1.37|1.52|1.67||4.2333|9.1722|14.1111|0.1|0.15|0.19||||10.6|24.6|31.1|4.7|10.9|18|28|36|45|0|1.5|2.9|30|32.5|35|1|3|5|0|0|5|".37"|".37"|0|0|0|0|0|0|0|0|0|0|0|0|4.9|10.6|16.2|||||||5.6|6.5|7.3|||||||||||||||||||||||||||||||||"27658534"|"82717968"
"H2"||"H"||2||18|||58|||||0|1|1|0|3|5|55|90|95|50|85|90|35|62.5|90|20|50|80|30|32.3|75||2.9|||4|||5.5|||10|||9.9||15|56.2|65|||||||5|11.5|18||||0|0.5|1||||1.4|1.55|1.7||||1.48|1.63|1.71||4.2333|9.1722|14.1111|0.08|0.14|0.19||||5.6|20.9|26.3|1.9|7|11.8|20|35|42|0|1.5|2.9|20|22.5|25|1|3|5|0|0|2|".55"|".55"|0|0|0|0|0|0|0|0|0|0|0|0|4.1|9.8|15.1|||||||5.6|6.5|7.3|||||||||||||||||||||||||||||||||"27658534"|"82717969"
"H3"||"H"||3||58|||183|||||0|1|1|0|3|5|40|90|95|35|85|90|20|52.5|85|10|40|70|30|32.7|75||3|||4.1|||5.5|||10.1|||10||15|56.8|65|||||||3|10.5|18||||0|0.5|1||||1.7|1.78|1.85||||1.79|1.87|1.96||1.4111|7.7611|14.1111|0.07|0.13|0.19||||2.6|21|27.3|0.9|7.2|13.5|12|27|31|0|1.5|2.9|0|12.5|25|0|2.5|5|0|0|1|".55"|".55"|10|15|25|0|0|0|0|0|0|0|0|0|2.6|9|15.1|||||||6.6|7.5|8.4|||||||||||||||||||||||||||||||||"27658534"|"82717970"
"R"||"R"||||46|||71||||||||||||||||||||||||||||||||||||||||||||||||||||||||||||||||||||||||0.4233|2.3283|4.2333|||||||||||||||||||||||||||||||||0|0|0|0|0|0|0|0|0|||||||||||||||||||||||||||||||||||||||||||||"27658535"|"82717971"
"H1"||"H"||1||0|||13|||||0|1|1|5|10|20|90|95|100|85|90|95|70|82.5|95|50|70|90|25|42.1|50||4|||5.5|||7.4|||13.1|||12.1||30|37.9|65|||||||10|20|30||||2|4|6||||1.3|1.4|1.5||||1.37|1.47|1.54||4.2333|9.1722|14.1111|0.17|0.19|0.21||||12.4|27.1|33.3|6.6|14.5|22.9|31|37|43|0|1.5|2.9|20|30|40|0|9|18|0|4|17|".24"|".24"|0|0|0|0|0|0|0|0|0|0|0|0|5.5|11|16.4|||||||5.6|6.7|7.8|||||||||||||||||||||||||||||||||"27658535"|"82717972"
"H2"||"H"||2||13|||46|||||0|3|5|15|33|50|40|62.5|85|35|57.5|80|30|55|80|20|47.5|75|0|42.1|50||4|||5.5|||7.4|||13.1|||12.1||30|37.9|65|||||||10|20|30||||0.5|1.25|2||||1.4|1.55|1.7||||1.54|1.69|1.84||4.2333|9.1722|14.1111|0.06|0.11|0.16||||3.5|14.5|26.4|1.7|7.1|16.7||19|34|0|1.5|2.9|20|30|40|0|9|18|0|1|12|".10"|".37"|0|0|0|0|0|0|0|0|0|0|0|0|5.4|10.8|16.2|||||||6.1|7|7.8|||||||||||||||||||||||||||||||||"27658535"|"82717973"
"R"||"R"||||0|||152||||||||||||||||||||||||||||||||||||||||||||||||||||||||||||||||||||||||0.0706|0.215|141.1111|0|0|0||||||||||||||||||||||||||||||0|0|0|0|0|0|0|0|0|||||||||||||||||||||||||||||||||||||||||||||"27658536"|"82717974"
"H1"||"H"||1||0|||20|||||1|3|5|5|8|10|80|90|100|75|85|95|60|77.5|95|35|60|85|30|32.3|75||2.9|||4|||5.5|||10|||9.9||15|56.2|65|||||||5|11.5|18||||2|4|6||||1.1|1.25|1.4||||1.17|1.32|1.47||4.2333|9.1722|14.1111|0.09|0.13|0.16||||9.7|22.8|28.8|3.9|9.1|15.1|33|42|51|0|1.5|2.9|0|15|30|0|5|10|0|0|7|".37"|".37"|0|0|0|0|0|0|0|0|0|0|0|0|2.8|6.3|9.9|||||||5.6|6.7|7.8|||||||||||||||||||||||||||||||||"27658537"|"82717975"
"H2"||"H"||2||20|||71|||||0|1|1|0|3|5|55|90|95|50|85|90|40|62.5|85|25|52.5|70|30|32.3|75||2.9|||4|||5.5|||10|||9.9||15|56.2|65|||||||5|11.5|18||||0.5|1.25|2||||1.3|1.45|1.6||||1.37|1.52|1.67||4.2333|9.1722|14.1111|0.08|0.14|0.19||||6.4|21.6|26.8|2.2|7.5|12.4|23|38|45|0|1.5|2.9|0|15|30|0|5|10|0|0|5|".49"|".49"|0|4|10|0|0|0|0|0|0|0|0|0|2.7|6.2|9.8|||||||5.6|6.7|7.8|||||||||||||||||||||||||||||||||"27658537"|"82717976"
"H3"||"H"||3||71|||152|||||0|1|1|0|8|15|55|80|80|50|75|75|40|65|65|25|50|50|30|32.3|75||2.9|||4|||5.5|||10|||9.9||15|56.2|65|||||||5|11.5|18||||0|0.25|0.5||||1.7|1.78|1.95||||1.81|1.89|1.99||0.4233|0.9172|1.4111|0.08|0.1|0.12||||5.2|18.6|23.5|1.8|6.6|11.1|13|24|28|0|1.5|2.9|0|15|30|0|5|10|0|0|2|".64"|".64"|5|15|25|0|0|0|0|0|0|0|0|0|2.6|6.1|9.6|||||||7.4|7.9|8.4|||||||||||||||||||||||||||||||||"27658537"|"82717977"
"H1"||"H"||1||0|||20|||||0|0|0|0|0|0|100|100|100|95|97.5|100|90|95|100|70|82.5|95|0|16.9|20||0.1|||0.4|||1.1|||4.9|||10.4||10|48.1|50|||||||30|35|40||||4|10|16||||1.1|1.3|1.5||||1.42|1.62|1.68||0|0.7056|1.4111|0.17|0.2|0.23||||24.2|25.2|37.2|19.7|21.8|29|33|42|51|6|7.5|8.9|40|60|80|10|25|40|7|24|48|".49"|".49"|0|0|0|0|0|0|0|0|0|0|0|0|16.5|22.6|30.2|||||||5.6|6.5|7.3|||||||||||||||||||||||||||||||||"27658538"|"82717978"
"H2"||"H"||2||20|||61|||||0|0|0|0|0|0|100|100|100|95|97.5|100|95|97.5|100|95|97.5|100|0|7.4|20||0.7|||0.9|||1.2|||2.3|||2.3||10|17.6|40|||||||60|75|90||||0.5|1.25|2||||1.25|1.38|1.5||||1.59|1.72|1.79||0|0.2117|0.4233|0.09|0.1|0.11||||37|42.7|45.2|31.9|40.7|41|39|44|49|6|7.5|8.9|50|65|80|20|32.5|45|23|38|55|".49"|".49"|0|0|0|0|0|0|0|0|0|0|0|0|18.7|27.8|39.7|||||||5.6|6.7|7.8|||||||||||||||||||||||||||||||||"27658538"|"82717979"
"H3"||"H"||3||61|||165|||||0|0|0|0|0|0|100|100|100|95|97.5|100|95|97.5|100|95|97.5|100|0|7.4|20||0.7|||0.9|||1.2|||2.3|||2.3||10|17.6|40|||||||60|75|90||||0|0.25|0.5||||1.25|1.38|1.5||||1.59|1.72|1.79||0|0.2117|0.4233|0.08|0.09|0.1||||40|42.7|45.2|31.4|40|40.7|40|45|50|6|7.5|8.9|50|65|80|20|32.5|45|23|38|55|".49"|".49"|0|0|0|0|0|0|0|0|0|0|0|0|12.2|22.5|34.4|||||||5.6|7|8.4|||||||||||||||||||||||||||||||||"27658538"|"82717980"
"H1"||"H"||1||0|||20|||||1|1|5|5|5|10|80|90|95|75|85|90|50|67.5|85|40|60|80|25|27.1|70||2.2|||3.1|||4.4|||8.5|||8.9||15|54.4|65|||||||10|18.5|27||||3|6.5|10||||1.1|1.25|1.4||||1.16|1.31|1.46||4.2333|9.1722|14.1111|0.1|0.13|0.16||||12.5|27.7|32.6|6.8|15|22.7|32|41|48|0|1.5|2.9|30|35|40|5|10|15|0|4|12|".32"|".32"|0|0|0|0|0|0|0|0|0|0|0|0|5.5|10.2|14.9|||||||5.6|6.5|7.3|||||||||||||||||||||||||||||||||"27658539"|"82717981"
"H2"||"H"||2||20|||61|||||0|0|0|0|3|5|60|85|95|55|80|90|40|62.5|85|25|52.5|80|25|39.8|70||3.6|||5|||6.9|||12.5|||11.8||15|37.7|65|||||||18|22.5|27||||0.5|1.25|2||||1.2|1.35|1.5||||1.27|1.42|1.57||4.2333|9.1722|14.1111|0.09|0.14|0.18||||14.9|25.1|29.4|7.1|11.9|16.1|28|40|49|0|1.5|2.9|20|25|30|5|10|15|0|2|10|".37"|".37"|0|0|0|0|0|0|0|0|0|0|0|0|9.6|12.1|14.6|||||||6.1|7|7.8|||||||||||||||||||||||||||||||||"27658539"|"82717982"
"H3"||"H"||3||61|||152|||||0|0|0|5|8|10|40|75|75|35|65|70|25|45|65|15|37.5|60|25|39.8|70||3.6|||5|||6.9|||12.5|||11.8||15|37.7|65|||||||18|22.5|27||||0|0.25|0.5||||1.7|1.78|1.95||||1.82|1.9|2.01||0.4233|0.9172|1.4111|0.09|0.12|0.14||||9.8|19|22.8|5.2|11.3|15|10|21|25|0|1.5|2.9|20|25|30|5|10|15|0|0|6|".24"|".43"|0|0|0|0|0|0|0|0|0|0|0|0|9.1|11.8|14.3|||||||7.4|7.9|8.4|||||||||||||||||||||||||||||||||"27658539"|"82717983"
"H1"||"H"||1||0|||18|||||0|1|1|0|3|5|80|90|100|75|85|95|50|72.5|95|35|60|85|30|32.3|75||2.9|||4|||5.5|||10|||9.9||15|56.2|65|||||||5|11.5|18||||2|4|6||||1.3|1.45|1.6||||1.37|1.52|1.67||4.2333|9.1722|14.1111|0.1|0.15|0.19||||10.6|24.6|31.1|4.7|10.9|18|28|36|45|0|1.5|2.9|30|32.5|35|1|3|5|0|0|5|".37"|".37"|0|0|0|0|0|0|0|0|0|0|0|0|4.9|10.6|16.2|||||||5.6|6.5|7.3|||||||||||||||||||||||||||||||||"27658540"|"82717985"
"H2"||"H"||2||18|||58|||||0|1|1|0|3|5|55|90|95|50|85|90|35|62.5|90|20|50|80|30|32.3|75||2.9|||4|||5.5|||10|||9.9||15|56.2|65|||||||5|11.5|18||||0|0.5|1||||1.4|1.55|1.7||||1.48|1.63|1.71||4.2333|9.1722|14.1111|0.08|0.14|0.19||||5.6|20.9|26.3|1.9|7|11.8|20|35|42|0|1.5|2.9|20|22.5|25|1|3|5|0|0|2|".55"|".55"|0|0|0|0|0|0|0|0|0|0|0|0|4.1|9.8|15.1|||||||5.6|6.5|7.3|||||||||||||||||||||||||||||||||"27658540"|"82717986"
"H3"||"H"||3||58|||183|||||0|1|1|0|3|5|40|90|95|35|85|90|20|52.5|85|10|40|70|30|32.7|75||3|||4.1|||5.5|||10.1|||10||15|56.8|65|||||||3|10.5|18||||0|0.5|1||||1.7|1.78|1.85||||1.79|1.87|1.96||1.4111|7.7611|14.1111|0.07|0.13|0.19||||2.6|21|27.3|0.9|7.2|13.5|12|27|31|0|1.5|2.9|0|12.5|25|0|2.5|5|0|0|1|".55"|".55"|10|15|25|0|0|0|0|0|0|0|0|0|2.6|9|15.1|||||||6.6|7.5|8.4|||||||||||||||||||||||||||||||||"27658540"|"82717984"
"R"||"R"||||46|||71||||||||||||||||||||||||||||||||||||||||||||||||||||||||||||||||||||||||0.4233|2.3283|4.2333|||||||||||||||||||||||||||||||||0|0|0|0|0|0|0|0|0|||||||||||||||||||||||||||||||||||||||||||||"27658541"|"82717987"
"H1"||"H"||1||0|||13|||||0|1|1|5|10|20|90|95|100|85|90|95|70|82.5|95|50|70|90|25|42.1|50||4|||5.5|||7.4|||13.1|||12.1||30|37.9|65|||||||10|20|30||||2|4|6||||1.3|1.4|1.5||||1.37|1.47|1.54||4.2333|9.1722|14.1111|0.17|0.19|0.21||||12.4|27.1|33.3|6.6|14.5|22.9|31|37|43|0|1.5|2.9|20|30|40|0|9|18|0|4|17|".24"|".24"|0|0|0|0|0|0|0|0|0|0|0|0|5.5|11|16.4|||||||5.6|6.7|7.8|||||||||||||||||||||||||||||||||"27658541"|"82717988"
"H2"||"H"||2||13|||46|||||0|3|5|15|33|50|40|62.5|85|35|57.5|80|30|55|80|20|47.5|75|0|42.1|50||4|||5.5|||7.4|||13.1|||12.1||30|37.9|65|||||||10|20|30||||0.5|1.25|2||||1.4|1.55|1.7||||1.54|1.69|1.84||4.2333|9.1722|14.1111|0.06|0.11|0.16||||3.5|14.5|26.4|1.7|7.1|16.7||19|34|0|1.5|2.9|20|30|40|0|9|18|0|1|12|".10"|".37"|0|0|0|0|0|0|0|0|0|0|0|0|5.4|10.8|16.2|||||||6.1|7|7.8|||||||||||||||||||||||||||||||||"27658541"|"82717989"
"R"||"R"||||0|||152||||||||||||||||||||||||||||||||||||||||||||||||||||||||||||||||||||||||0.0706|0.215|141.1111|0|0|0||||||||||||||||||||||||||||||0|0|0|0|0|0|0|0|0|||||||||||||||||||||||||||||||||||||||||||||"27658542"|"82717990"
"H1"||"H"||1||0|||20|||||1|3|5|5|8|10|80|90|100|75|85|95|60|77.5|95|35|60|85|30|32.3|75||2.9|||4|||5.5|||10|||9.9||15|56.2|65|||||||5|11.5|18||||2|4|6||||1.1|1.25|1.4||||1.17|1.32|1.47||4.2333|9.1722|14.1111|0.09|0.13|0.16||||9.7|22.8|28.8|3.9|9.1|15.1|33|42|51|0|1.5|2.9|0|15|30|0|5|10|0|0|7|".37"|".37"|0|0|0|0|0|0|0|0|0|0|0|0|2.8|6.3|9.9|||||||5.6|6.7|7.8|||||||||||||||||||||||||||||||||"27658543"|"82717991"
"H2"||"H"||2||20|||71|||||0|1|1|0|3|5|55|90|95|50|85|90|40|62.5|85|25|52.5|70|30|32.3|75||2.9|||4|||5.5|||10|||9.9||15|56.2|65|||||||5|11.5|18||||0.5|1.25|2||||1.3|1.45|1.6||||1.37|1.52|1.67||4.2333|9.1722|14.1111|0.08|0.14|0.19||||6.4|21.6|26.8|2.2|7.5|12.4|23|38|45|0|1.5|2.9|0|15|30|0|5|10|0|0|5|".49"|".49"|0|4|10|0|0|0|0|0|0|0|0|0|2.7|6.2|9.8|||||||5.6|6.7|7.8|||||||||||||||||||||||||||||||||"27658543"|"82717992"
"H3"||"H"||3||71|||152|||||0|1|1|0|8|15|55|80|80|50|75|75|40|65|65|25|50|50|30|32.3|75||2.9|||4|||5.5|||10|||9.9||15|56.2|65|||||||5|11.5|18||||0|0.25|0.5||||1.7|1.78|1.95||||1.81|1.89|1.99||0.4233|0.9172|1.4111|0.08|0.1|0.12||||5.2|18.6|23.5|1.8|6.6|11.1|13|24|28|0|1.5|2.9|0|15|30|0|5|10|0|0|2|".64"|".64"|5|15|25|0|0|0|0|0|0|0|0|0|2.6|6.1|9.6|||||||7.4|7.9|8.4|||||||||||||||||||||||||||||||||"27658543"|"82717993"
"H1"||"H"||1||0|||20|||||0|0|0|0|0|0|100|100|100|95|97.5|100|90|95|100|70|82.5|95|0|16.9|20||0.1|||0.4|||1.1|||4.9|||10.4||10|48.1|50|||||||30|35|40||||4|10|16||||1.1|1.3|1.5||||1.42|1.62|1.68||0|0.7056|1.4111|0.17|0.2|0.23||||24.2|25.2|37.2|19.7|21.8|29|33|42|51|6|7.5|8.9|40|60|80|10|25|40|7|24|48|".49"|".49"|0|0|0|0|0|0|0|0|0|0|0|0|16.5|22.6|30.2|||||||5.6|6.5|7.3|||||||||||||||||||||||||||||||||"27658544"|"82717994"
"H2"||"H"||2||20|||61|||||0|0|0|0|0|0|100|100|100|95|97.5|100|95|97.5|100|95|97.5|100|0|7.4|20||0.7|||0.9|||1.2|||2.3|||2.3||10|17.6|40|||||||60|75|90||||0.5|1.25|2||||1.25|1.38|1.5||||1.59|1.72|1.79||0|0.2117|0.4233|0.09|0.1|0.11||||37|42.7|45.2|31.9|40.7|41|39|44|49|6|7.5|8.9|50|65|80|20|32.5|45|23|38|55|".49"|".49"|0|0|0|0|0|0|0|0|0|0|0|0|18.7|27.8|39.7|||||||5.6|6.7|7.8|||||||||||||||||||||||||||||||||"27658544"|"82717995"
"H3"||"H"||3||61|||165|||||0|0|0|0|0|0|100|100|100|95|97.5|100|95|97.5|100|95|97.5|100|0|7.4|20||0.7|||0.9|||1.2|||2.3|||2.3||10|17.6|40|||||||60|75|90||||0|0.25|0.5||||1.25|1.38|1.5||||1.59|1.72|1.79||0|0.2117|0.4233|0.08|0.09|0.1||||40|42.7|45.2|31.4|40|40.7|40|45|50|6|7.5|8.9|50|65|80|20|32.5|45|23|38|55|".49"|".49"|0|0|0|0|0|0|0|0|0|0|0|0|12.2|22.5|34.4|||||||5.6|7|8.4|||||||||||||||||||||||||||||||||"27658544"|"82717996"
"H1"||"H"||1||0|||20|||||1|1|5|5|5|10|80|90|95|75|85|90|50|67.5|85|40|60|80|25|27.1|70||2.2|||3.1|||4.4|||8.5|||8.9||15|54.4|65|||||||10|18.5|27||||3|6.5|10||||1.1|1.25|1.4||||1.16|1.31|1.46||4.2333|9.1722|14.1111|0.1|0.13|0.16||||12.5|27.7|32.6|6.8|15|22.7|32|41|48|0|1.5|2.9|30|35|40|5|10|15|0|4|12|".32"|".32"|0|0|0|0|0|0|0|0|0|0|0|0|5.5|10.2|14.9|||||||5.6|6.5|7.3|||||||||||||||||||||||||||||||||"27658545"|"82717997"
"H2"||"H"||2||20|||61|||||0|0|0|0|3|5|60|85|95|55|80|90|40|62.5|85|25|52.5|80|25|39.8|70||3.6|||5|||6.9|||12.5|||11.8||15|37.7|65|||||||18|22.5|27||||0.5|1.25|2||||1.2|1.35|1.5||||1.27|1.42|1.57||4.2333|9.1722|14.1111|0.09|0.14|0.18||||14.9|25.1|29.4|7.1|11.9|16.1|28|40|49|0|1.5|2.9|20|25|30|5|10|15|0|2|10|".37"|".37"|0|0|0|0|0|0|0|0|0|0|0|0|9.6|12.1|14.6|||||||6.1|7|7.8|||||||||||||||||||||||||||||||||"27658545"|"82717998"
"H3"||"H"||3||61|||152|||||0|0|0|5|8|10|40|75|75|35|65|70|25|45|65|15|37.5|60|25|39.8|70||3.6|||5|||6.9|||12.5|||11.8||15|37.7|65|||||||18|22.5|27||||0|0.25|0.5||||1.7|1.78|1.95||||1.82|1.9|2.01||0.4233|0.9172|1.4111|0.09|0.12|0.14||||9.8|19|22.8|5.2|11.3|15|10|21|25|0|1.5|2.9|20|25|30|5|10|15|0|0|6|".24"|".43"|0|0|0|0|0|0|0|0|0|0|0|0|9.1|11.8|14.3|||||||7.4|7.9|8.4|||||||||||||||||||||||||||||||||"27658545"|"82717999"
"H1"||"H"||1||0|||18|||||0|1|1|0|3|5|80|90|100|75|85|95|50|72.5|95|35|60|85|30|32.3|75||2.9|||4|||5.5|||10|||9.9||15|56.2|65|||||||5|11.5|18||||2|4|6||||1.3|1.45|1.6||||1.37|1.52|1.67||4.2333|9.1722|14.1111|0.1|0.15|0.19||||10.6|24.6|31.1|4.7|10.9|18|28|36|45|0|1.5|2.9|30|32.5|35|1|3|5|0|0|5|".37"|".37"|0|0|0|0|0|0|0|0|0|0|0|0|4.9|10.6|16.2|||||||5.6|6.5|7.3|||||||||||||||||||||||||||||||||"27658546"|"82718001"
"H2"||"H"||2||18|||58|||||0|1|1|0|3|5|55|90|95|50|85|90|35|62.5|90|20|50|80|30|32.3|75||2.9|||4|||5.5|||10|||9.9||15|56.2|65|||||||5|11.5|18||||0|0.5|1||||1.4|1.55|1.7||||1.48|1.63|1.71||4.2333|9.1722|14.1111|0.08|0.14|0.19||||5.6|20.9|26.3|1.9|7|11.8|20|35|42|0|1.5|2.9|20|22.5|25|1|3|5|0|0|2|".55"|".55"|0|0|0|0|0|0|0|0|0|0|0|0|4.1|9.8|15.1|||||||5.6|6.5|7.3|||||||||||||||||||||||||||||||||"27658546"|"82718002"
"H3"||"H"||3||58|||183|||||0|1|1|0|3|5|40|90|95|35|85|90|20|52.5|85|10|40|70|30|32.7|75||3|||4.1|||5.5|||10.1|||10||15|56.8|65|||||||3|10.5|18||||0|0.5|1||||1.7|1.78|1.85||||1.79|1.87|1.96||1.4111|7.7611|14.1111|0.07|0.13|0.19||||2.6|21|27.3|0.9|7.2|13.5|12|27|31|0|1.5|2.9|0|12.5|25|0|2.5|5|0|0|1|".55"|".55"|10|15|25|0|0|0|0|0|0|0|0|0|2.6|9|15.1|||||||6.6|7.5|8.4|||||||||||||||||||||||||||||||||"27658546"|"82718000"
"R"||"R"||||46|||71||||||||||||||||||||||||||||||||||||||||||||||||||||||||||||||||||||||||0.4233|2.3283|4.2333|||||||||||||||||||||||||||||||||0|0|0|0|0|0|0|0|0|||||||||||||||||||||||||||||||||||||||||||||"27658547"|"82718003"
"H1"||"H"||1||0|||13|||||0|1|1|5|10|20|90|95|100|85|90|95|70|82.5|95|50|70|90|25|42.1|50||4|||5.5|||7.4|||13.1|||12.1||30|37.9|65|||||||10|20|30||||2|4|6||||1.3|1.4|1.5||||1.37|1.47|1.54||4.2333|9.1722|14.1111|0.17|0.19|0.21||||12.4|27.1|33.3|6.6|14.5|22.9|31|37|43|0|1.5|2.9|20|30|40|0|9|18|0|4|17|".24"|".24"|0|0|0|0|0|0|0|0|0|0|0|0|5.5|11|16.4|||||||5.6|6.7|7.8|||||||||||||||||||||||||||||||||"27658547"|"82718005"
"H2"||"H"||2||13|||46|||||0|3|5|15|33|50|40|62.5|85|35|57.5|80|30|55|80|20|47.5|75|0|42.1|50||4|||5.5|||7.4|||13.1|||12.1||30|37.9|65|||||||10|20|30||||0.5|1.25|2||||1.4|1.55|1.7||||1.54|1.69|1.84||4.2333|9.1722|14.1111|0.06|0.11|0.16||||3.5|14.5|26.4|1.7|7.1|16.7||19|34|0|1.5|2.9|20|30|40|0|9|18|0|1|12|".10"|".37"|0|0|0|0|0|0|0|0|0|0|0|0|5.4|10.8|16.2|||||||6.1|7|7.8|||||||||||||||||||||||||||||||||"27658547"|"82718004"
"R"||"R"||||0|||152||||||||||||||||||||||||||||||||||||||||||||||||||||||||||||||||||||||||0.0706|0.215|141.1111|0|0|0||||||||||||||||||||||||||||||0|0|0|0|0|0|0|0|0|||||||||||||||||||||||||||||||||||||||||||||"27658548"|"82718006"
"H1"||"H"||1||0|||20|||||0|0|0|0|0|0|100|100|100|95|97.5|100|90|95|100|70|82.5|95|0|16.9|20||0.1|||0.4|||1.1|||4.9|||10.4||10|48.1|50|||||||30|35|40||||4|10|16||||1.1|1.3|1.5||||1.42|1.62|1.68||0|0.7056|1.4111|0.17|0.2|0.23||||24.2|25.2|37.2|19.7|21.8|29|33|42|51|6|7.5|8.9|40|60|80|10|25|40|7|24|48|".49"|".49"|0|0|0|0|0|0|0|0|0|0|0|0|16.5|22.6|30.2|||||||5.6|6.5|7.3|||||||||||||||||||||||||||||||||"27658571"|"82718070"
"H2"||"H"||2||20|||61|||||0|0|0|0|0|0|100|100|100|95|97.5|100|95|97.5|100|95|97.5|100|0|7.4|20||0.7|||0.9|||1.2|||2.3|||2.3||10|17.6|40|||||||60|75|90||||0.5|1.25|2||||1.25|1.38|1.5||||1.59|1.72|1.79||0|0.2117|0.4233|0.09|0.1|0.11||||37|42.7|45.2|31.9|40.7|41|39|44|49|6|7.5|8.9|50|65|80|20|32.5|45|23|38|55|".49"|".49"|0|0|0|0|0|0|0|0|0|0|0|0|18.7|27.8|39.7|||||||5.6|6.7|7.8|||||||||||||||||||||||||||||||||"27658571"|"82718071"
"H3"||"H"||3||61|||165|||||0|0|0|0|0|0|100|100|100|95|97.5|100|95|97.5|100|95|97.5|100|0|7.4|20||0.7|||0.9|||1.2|||2.3|||2.3||10|17.6|40|||||||60|75|90||||0|0.25|0.5||||1.25|1.38|1.5||||1.59|1.72|1.79||0|0.2117|0.4233|0.08|0.09|0.1||||40|42.7|45.2|31.4|40|40.7|40|45|50|6|7.5|8.9|50|65|80|20|32.5|45|23|38|55|".49"|".49"|0|0|0|0|0|0|0|0|0|0|0|0|12.2|22.5|34.4|||||||5.6|7|8.4|||||||||||||||||||||||||||||||||"27658571"|"82718072"
"H1"||"H"||1||0|||18|||||0|0|0|0|0|0|100|100|100|100|100|100|90|95|100|85|92.5|100|0|18.4|20||1.3|||2|||2.9|||5.8|||6.4||10|43.6|65|||||||35|38|90||||4|10|16||||1.1|1.35|1.6||||1.29|1.54|1.6||1.4111|2.8222|4.2333|0.11|0.17|0.23||||28.6|38|49.1|23.5|32|44.2|30|40|51|3|4.5|5.9|40|62.5|85|10|25|40|10|29|53|".49"|".49"|0|0|0|0|0|0|0|0|0|0|0|0|18.1|25|54.4|||||||5.1|6.2|7.3|||||||||||||||||||||||||||||||||"27658572"|"82718073"
"H2"||"H"||2||18|||91|||||0|0|0|0|0|0|100|100|100|100|100|100|100|100|100|95|97.5|100|0|7.4|10||0.7|||0.9|||1.2|||2.3|||2.3||10|17.6|40|||||||60|75|90||||0|1|2||||1.3|1.38|1.45||||1.49|1.57|1.64||0|0.7056|1.4111|0.09|0.1|0.11||||41.1|43.3|45.2|32.2|40.7|41.3|42|45|48|3|4.5|5.9|50|67.5|85|20|30|40|23|37|53|".49"|".49"|0|0|0|0|0|0|0|0|0|0|0|0|13.3|28.1|44|||||||5.1|6.5|7.8|||||||||||||||||||||||||||||||||"27658572"|"82718074"
"H3"||"H"||3||91|||117|||||0|0|0|0|0|0|100|100|100|100|100|100|100|100|100|95|97.5|100|0|7.4|10||0.7|||0.9|||1.2|||2.3|||2.3||10|17.6|40|||||||60|75|90||||0|0.25|0.5||||1.3|1.38|1.45||||1.49|1.57|1.64||0|0.7056|1.4111|0.09|0.1|0.11||||41.1|43.3|45.2|32.2|40.5|40.7|43|45|48|3|4.5|5.9|50|67.5|85|20|30|40|23|37|53|".49"|".49"|0|0|0|0|0|0|0|0|0|0|0|0|13.3|21.8|28.7|||||||6.6|7.2|7.8|||||||||||||||||||||||||||||||||"27658572"|"82718075"
"H4"||"H"||4||117|||157|||||0|0|0|0|0|0|100|100|100|100|100|100|100|100|100|95|97.5|100|0|7.4|10||0.7|||0.9|||1.2|||2.3|||2.3||10|17.6|40|||||||60|75|90||||0|0.25|0.5||||1.3|1.4|1.5||||1.5|1.6|1.66||0|0.7056|1.4111|0.08|0.09|0.1||||40.6|42.9|44.7|32.4|40.3|40.7|41|45|48|3|4.5|5.9|50|67.5|85|20|30|40|23|37|53|".49"|".49"|0|0|0|0|0|0|0|0|0|0|0|0|12.2|19.7|25.3|||||||7.4|7.9|8.4|||||||||||||||||||||||||||||||||"27658572"|"82718076"
"H1"||"H"||1||0|||15|||||0|0|0|0|0|0|100|100|100|100|100|100|90|95|100|85|92.5|100|0|18.4|20||1.3|||2|||2.9|||5.8|||6.4||20|43.6|70|||||||27|38|90||||2|4|6||||1.1|1.3|1.5||||1.28|1.48|1.54||0.4233|2.3283|4.2333|0.11|0.16|0.21||||23.8|35.2|46.2|16.4|24.2|41.6|38|46|53|3|4.5|5.9|40|60|80|20|30|40|17|32|51|".49"|".49"|0|0|0|0|0|0|0|0|0|0|0|0|14.6|20.6|48.6|||||||4.5|5.9|7.3|||||||||||||||||||||||||||||||||"27658573"|"82718077"
"H2"||"H"||2||15|||41|||||0|0|0|0|0|0|100|100|100|100|100|100|95|97.5|100|75|87.5|100|0|7.4|10||0.7|||0.9|||1.2|||2.3|||2.3||10|17.6|40|||||||60|75|90||||0.5|1.25|2||||1.25|1.38|1.5||||1.44|1.57|1.64||0|0.7056|1.4111|0.09|0.1|0.11||||38|43.3|45.2|32.8|40.7|41.5|40|45|49|3|4.5|5.9|50|65|80|20|32.5|45|16|33|55|".49"|".49"|0|0|0|0|0|0|0|0|0|0|0|0|31.4|39.7|47.8|||||||4.5|5.9|7.3|||||||||||||||||||||||||||||||||"27658573"|"82718078"
"H3"||"H"||3||41|||74|||||0|0|0|0|0|0|100|100|100|100|100|100|95|97.5|100|95|97.5|100|0|7.4|10||0.7|||0.9|||1.2|||2.3|||2.3||10|17.6|40|||||||60|75|90||||0.5|1.25|2||||1.25|1.38|1.5||||1.44|1.57|1.64||0|0.7056|1.4111|0.09|0.1|0.11||||38|43.3|45.2|32.8|40.7|41.5|40|45|49|3|4.5|5.9|50|65|80|20|32.5|45|23|38|55|".49"|".49"|0|0|0|0|0|0|0|0|0|0|0|0|31.4|39.7|47.8|||||||5.6|7|8.4|||||||||||||||||||||||||||||||||"27658573"|"82718079"
"H4"||"H"||4||74|||165|||||0|0|0|0|0|0|100|100|100|100|100|100|95|97.5|100|95|97.5|100|0|7.4|10||0.7|||0.9|||1.2|||2.3|||2.3||10|17.6|40|||||||60|75|90||||0|0.25|0.5||||1.25|1.38|1.5||||1.44|1.57|1.64||0|0.2117|0.4233|0.08|0.09|0.1||||39|43.3|45.2|32.2|40.5|40.7|41|45|50|3|4.5|5.9|50|65|80|20|32.5|45|23|38|55|".49"|".49"|0|0|0|0|0|0|0|0|0|0|0|0|29.8|38.7|46.8|||||||7.9|8.2|8.4|||||||||||||||||||||||||||||||||"27658573"|"82718080"
"H1"||"H"||1||0|||20|||||0|0|0|0|0|0|100|100|100|95|97.5|100|90|95|100|70|82.5|95|0|16.9|20||0.1|||0.4|||1.1|||4.9|||10.4||10|48.1|50|||||||30|35|40||||4|10|16||||1.1|1.3|1.5||||1.42|1.62|1.68||0|0.7056|1.4111|0.17|0.2|0.23||||24.2|25.2|37.2|19.7|21.8|29|33|42|51|6|7.5|8.9|40|60|80|10|25|40|7|24|48|".49"|".49"|0|0|0|0|0|0|0|0|0|0|0|0|16.5|22.6|30.2|||||||5.6|6.5|7.3|||||||||||||||||||||||||||||||||"27658574"|"82718081"
"H2"||"H"||2||20|||61|||||0|0|0|0|0|0|100|100|100|95|97.5|100|95|97.5|100|95|97.5|100|0|7.4|20||0.7|||0.9|||1.2|||2.3|||2.3||10|17.6|40|||||||60|75|90||||0.5|1.25|2||||1.25|1.38|1.5||||1.59|1.72|1.79||0|0.2117|0.4233|0.09|0.1|0.11||||37|42.7|45.2|31.9|40.7|41|39|44|49|6|7.5|8.9|50|65|80|20|32.5|45|23|38|55|".49"|".49"|0|0|0|0|0|0|0|0|0|0|0|0|18.7|27.8|39.7|||||||5.6|6.7|7.8|||||||||||||||||||||||||||||||||"27658574"|"82718082"
"H3"||"H"||3||61|||165|||||0|0|0|0|0|0|100|100|100|95|97.5|100|95|97.5|100|95|97.5|100|0|7.4|20||0.7|||0.9|||1.2|||2.3|||2.3||10|17.6|40|||||||60|75|90||||0|0.25|0.5||||1.25|1.38|1.5||||1.59|1.72|1.79||0|0.2117|0.4233|0.08|0.09|0.1||||40|42.7|45.2|31.4|40|40.7|40|45|50|6|7.5|8.9|50|65|80|20|32.5|45|23|38|55|".49"|".49"|0|0|0|0|0|0|0|0|0|0|0|0|12.2|22.5|34.4|||||||5.6|7|8.4|||||||||||||||||||||||||||||||||"27658574"|"82718083"
"H4"||"H"||4||117|||157|||||0|0|0|0|0|0|100|100|100|100|100|100|100|100|100|95|97.5|100|0|7.4|10||0.7|||0.9|||1.2|||2.3|||2.3||10|17.6|40|||||||60|75|90||||0|0.25|0.5||||1.3|1.4|1.5||||1.5|1.6|1.66||0|0.7056|1.4111|0.08|0.09|0.1||||40.6|42.9|44.7|32.4|40.3|40.7|41|45|48|3|4.5|5.9|50|67.5|85|20|30|40|23|37|53|".49"|".49"|0|0|0|0|0|0|0|0|0|0|0|0|12.2|19.7|25.3|||||||7.4|7.9|8.4|||||||||||||||||||||||||||||||||"27658575"|"82718084"
"H1"||"H"||1||0|||18|||||0|0|0|0|0|0|100|100|100|100|100|100|90|95|100|85|92.5|100|0|18.4|20||1.3|||2|||2.9|||5.8|||6.4||10|43.6|65|||||||35|38|90||||4|10|16||||1.1|1.35|1.6||||1.29|1.54|1.6||1.4111|2.8222|4.2333|0.11|0.17|0.23||||28.6|38|49.1|23.5|32|44.2|30|40|51|3|4.5|5.9|40|62.5|85|10|25|40|10|29|53|".49"|".49"|0|0|0|0|0|0|0|0|0|0|0|0|18.1|25|54.4|||||||5.1|6.2|7.3|||||||||||||||||||||||||||||||||"27658575"|"82718085"
"H2"||"H"||2||18|||91|||||0|0|0|0|0|0|100|100|100|100|100|100|100|100|100|95|97.5|100|0|7.4|10||0.7|||0.9|||1.2|||2.3|||2.3||10|17.6|40|||||||60|75|90||||0|1|2||||1.3|1.38|1.45||||1.49|1.57|1.64||0|0.7056|1.4111|0.09|0.1|0.11||||41.1|43.3|45.2|32.2|40.7|41.3|42|45|48|3|4.5|5.9|50|67.5|85|20|30|40|23|37|53|".49"|".49"|0|0|0|0|0|0|0|0|0|0|0|0|13.3|28.1|44|||||||5.1|6.5|7.8|||||||||||||||||||||||||||||||||"27658575"|"82718086"
"H3"||"H"||3||91|||117|||||0|0|0|0|0|0|100|100|100|100|100|100|100|100|100|95|97.5|100|0|7.4|10||0.7|||0.9|||1.2|||2.3|||2.3||10|17.6|40|||||||60|75|90||||0|0.25|0.5||||1.3|1.38|1.45||||1.49|1.57|1.64||0|0.7056|1.4111|0.09|0.1|0.11||||41.1|43.3|45.2|32.2|40.5|40.7|43|45|48|3|4.5|5.9|50|67.5|85|20|30|40|23|37|53|".49"|".49"|0|0|0|0|0|0|0|0|0|0|0|0|13.3|21.8|28.7|||||||6.6|7.2|7.8|||||||||||||||||||||||||||||||||"27658575"|"82718087"
"H1"||"H"||1||0|||15|||||0|0|0|0|0|0|100|100|100|100|100|100|90|95|100|85|92.5|100|0|18.4|20||1.3|||2|||2.9|||5.8|||6.4||20|43.6|70|||||||27|38|90||||2|4|6||||1.1|1.3|1.5||||1.28|1.48|1.54||0.4233|2.3283|4.2333|0.11|0.16|0.21||||23.8|35.2|46.2|16.4|24.2|41.6|38|46|53|3|4.5|5.9|40|60|80|20|30|40|17|32|51|".49"|".49"|0|0|0|0|0|0|0|0|0|0|0|0|14.6|20.6|48.6|||||||4.5|5.9|7.3|||||||||||||||||||||||||||||||||"27658576"|"82718088"
"H2"||"H"||2||15|||41|||||0|0|0|0|0|0|100|100|100|100|100|100|95|97.5|100|75|87.5|100|0|7.4|10||0.7|||0.9|||1.2|||2.3|||2.3||10|17.6|40|||||||60|75|90||||0.5|1.25|2||||1.25|1.38|1.5||||1.44|1.57|1.64||0|0.7056|1.4111|0.09|0.1|0.11||||38|43.3|45.2|32.8|40.7|41.5|40|45|49|3|4.5|5.9|50|65|80|20|32.5|45|16|33|55|".49"|".49"|0|0|0|0|0|0|0|0|0|0|0|0|31.4|39.7|47.8|||||||4.5|5.9|7.3|||||||||||||||||||||||||||||||||"27658576"|"82718089"
"H3"||"H"||3||41|||74|||||0|0|0|0|0|0|100|100|100|100|100|100|95|97.5|100|95|97.5|100|0|7.4|10||0.7|||0.9|||1.2|||2.3|||2.3||10|17.6|40|||||||60|75|90||||0.5|1.25|2||||1.25|1.38|1.5||||1.44|1.57|1.64||0|0.7056|1.4111|0.09|0.1|0.11||||38|43.3|45.2|32.8|40.7|41.5|40|45|49|3|4.5|5.9|50|65|80|20|32.5|45|23|38|55|".49"|".49"|0|0|0|0|0|0|0|0|0|0|0|0|31.4|39.7|47.8|||||||5.6|7|8.4|||||||||||||||||||||||||||||||||"27658576"|"82718090"
"H4"||"H"||4||74|||165|||||0|0|0|0|0|0|100|100|100|100|100|100|95|97.5|100|95|97.5|100|0|7.4|10||0.7|||0.9|||1.2|||2.3|||2.3||10|17.6|40|||||||60|75|90||||0|0.25|0.5||||1.25|1.38|1.5||||1.44|1.57|1.64||0|0.2117|0.4233|0.08|0.09|0.1||||39|43.3|45.2|32.2|40.5|40.7|41|45|50|3|4.5|5.9|50|65|80|20|32.5|45|23|38|55|".49"|".49"|0|0|0|0|0|0|0|0|0|0|0|0|29.8|38.7|46.8|||||||7.9|8.2|8.4|||||||||||||||||||||||||||||||||"27658576"|"82718091"
"H1"||"H"||1||0|||23|||||0|0|0|0|0|0|100|100|100|95|97.5|100|55|70|85|30|42.5|55|40|70.4|75||0.3|||4.9|||15.6|||30.6|||19||15|22.1|50|||||||5|7.5|10||||3|5|7||||1|1.15|1.3||||1.05|1.2|1.35||14.1111|28.2222|42.3333|0.13|0.17|0.2||||11.8|18.9|22|5.8|9.3|12.9|44|50|56|0|1.5|2.9|0|15|30|0|3.5|7|0|0|1|".17"|".17"|0|0|0|0|0|0|0|0|0|0|0|0||||3.2|4.6|6.1||||4.5|5.3|6|||||||||||||||||||||||||||||||||"27658577"|"82718092"
"H2"||"H"||2||23|||58|||||0|0|0|0|0|0|100|100|100|95|97.5|100|55|75|95|30|52.5|75|25|82.2|85||0|||1.9|||14.3|||43.3|||22.7||5|9.3|70|||||||5|8.5|12||||0.5|1.25|2||||1.15|1.3|1.45||||1.21|1.36|1.51||14.1111|28.2222|42.3333|0.13|0.18|0.22|11.4|21.2|23.9|8.6|16|19.1|3.5|6.5|9.5|41|47|53|0|1.5|2.9|0|15|30|0|4.5|9|0|0|5|".24"|".24"|0|0|0|0|0|0|0|0|0|0|0|0|5.2|8.4|11.9|||||||5.6|6.1|6.5|||||||||||||||||||||||||||||||||"27658577"|"82718093"
"H3"||"H"||3||58|||165|||||0|0|0|0|0|0|100|100|100|100|100|100|95|97.5|100|90|95|100|20|26.1|45||1.6|||2.2|||5|||9.4|||7.9||10|28.9|40|||||||35|45|55||||0|0.25|0.5||||1.35|1.53|1.7||||1.57|1.75|1.82||0|0.7056|1.4111|0.12|0.15|0.18||||28.8|35.2|36.9|21.4|25.2|31|34|40|46|3|4.5|5.9|35|45|55|11|20.5|30|10|21|34|".24"|".24"|0|0|0|0|0|0|0|0|0|0|0|0|23.4|32.6|40.2|||||||6.1|6.7|7.3|||||||||||||||||||||||||||||||||"27658577"|"82718094"
"H3"||"H"||3||56|||152|||||0|0|0|5|10|15|20|37.5|55|15|32.5|50|10|22.5|35|0|7.5|15|75|96|100||0.7|||13.1|||37.2|||37.8|||7.2||0|1.5|25|||||||0|2.5|5||||0|0.25|0.5||||1.45|1.55|1.65||||1.62|1.72|1.9||42.3333|91.7222|141.1111|0.01|0.02|0.02|0.1|5.1|9|0.1|3.3|6.6|0|0.9|2.5||16|26|0|1.5|2.9|0|7|14|0|0|0|0|0|0|".02"|".02"|0|0|0|0|0|0|0|0|0|0|0|0|0|1.3|2.7|||||||7.4|7.9|8.4|||||||||||||||||||||||||||||||||"27658578"|"82718097"
"H2"||"H"||2||28|||56|||||0|0|0|5|10|15|40|47.5|55|35|42.5|50|20|35|50|10|25|40|40|84.3|85||0.7|||10.7|||28.8|||34.1|||10||0|4.2|50|||||||5|11.5|18||||0.5|1.25|2||||1.25|1.4|1.55||||1.37|1.52|1.64||14.1111|28.2222|42.3333|0.06|0.08|0.1|4.5|12.7|16.8|3.6|10|14.4|1.7|4.8|8.8|17|24|31|0|1.5|2.9|0|5|10|0|2|4|0|0|0|".05"|".10"|0|0|0|0|0|0|0|0|0|0|0|0|2.7|6.2|9.8|||||||6.1|6.7|7.3|||||||||||||||||||||||||||||||||"27658578"|"82718096"
"H1"||"H"||1||0|||28|||||0|0|0|0|3|5|80|90|100|75|85|95|45|67.5|90|20|45|70|40|67.5|75||0.3|||4.7|||15|||29.3|||18.2||15|21|50|||||||5|11.5|18||||2|3.5|5||||1.1|1.25|1.4||||1.16|1.31|1.46||4.2333|23.2833|42.3333|0.11|0.14|0.16||||8.4|18.3|23.6|4.4|9.6|15.5|36|44|52|0|1.5|2.9|25|30|35|5|7.5|10|0|0|6|".17"|".17"|0|0|0|0|0|0|0|0|0|0|0|0|2.8|6.3|9.9|||||||5.6|6.5|7.3|||||||||||||||||||||||||||||||||"27658578"|"82718095"
"H1"||"H"||1||0|||18|||||0|0|0|0|0|0|100|100|100|95|97.5|100|55|70|85|30|42.5|55|60|67.4|85||0.3|||4.9|||15.6|||30.6|||19||5|25.1|50|||||||5|7.5|10||||3|5|7||||1|1.15|1.3||||1.05|1.2|1.35||14.1111|28.2222|42.3333|0.11|0.16|0.2||||11.8|18.9|22|5.8|9.3|12.9|44|50|56|0|1.5|2.9|0|15|30|0|4.5|9|0|0|2|".20"|".20"|0|0|0|0|0|0|0|0|0|0|0|0|5|7.3|9.6|||||||5.1|5.6|6|||||||||||||||||||||||||||||||||"27658579"|"82718098"
"H2"||"H"||2||18|||58|||||0|0|0|0|0|0|100|100|100|95|97.5|100|55|70|85|25|37.5|50|60|67.4|85||0.3|||4.9|||15.6|||30.6|||19||5|25.1|50|||||||5|7.5|10||||0.5|1.75|3||||1.15|1.3|1.45||||1.21|1.36|1.51||14.1111|28.2222|42.3333|0.1|0.13|0.16||||8.6|16|19.2|3.5|6.5|9.6|41|47|53|0|1.5|2.9|0|15|30|0|4.5|9|0|0|1|".37"|".37"|0|0|0|0|0|0|0|0|0|0|0|0|4.6|7|9.3|||||||5.1|5.6|6|||||||||||||||||||||||||||||||||"27658579"|"82718099"
"H3"||"H"||3||58|||165|||||0|0|0|0|0|0|100|100|100|100|100|100|95|97.5|100|90|95|100|0|18.4|25||1.3|||2|||2.9|||5.8|||6.4||30|43.6|70|||||||30|38|55||||0|0.25|0.5||||1.4|1.55|1.7||||1.62|1.77|1.84||0|0.7056|1.4111|0.12|0.14|0.16||||27.3|35.1|38.5|18.6|23.9|31.1|34|39|45|3|4.5|5.9|30|42.5|55|11|20.5|30|9|21|34|".37"|".37"|0|0|0|0|0|0|0|0|0|0|0|0|9.5|17.1|28.5|||||||5.1|6.2|7.3|||||||||||||||||||||||||||||||||"27658579"|"82718100"
"H1"||"H"||1||0|||18|||||0|0|0|0|0|0|100|100|100|95|97.5|100|60|77.5|95|30|47.5|65|40|69.7|75||0.3|||4.8|||15.5|||30.3|||18.8||15|21.8|50|||||||5|8.5|12||||4|6|8||||1|1.15|1.3||||1.05|1.2|1.35||14.1111|28.2222|42.3333|0.13|0.19|0.25||||12.9|20.3|23.5|6.9|10.9|14.9|43|49|56|0|1.5|2.9|0|15|30|0|4.5|9|0|0|4|".17"|".17"|0|0|0|0|0|0|0|0|0|0|0|0|5.7|9.7|15.3|||||||5.1|6.2|7.3|||||||||||||||||||||||||||||||||"27658580"|"82718101"
"H2"||"H"||2||18|||56|||||0|0|0|0|0|0|100|100|100|95|97.5|100|60|77.5|95|30|47.5|65|40|69.7|75||0.3|||4.8|||15.5|||30.3|||18.8||15|21.8|50|||||||5|8.5|12||||0.5|1.75|3||||1.15|1.3|1.45||||1.21|1.36|1.51||14.1111|28.2222|42.3333|0.12|0.16|0.2||||8.2|16.7|20.2|3.5|7.1|10.7|41|47|53|0|1.5|2.9|0|15|30|0|4.5|9|0|0|4|".32"|".32"|0|0|0|0|0|0|0|0|0|0|0|0|4.6|8.6|13.8|||||||5.1|6.2|7.3|||||||||||||||||||||||||||||||||"27658580"|"82718102"
"H3"||"H"||3||56|||165|||||0|0|0|0|0|0|100|100|100|100|100|100|95|97.5|100|90|95|100|0|26.1|30||1.6|||2.2|||5|||9.4|||7.9||25|28.9|70|||||||35|45|55||||0|0.25|0.5||||1.4|1.55|1.7||||1.62|1.77|1.84||0|0.7056|1.4111|0.11|0.14|0.16||||29.6|34.8|36.5|21.7|25.2|31.1|34|39|45|3|4.5|5.9|25|40|55|11|20.5|30|7|20|34|".24"|".24"|0|0|0|0|0|0|0|0|0|0|0|0|8.9|16.6|25.7|||||||5.6|7|8.4|||||||||||||||||||||||||||||||||"27658580"|"82718103"
"H3"||"H"||3||56|||152|||||0|0|0|5|10|15|20|37.5|55|15|32.5|50|10|22.5|35|0|7.5|15|75|96|100||0.7|||13.1|||37.2|||37.8|||7.2||0|1.5|25|||||||0|2.5|5||||0|0.25|0.5||||1.45|1.55|1.65||||1.62|1.72|1.9||42.3333|91.7222|141.1111|0.01|0.02|0.02|0.1|5.1|9|0.1|3.3|6.6|0|0.9|2.5||16|26|0|1.5|2.9|0|7|14|0|0|0|0|0|0|".02"|".02"|0|0|0|0|0|0|0|0|0|0|0|0|0|1.3|2.7|||||||7.4|7.9|8.4|||||||||||||||||||||||||||||||||"27658591"|"82718131"
"H2"||"H"||2||28|||56|||||0|0|0|5|10|15|40|47.5|55|35|42.5|50|20|35|50|10|25|40|40|84.3|85||0.7|||10.7|||28.8|||34.1|||10||0|4.2|50|||||||5|11.5|18||||0.5|1.25|2||||1.25|1.4|1.55||||1.37|1.52|1.64||14.1111|28.2222|42.3333|0.06|0.08|0.1|4.5|12.7|16.8|3.6|10|14.4|1.7|4.8|8.8|17|24|31|0|1.5|2.9|0|5|10|0|2|4|0|0|0|".05"|".10"|0|0|0|0|0|0|0|0|0|0|0|0|2.7|6.2|9.8|||||||6.1|6.7|7.3|||||||||||||||||||||||||||||||||"27658591"|"82718130"
"H1"||"H"||1||0|||28|||||0|0|0|0|3|5|80|90|100|75|85|95|45|67.5|90|20|45|70|40|67.5|75||0.3|||4.7|||15|||29.3|||18.2||15|21|50|||||||5|11.5|18||||2|3.5|5||||1.1|1.25|1.4||||1.16|1.31|1.46||4.2333|23.2833|42.3333|0.11|0.14|0.16||||8.4|18.3|23.6|4.4|9.6|15.5|36|44|52|0|1.5|2.9|25|30|35|5|7.5|10|0|0|6|".17"|".17"|0|0|0|0|0|0|0|0|0|0|0|0|2.8|6.3|9.9|||||||5.6|6.5|7.3|||||||||||||||||||||||||||||||||"27658591"|"82718129"
"H1"||"H"||1||0|||23|||||0|0|0|0|0|0|100|100|100|95|97.5|100|55|70|85|30|42.5|55|40|70.4|75||0.3|||4.9|||15.6|||30.6|||19||15|22.1|50|||||||5|7.5|10||||3|5|7||||1|1.15|1.3||||1.05|1.2|1.35||14.1111|28.2222|42.3333|0.13|0.17|0.2||||11.8|18.9|22|5.8|9.3|12.9|44|50|56|0|1.5|2.9|0|15|30|0|3.5|7|0|0|1|".17"|".17"|0|0|0|0|0|0|0|0|0|0|0|0||||3.2|4.6|6.1||||4.5|5.3|6|||||||||||||||||||||||||||||||||"27658592"|"82718132"
"H2"||"H"||2||23|||58|||||0|0|0|0|0|0|100|100|100|95|97.5|100|55|75|95|30|52.5|75|25|82.2|85||0|||1.9|||14.3|||43.3|||22.7||5|9.3|70|||||||5|8.5|12||||0.5|1.25|2||||1.15|1.3|1.45||||1.21|1.36|1.51||14.1111|28.2222|42.3333|0.13|0.18|0.22|11.4|21.2|23.9|8.6|16|19.1|3.5|6.5|9.5|41|47|53|0|1.5|2.9|0|15|30|0|4.5|9|0|0|5|".24"|".24"|0|0|0|0|0|0|0|0|0|0|0|0|4.6|7.7|10.8|||||||5.6|6.1|6.5|||||||||||||||||||||||||||||||||"27658592"|"82718133"
"H3"||"H"||3||58|||165|||||0|0|0|0|0|0|100|100|100|100|100|100|95|97.5|100|90|95|100|20|26.1|45||1.6|||2.2|||5|||9.4|||7.9||10|28.9|40|||||||35|45|55||||0|0.25|0.5||||1.35|1.53|1.7||||1.57|1.75|1.82||0|0.7056|1.4111|0.12|0.15|0.18||||28.8|35.2|36.9|21.4|25.2|31|34|40|46|3|4.5|5.9|35|45|55|11|20.5|30|10|21|34|".24"|".24"|0|0|0|0|0|0|0|0|0|0|0|0|10.4|17.4|23.4|||||||6.1|6.7|7.3|||||||||||||||||||||||||||||||||"27658592"|"82718134"
"H1"||"H"||1||0|||18|||||0|0|0|0|0|0|100|100|100|95|97.5|100|55|70|85|30|42.5|55|60|67.4|85||0.3|||4.9|||15.6|||30.6|||19||5|25.1|50|||||||5|7.5|10||||3|5|7||||1|1.15|1.3||||1.05|1.2|1.35||14.1111|28.2222|42.3333|0.11|0.16|0.2||||11.8|18.9|22|5.8|9.3|12.9|44|50|56|0|1.5|2.9|0|15|30|0|4.5|9|0|0|2|".20"|".20"|0|0|0|0|0|0|0|0|0|0|0|0|6.8|9.9|13.5|||||||5.1|5.6|6|||||||||||||||||||||||||||||||||"27658593"|"82718135"
"H2"||"H"||2||18|||58|||||0|0|0|0|0|0|100|100|100|95|97.5|100|55|70|85|25|37.5|50|60|67.4|85||0.3|||4.9|||15.6|||30.6|||19||5|25.1|50|||||||5|7.5|10||||0.5|1.75|3||||1.15|1.3|1.45||||1.21|1.36|1.51||14.1111|28.2222|42.3333|0.1|0.13|0.16||||8.6|16|19.2|3.5|6.5|9.6|41|47|53|0|1.5|2.9|0|15|30|0|4.5|9|0|0|1|".37"|".37"|0|0|0|0|0|0|0|0|0|0|0|0|4.6|7|9.3|||||||5.1|5.6|6|||||||||||||||||||||||||||||||||"27658593"|"82718136"
"H3"||"H"||3||58|||165|||||0|0|0|0|0|0|100|100|100|100|100|100|95|97.5|100|90|95|100|0|18.4|25||1.3|||2|||2.9|||5.8|||6.4||30|43.6|70|||||||30|38|55||||0|0.25|0.5||||1.4|1.55|1.7||||1.62|1.77|1.84||0|0.7056|1.4111|0.12|0.14|0.16||||27.3|35.1|38.5|18.6|23.9|31.1|34|39|45|3|4.5|5.9|30|42.5|55|11|20.5|30|9|21|34|".37"|".37"|0|0|0|0|0|0|0|0|0|0|0|0|20.4|28|40.2|||||||5.1|6.2|7.3|||||||||||||||||||||||||||||||||"27658593"|"82718137"
"H3"||"H"||3||56|||152|||||0|0|0|5|10|15|20|37.5|55|15|32.5|50|10|22.5|35|0|7.5|15|75|96|100||0.7|||13.1|||37.2|||37.8|||7.2||0|1.5|25|||||||0|2.5|5||||0|0.25|0.5||||1.45|1.55|1.65||||1.62|1.72|1.9||42.3333|91.7222|141.1111|0.01|0.02|0.02|0.1|5.1|9|0.1|3.3|6.6|0|0.9|2.5||16|26|0|1.5|2.9|0|7|14|0|0|0|0|0|0|".02"|".02"|0|0|0|0|0|0|0|0|0|0|0|0|0|1.3|2.7|||||||7.4|7.9|8.4|||||||||||||||||||||||||||||||||"27658594"|"82718140"
"H2"||"H"||2||28|||56|||||0|0|0|5|10|15|40|47.5|55|35|42.5|50|20|35|50|10|25|40|40|84.3|85||0.7|||10.7|||28.8|||34.1|||10||0|4.2|50|||||||5|11.5|18||||0.5|1.25|2||||1.25|1.4|1.55||||1.37|1.52|1.64||14.1111|28.2222|42.3333|0.06|0.08|0.1|4.5|12.7|16.8|3.6|10|14.4|1.7|4.8|8.8|17|24|31|0|1.5|2.9|0|5|10|0|2|4|0|0|0|".05"|".10"|0|0|0|0|0|0|0|0|0|0|0|0|2.7|6.2|9.8|||||||6.1|6.7|7.3|||||||||||||||||||||||||||||||||"27658594"|"82718139"
"H1"||"H"||1||0|||28|||||0|0|0|0|3|5|80|90|100|75|85|95|45|67.5|90|20|45|70|40|67.5|75||0.3|||4.7|||15|||29.3|||18.2||15|21|50|||||||5|11.5|18||||2|3.5|5||||1.1|1.25|1.4||||1.16|1.31|1.46||4.2333|23.2833|42.3333|0.11|0.14|0.16||||8.4|18.3|23.6|4.4|9.6|15.5|36|44|52|0|1.5|2.9|25|30|35|5|7.5|10|0|0|6|".17"|".17"|0|0|0|0|0|0|0|0|0|0|0|0|2.8|6.3|9.9|||||||5.6|6.5|7.3|||||||||||||||||||||||||||||||||"27658594"|"82718138"
"H1"||"H"||1||0|||23|||||0|0|0|0|0|0|100|100|100|95|97.5|100|55|70|85|30|42.5|55|40|70.4|75||0.3|||4.9|||15.6|||30.6|||19||15|22.1|50|||||||5|7.5|10||||3|5|7||||1|1.15|1.3||||1.05|1.2|1.35||14.1111|28.2222|42.3333|0.13|0.17|0.2||||11.8|18.9|22|5.8|9.3|12.9|44|50|56|0|1.5|2.9|0|15|30|0|3.5|7|0|0|1|".17"|".17"|0|0|0|0|0|0|0|0|0|0|0|0||||3.2|4.6|6.1||||4.5|5.3|6|||||||||||||||||||||||||||||||||"27658595"|"82718141"
"H2"||"H"||2||23|||58|||||0|0|0|0|0|0|100|100|100|95|97.5|100|55|75|95|30|52.5|75|25|82.2|85||0|||1.9|||14.3|||43.3|||22.7||5|9.3|70|||||||5|8.5|12||||0.5|1.25|2||||1.15|1.3|1.45||||1.21|1.36|1.51||14.1111|28.2222|42.3333|0.13|0.18|0.22|11.4|21.2|23.9|8.6|16|19.1|3.5|6.5|9.5|41|47|53|0|1.5|2.9|0|15|30|0|4.5|9|0|0|5|".24"|".24"|0|0|0|0|0|0|0|0|0|0|0|0|4.6|7.7|10.8|||||||5.6|6.1|6.5|||||||||||||||||||||||||||||||||"27658595"|"82718142"
"H3"||"H"||3||58|||165|||||0|0|0|0|0|0|100|100|100|100|100|100|95|97.5|100|90|95|100|20|26.1|45||1.6|||2.2|||5|||9.4|||7.9||10|28.9|40|||||||35|45|55||||0|0.25|0.5||||1.35|1.53|1.7||||1.57|1.75|1.82||0|0.7056|1.4111|0.12|0.15|0.18||||28.8|35.2|36.9|21.4|25.2|31|34|40|46|3|4.5|5.9|35|45|55|11|20.5|30|10|21|34|".24"|".24"|0|0|0|0|0|0|0|0|0|0|0|0|23.4|32.6|40.2|||||||6.1|6.7|7.3|||||||||||||||||||||||||||||||||"27658595"|"82718143"
"H1"||"H"||1||0|||18|||||0|0|0|0|0|0|100|100|100|95|97.5|100|55|70|85|30|42.5|55|60|67.4|85||0.3|||4.9|||15.6|||30.6|||19||5|25.1|50|||||||5|7.5|10||||3|5|7||||1|1.15|1.3||||1.05|1.2|1.35||14.1111|28.2222|42.3333|0.11|0.16|0.2||||11.8|18.9|22|5.8|9.3|12.9|44|50|56|0|1.5|2.9|0|15|30|0|4.5|9|0|0|2|".20"|".20"|0|0|0|0|0|0|0|0|0|0|0|0|5|7.3|9.6|||||||5.1|5.6|6|||||||||||||||||||||||||||||||||"27658596"|"82718144"
"H2"||"H"||2||18|||58|||||0|0|0|0|0|0|100|100|100|95|97.5|100|55|70|85|25|37.5|50|60|67.4|85||0.3|||4.9|||15.6|||30.6|||19||5|25.1|50|||||||5|7.5|10||||0.5|1.75|3||||1.15|1.3|1.45||||1.21|1.36|1.51||14.1111|28.2222|42.3333|0.1|0.13|0.16||||8.6|16|19.2|3.5|6.5|9.6|41|47|53|0|1.5|2.9|0|15|30|0|4.5|9|0|0|1|".37"|".37"|0|0|0|0|0|0|0|0|0|0|0|0|4.6|7|9.3|||||||5.1|5.6|6|||||||||||||||||||||||||||||||||"27658596"|"82718145"
"H3"||"H"||3||58|||165|||||0|0|0|0|0|0|100|100|100|100|100|100|95|97.5|100|90|95|100|0|18.4|25||1.3|||2|||2.9|||5.8|||6.4||30|43.6|70|||||||30|38|55||||0|0.25|0.5||||1.4|1.55|1.7||||1.62|1.77|1.84||0|0.7056|1.4111|0.12|0.14|0.16||||27.3|35.1|38.5|18.6|23.9|31.1|34|39|45|3|4.5|5.9|30|42.5|55|11|20.5|30|9|21|34|".37"|".37"|0|0|0|0|0|0|0|0|0|0|0|0|20.4|28|40.2|||||||5.1|6.2|7.3|||||||||||||||||||||||||||||||||"27658596"|"82718146"
"H1"||"H"||1||0|||20|||||0|0|0|0|3|5|80|87.5|95|75|82.5|90|50|67.5|85|40|60|80|25|27.1|70||2.2|||3.1|||4.4|||8.5|||8.9||15|54.4|65|||||||10|18.5|27||||3|6.5|10||||1.1|1.25|1.4||||1.16|1.31|1.46||4.2333|9.1722|14.1111|0.12|0.16|0.19||||13.3|27.7|33.7|7.2|15|23.4|34|42|50|0|1.5|2.9|30|35|40|5|10|15|0|4|12|".32"|".32"|0|0|0|0|0|0|0|0|0|0|0|0|5.5|10.2|14.9|||||||5.6|6.5|7.3|||||||||||||||||||||||||||||||||"27658603"|"82718166"
"H2"||"H"||2||20|||61|||||0|0|0|0|3|5|60|85|95|55|80|90|40|62.5|85|25|52.5|80|25|39.8|70||3.6|||5|||6.9|||12.5|||11.8||15|37.7|65|||||||18|22.5|27||||0.5|1.25|2||||1.2|1.35|1.5||||1.27|1.42|1.57||4.2333|9.1722|14.1111|0.09|0.14|0.18||||14.9|25.1|29.4|7.1|11.9|16.1|28|40|49|0|1.5|2.9|20|25|30|5|10|15|0|2|10|".37"|".37"|0|0|0|0|0|0|0|0|0|0|0|0|9.6|12.1|14.6|||||||6.1|7|7.8|||||||||||||||||||||||||||||||||"27658603"|"82718165"
"H3"||"H"||3||61|||152|||||0|0|0|5|8|10|40|75|75|35|65|70|25|45|65|15|37.5|60|25|39.8|70||3.6|||5|||6.9|||12.5|||11.8||15|37.7|65|||||||18|22.5|27||||0|0.25|0.5||||1.7|1.78|1.95||||1.82|1.9|2.01||0.4233|0.9172|1.4111|0.05|0.1|0.14||||9.8|19|22.8|5.2|11.3|15|10|21|25|0|1.5|2.9|20|25|30|5|10|15|0|0|6|".24"|".43"|0|0|0|0|0|0|0|0|0|0|0|0|9.1|11.8|14.3|||||||7.4|7.9|8.4|||||||||||||||||||||||||||||||||"27658603"|"82718167"
"H1"||"H"||1||0|||20|||||0|0|1|0|3|5|80|90|100|75|85|95|60|77.5|95|35|60|85|30|32.3|75||2.9|||4|||5.5|||10|||9.9||15|56.2|65|||||||5|11.5|18||||2|4|6||||1.1|1.25|1.4||||1.16|1.31|1.46||4.2333|9.1722|14.1111|0.13|0.17|0.2||||10.3|23.9|29.7|4.1|9.6|15.6|35|43|52|0|1.5|2.9|0|15|30|0|5|10|0|0|7|".37"|".37"|0|0|0|0|0|0|0|0|0|0|0|0|2.8|6.3|9.9|||||||5.6|6.7|7.8|||||||||||||||||||||||||||||||||"27658604"|"82718168"
"H2"||"H"||2||20|||71|||||0|1|1|0|3|5|55|90|95|50|85|90|40|62.5|85|25|52.5|70|30|32.3|75||2.9|||4|||5.5|||10|||9.9||15|56.2|65|||||||5|11.5|18||||0.5|1.25|2||||1.3|1.45|1.6||||1.37|1.52|1.67||4.2333|9.1722|14.1111|0.08|0.14|0.19||||6.4|21.6|26.8|2.2|7.5|12.4|23|38|45|0|1.5|2.9|0|15|30|0|5|10|0|0|5|".49"|".49"|0|4|10|0|0|0|0|0|0|0|0|0|2.7|6.2|9.8|||||||5.6|6.7|7.8|||||||||||||||||||||||||||||||||"27658604"|"82718169"
"H3"||"H"||3||71|||152|||||0|1|1|0|8|15|55|80|80|50|75|75|40|65|65|25|50|50|30|32.3|75||2.9|||4|||5.5|||10|||9.9||15|56.2|65|||||||5|11.5|18||||0|0.25|0.5||||1.7|1.78|1.95||||1.81|1.89|1.99||0.4233|0.9172|1.4111|0.08|0.1|0.12||||5.2|18.6|23.5|1.8|6.6|11.1|13|24|28|0|1.5|2.9|0|15|30|0|5|10|0|0|2|".64"|".64"|5|15|25|0|0|0|0|0|0|0|0|0|2.6|6.1|9.6|||||||7.4|7.9|8.4|||||||||||||||||||||||||||||||||"27658604"|"82718170"
"R"||"R"||||46|||71||||||||||||||||||||||||||||||||||||||||||||||||||||||||||||||||||||||||0.4233|2.3283|4.2333|||||||||||||||||||||||||||||||||0|0|0|0|0|0|0|0|0|||||||||||||||||||||||||||||||||||||||||||||"27658605"|"82718173"
"H1"||"H"||1||0|||13|||||0|1|1|5|10|20|90|95|100|85|90|95|70|82.5|95|50|70|90|25|26.5|50||2.1|||3|||4.3|||8.3|||8.8||30|53.5|65|||||||10|20|30||||2|4|6||||1.3|1.4|1.5||||1.37|1.47|1.54||4.2333|9.1722|14.1111|0.17|0.19|0.21||||12.4|27.1|33.3|6.6|14.5|22.9|31|37|43|0|1.5|2.9|20|30|40|0|9|18|0|4|17|".32"|".32"|0|0|0|0|0|0|0|0|0|0|0|0|5.5|11|16.4|||||||5.6|6.7|7.8|||||||||||||||||||||||||||||||||"27658605"|"82718171"
"H2"||"H"||2||13|||46|||||0|3|5|15|33|50|40|62.5|85|35|57.5|80|30|55|80|20|47.5|75|0|26.5|50||2.1|||3|||4.3|||8.3|||8.8||30|53.5|65|||||||10|20|30||||0.5|1.25|2||||1.4|1.55|1.7||||1.54|1.69|1.84||4.2333|9.1722|14.1111|0.06|0.11|0.16||||3.5|14.5|26.4|1.7|7.1|16.7||19|34|0|1.5|2.9|20|30|40|0|9|18|0|1|12|".15"|".49"|0|0|0|0|0|0|0|0|0|0|0|0|5.4|10.8|16.2|||||||6.1|7|7.8|||||||||||||||||||||||||||||||||"27658605"|"82718172"
"H1"||"H"||1||0|||23|||||0|0|0|0|0|0|80|90|100|75|87.5|100|50|72.5|95|50|70|90|20|22.4|70||1.9|||2.5|||2.3|||6.8|||8.9||10|55.1|65|||||||15|22.5|30||||5|12.5|20||||1.1|1.25|1.4||||1.16|1.31|1.46||1.4111|7.7611|14.1111|0.15|0.19|0.23||||16.3|33.6|40.9|11.6|23.9|37|32|40|49|0|1.5|2.9|35|40|45|5|10|15|0|7|16|".28"|".28"|0|0|0|0|0|0|0|0|0|0|0|0|8.3|12.5|16.7|||||||5.6|6.5|7.3|||||||||||||||||||||||||||||||||"27658606"|"82718174"
"H2"||"H"||2||23|||91|||||0|0|0|0|3|5|60|90|95|55|80|90|45|65|85|25|52.5|80|20|38.5|70||3.4|||4.9|||6.7|||12.1|||11.4||10|36.5|65|||||||18|25|32||||1|3|5||||1.2|1.35|1.5||||1.27|1.42|1.57||1.4111|7.7611|14.1111|0.08|0.13|0.18||||13.6|27.2|32.8|7.5|14.9|21.9|27|39|48|0|1.5|2.9|20|27.5|35|5|10|15|0|2|11|".28"|".28"|0|0|0|0|0|0|0|0|0|0|0|0|9.7|13.6|17.5|||||||6.1|7|7.8|||||||||||||||||||||||||||||||||"27658606"|"82718175"
"H3"||"H"||3||91|||152|||||0|0|0|5|5|10|35|90|95|30|85|90|25|55|85|15|47.5|80|20|66.9|70||0|||2.4|||14.4|||33.5|||16.6||10|14.1|65|||||||18|19|32||||0|0.5|1||||1.7|1.78|1.95||||1.79|1.87|1.97||0|0.7056|1.4111|0.06|0.11|0.15||||7.8|20.9|27.7|5.1|13.8|24.4||27|30|0|1.5|2.9|20|27.5|35|5|10|15|0|1|11|".28"|".28"|0|0|0|0|0|0|0|0|0|0|0|0|9.1|10.1|17.1|||||||7.4|7.9|8.4|||||||||||||||||||||||||||||||||"27658606"|"82718176"
"H1"||"H"||1||0|||20|||||0|0|0|0|3|5|80|87.5|95|75|82.5|90|50|67.5|85|40|60|80|25|27.1|70||2.2|||3.1|||4.4|||8.5|||8.9||15|54.4|65|||||||10|18.5|27||||3|6.5|10||||1.1|1.25|1.4||||1.16|1.31|1.46||4.2333|9.1722|14.1111|0.12|0.16|0.19||||13.3|27.7|33.7|7.2|15|23.4|34|42|50|0|1.5|2.9|30|35|40|5|10|15|0|4|12|".32"|".32"|0|0|0|0|0|0|0|0|0|0|0|0|5.5|10.2|14.9|||||||5.6|6.5|7.3|||||||||||||||||||||||||||||||||"27658607"|"82718177"
"H2"||"H"||2||20|||61|||||0|0|0|0|3|5|60|85|95|55|80|90|40|62.5|85|25|52.5|80|25|39.8|70||3.6|||5|||6.9|||12.5|||11.8||15|37.7|65|||||||18|22.5|27||||0.5|1.25|2||||1.2|1.35|1.5||||1.27|1.42|1.57||4.2333|9.1722|14.1111|0.09|0.14|0.18||||14.9|25.1|29.4|7.1|11.9|16.1|28|40|49|0|1.5|2.9|20|25|30|5|10|15|0|2|10|".37"|".37"|0|0|0|0|0|0|0|0|0|0|0|0|9.6|12.1|14.6|||||||6.1|7|7.8|||||||||||||||||||||||||||||||||"27658607"|"82718179"
"H3"||"H"||3||61|||152|||||0|0|0|5|8|10|40|75|75|35|65|70|25|45|65|15|37.5|60|25|39.8|70||3.6|||5|||6.9|||12.5|||11.8||15|37.7|65|||||||18|22.5|27||||0|0.25|0.5||||1.7|1.78|1.95||||1.82|1.9|2.01||0.4233|0.9172|1.4111|0.05|0.1|0.14||||9.8|19|22.8|5.2|11.3|15|10|21|25|0|1.5|2.9|20|25|30|5|10|15|0|0|6|".24"|".43"|0|0|0|0|0|0|0|0|0|0|0|0|9.1|11.8|14.3|||||||7.4|7.9|8.4|||||||||||||||||||||||||||||||||"27658607"|"82718178"
"H1"||"H"||1||0|||20|||||0|0|1|0|3|5|80|90|100|75|85|95|60|77.5|95|35|60|85|30|32.3|75||2.9|||4|||5.5|||10|||9.9||15|56.2|65|||||||5|11.5|18||||2|4|6||||1.1|1.25|1.4||||1.16|1.31|1.46||4.2333|9.1722|14.1111|0.13|0.17|0.2||||10.3|23.9|29.7|4.1|9.6|15.6|35|43|52|0|1.5|2.9|0|15|30|0|5|10|0|0|7|".37"|".37"|0|0|0|0|0|0|0|0|0|0|0|0|2.8|6.3|9.9|||||||5.6|6.7|7.8|||||||||||||||||||||||||||||||||"27658608"|"82718181"
"H2"||"H"||2||20|||71|||||0|1|1|0|3|5|55|90|95|50|85|90|40|62.5|85|25|52.5|70|30|32.3|75||2.9|||4|||5.5|||10|||9.9||15|56.2|65|||||||5|11.5|18||||0.5|1.25|2||||1.3|1.45|1.6||||1.37|1.52|1.67||4.2333|9.1722|14.1111|0.08|0.14|0.19||||6.4|21.6|26.8|2.2|7.5|12.4|23|38|45|0|1.5|2.9|0|15|30|0|5|10|0|0|5|".49"|".49"|0|4|10|0|0|0|0|0|0|0|0|0|2.7|6.2|9.8|||||||5.6|6.7|7.8|||||||||||||||||||||||||||||||||"27658608"|"82718182"
"H3"||"H"||3||71|||152|||||0|1|1|0|8|15|55|80|80|50|75|75|40|65|65|25|50|50|30|32.3|75||2.9|||4|||5.5|||10|||9.9||15|56.2|65|||||||5|11.5|18||||0|0.25|0.5||||1.7|1.78|1.95||||1.81|1.89|1.99||0.4233|0.9172|1.4111|0.08|0.1|0.12||||5.2|18.6|23.5|1.8|6.6|11.1|13|24|28|0|1.5|2.9|0|15|30|0|5|10|0|0|2|".64"|".64"|5|15|25|0|0|0|0|0|0|0|0|0|2.6|6.1|9.6|||||||7.4|7.9|8.4|||||||||||||||||||||||||||||||||"27658608"|"82718180"
"R"||"R"||||46|||71||||||||||||||||||||||||||||||||||||||||||||||||||||||||||||||||||||||||0.4233|2.3283|4.2333|||||||||||||||||||||||||||||||||0|0|0|0|0|0|0|0|0|||||||||||||||||||||||||||||||||||||||||||||"27658609"|"82718185"
"H1"||"H"||1||0|||13|||||0|1|1|5|10|20|90|95|100|85|90|95|70|82.5|95|50|70|90|25|26.5|50||2.1|||3|||4.3|||8.3|||8.8||30|53.5|65|||||||10|20|30||||2|4|6||||1.3|1.4|1.5||||1.37|1.47|1.54||4.2333|9.1722|14.1111|0.17|0.19|0.21||||12.4|27.1|33.3|6.6|14.5|22.9|31|37|43|0|1.5|2.9|20|30|40|0|9|18|0|4|17|".32"|".32"|0|0|0|0|0|0|0|0|0|0|0|0|5.5|11|16.4|||||||5.6|6.7|7.8|||||||||||||||||||||||||||||||||"27658609"|"82718183"
"H2"||"H"||2||13|||46|||||0|3|5|15|33|50|40|62.5|85|35|57.5|80|30|55|80|20|47.5|75|0|26.5|50||2.1|||3|||4.3|||8.3|||8.8||30|53.5|65|||||||10|20|30||||0.5|1.25|2||||1.4|1.55|1.7||||1.54|1.69|1.84||4.2333|9.1722|14.1111|0.06|0.11|0.16||||3.5|14.5|26.4|1.7|7.1|16.7||19|34|0|1.5|2.9|20|30|40|0|9|18|0|1|12|".15"|".49"|0|0|0|0|0|0|0|0|0|0|0|0|5.4|10.8|16.2|||||||6.1|7|7.8|||||||||||||||||||||||||||||||||"27658609"|"82718184"
"H1"||"H"||1||0|||23|||||0|0|0|0|0|0|80|90|100|75|87.5|100|50|72.5|95|50|70|90|20|22.4|70||1.9|||2.5|||2.3|||6.8|||8.9||10|55.1|65|||||||15|22.5|30||||5|12.5|20||||1.1|1.25|1.4||||1.16|1.31|1.46||1.4111|7.7611|14.1111|0.15|0.19|0.23||||16.3|33.6|40.9|11.6|23.9|37|32|40|49|0|1.5|2.9|35|40|45|5|10|15|0|7|16|".28"|".28"|0|0|0|0|0|0|0|0|0|0|0|0|8.3|12.5|16.7|||||||5.6|6.5|7.3|||||||||||||||||||||||||||||||||"27658610"|"82718186"
"H2"||"H"||2||23|||91|||||0|0|0|0|3|5|60|90|95|55|80|90|45|65|85|25|52.5|80|20|38.5|70||3.4|||4.9|||6.7|||12.1|||11.4||10|36.5|65|||||||18|25|32||||1|3|5||||1.2|1.35|1.5||||1.27|1.42|1.57||1.4111|7.7611|14.1111|0.08|0.13|0.18||||13.6|27.2|32.8|7.5|14.9|21.9|27|39|48|0|1.5|2.9|20|27.5|35|5|10|15|0|2|11|".28"|".28"|0|0|0|0|0|0|0|0|0|0|0|0|9.7|13.6|17.5|||||||6.1|7|7.8|||||||||||||||||||||||||||||||||"27658610"|"82718187"
"H3"||"H"||3||91|||152|||||0|0|0|5|5|10|35|90|95|30|85|90|25|55|85|15|47.5|80|20|66.9|70||0|||2.4|||14.4|||33.5|||16.6||10|14.1|65|||||||18|19|32||||0|0.5|1||||1.7|1.78|1.95||||1.79|1.87|1.97||0|0.7056|1.4111|0.06|0.11|0.15||||7.8|20.9|27.7|5.1|13.8|24.4||27|30|0|1.5|2.9|20|27.5|35|5|10|15|0|1|11|".28"|".28"|0|0|0|0|0|0|0|0|0|0|0|0|9.1|10.1|17.1|||||||7.4|7.9|8.4|||||||||||||||||||||||||||||||||"27658610"|"82718188"
"H1"||"H"||1||0|||20|||||1|1|5|5|5|10|80|90|95|75|85|90|50|67.5|85|40|60|80|25|27.1|70||2.2|||3.1|||4.4|||8.5|||8.9||15|54.4|65|||||||10|18.5|27||||3|6.5|10||||1.1|1.25|1.4||||1.16|1.31|1.46||4.2333|9.1722|14.1111|0.1|0.13|0.16||||12.5|27.7|32.6|6.8|15|22.7|32|41|48|0|1.5|2.9|30|35|40|5|10|15|0|4|12|".32"|".32"|0|0|0|0|0|0|0|0|0|0|0|0|5.5|10.2|14.9|||||||5.6|6.5|7.3|||||||||||||||||||||||||||||||||"27658703"|"82718453"
"H2"||"H"||2||20|||61|||||0|0|0|0|3|5|60|85|95|55|80|90|40|62.5|85|25|52.5|80|25|39.8|70||3.6|||5|||6.9|||12.5|||11.8||15|37.7|65|||||||18|22.5|27||||0.5|1.25|2||||1.2|1.35|1.5||||1.27|1.42|1.57||4.2333|9.1722|14.1111|0.09|0.14|0.18||||14.9|25.1|29.4|7.1|11.9|16.1|28|40|49|0|1.5|2.9|20|25|30|5|10|15|0|2|10|".37"|".37"|0|0|0|0|0|0|0|0|0|0|0|0|9.6|12.1|14.6|||||||6.1|7|7.8|||||||||||||||||||||||||||||||||"27658703"|"82718454"
"H3"||"H"||3||61|||152|||||0|0|0|5|8|10|40|75|75|35|65|70|25|45|65|15|37.5|60|25|39.8|70||3.6|||5|||6.9|||12.5|||11.8||15|37.7|65|||||||18|22.5|27||||0|0.25|0.5||||1.7|1.78|1.95||||1.82|1.9|2.01||0.4233|0.9172|1.4111|0.09|0.12|0.14||||9.8|19|22.8|5.2|11.3|15|10|21|25|0|1.5|2.9|20|25|30|5|10|15|0|0|6|".24"|".43"|0|0|0|0|0|0|0|0|0|0|0|0|9.1|11.8|14.3|||||||7.4|7.9|8.4|||||||||||||||||||||||||||||||||"27658703"|"82718455"
"H1"||"H"||1||0|||20|||||1|3|5|5|8|10|80|90|100|75|85|95|60|77.5|95|35|60|85|30|32.3|75||2.9|||4|||5.5|||10|||9.9||15|56.2|65|||||||5|11.5|18||||2|4|6||||1.1|1.25|1.4||||1.17|1.32|1.47||4.2333|9.1722|14.1111|0.09|0.13|0.16||||9.7|22.8|28.8|3.9|9.1|15.1|33|42|51|0|1.5|2.9|0|15|30|0|5|10|0|0|7|".37"|".37"|0|0|0|0|0|0|0|0|0|0|0|0|2.8|6.3|9.9|||||||5.6|6.7|7.8|||||||||||||||||||||||||||||||||"27658704"|"82718456"
"H2"||"H"||2||20|||71|||||0|1|1|0|3|5|55|90|95|50|85|90|40|62.5|85|25|52.5|70|30|32.3|75||2.9|||4|||5.5|||10|||9.9||15|56.2|65|||||||5|11.5|18||||0.5|1.25|2||||1.3|1.45|1.6||||1.37|1.52|1.67||4.2333|9.1722|14.1111|0.08|0.14|0.19||||6.4|21.6|26.8|2.2|7.5|12.4|23|38|45|0|1.5|2.9|0|15|30|0|5|10|0|0|5|".49"|".49"|0|4|10|0|0|0|0|0|0|0|0|0|2.7|6.2|9.8|||||||5.6|6.7|7.8|||||||||||||||||||||||||||||||||"27658704"|"82718457"
"H3"||"H"||3||71|||152|||||0|1|1|0|8|15|55|80|80|50|75|75|40|65|65|25|50|50|30|32.3|75||2.9|||4|||5.5|||10|||9.9||15|56.2|65|||||||5|11.5|18||||0|0.25|0.5||||1.7|1.78|1.95||||1.81|1.89|1.99||0.4233|0.9172|1.4111|0.08|0.1|0.12||||5.2|18.6|23.5|1.8|6.6|11.1|13|24|28|0|1.5|2.9|0|15|30|0|5|10|0|0|2|".64"|".64"|5|15|25|0|0|0|0|0|0|0|0|0|2.6|6.1|9.6|||||||7.4|7.9|8.4|||||||||||||||||||||||||||||||||"27658704"|"82718458"
"R"||"R"||||46|||71||||||||||||||||||||||||||||||||||||||||||||||||||||||||||||||||||||||||0.4233|2.3283|4.2333|||||||||||||||||||||||||||||||||0|0|0|0|0|0|0|0|0|||||||||||||||||||||||||||||||||||||||||||||"27658705"|"82718459"
"H1"||"H"||1||0|||13|||||0|1|1|5|10|20|90|95|100|85|90|95|70|82.5|95|50|70|90|25|26.5|50||2.1|||3|||4.3|||8.3|||8.8||30|53.5|65|||||||10|20|30||||2|4|6||||1.3|1.4|1.5||||1.37|1.47|1.54||4.2333|9.1722|14.1111|0.17|0.19|0.21||||12.4|27.1|33.3|6.6|14.5|22.9|31|37|43|0|1.5|2.9|20|30|40|0|9|18|0|4|17|".32"|".32"|0|0|0|0|0|0|0|0|0|0|0|0|5.5|11|16.4|||||||5.6|6.7|7.8|||||||||||||||||||||||||||||||||"27658705"|"82718460"
"H2"||"H"||2||13|||46|||||0|3|5|15|33|50|40|62.5|85|35|57.5|80|30|55|80|20|47.5|75|0|26.5|50||2.1|||3|||4.3|||8.3|||8.8||30|53.5|65|||||||10|20|30||||0.5|1.25|2||||1.4|1.55|1.7||||1.54|1.69|1.84||4.2333|9.1722|14.1111|0.06|0.11|0.16||||3.5|14.5|26.4|1.7|7.1|16.7||19|34|0|1.5|2.9|20|30|40|0|9|18|0|1|12|".15"|".49"|0|0|0|0|0|0|0|0|0|0|0|0|5.4|10.8|16.2|||||||6.1|7|7.8|||||||||||||||||||||||||||||||||"27658705"|"82718461"
"H1"||"H"||1||0|||23|||||1|2|5|5|5|10|80|90|100|75|85|100|50|72.5|95|50|70|90|20|22.4|70||1.9|||2.5|||2.3|||6.8|||8.9||10|55.1|65|||||||15|22.5|30||||1|2.5|4||||1.1|1.25|1.4||||1.16|1.31|1.46||1.4111|7.7611|14.1111|0.11|0.14|0.16||||14.1|25.9|31.6|6.8|12.5|18.8|34|43|53|0|1.5|2.9|35|40|45|5|10|15|0|7|16|".32"|".32"|0|0|0|0|0|0|0|0|0|0|0|0|8.1|12.2|16.3|||||||5.6|6.5|7.3|||||||||||||||||||||||||||||||||"27658706"|"82718462"
"H2"||"H"||2||23|||91|||||0|0|0|0|3|5|60|90|95|55|80|90|45|65|85|25|52.5|80|20|39.5|70||3.5|||5|||6.9|||12.4|||11.7||10|37.5|65|||||||18|23|28||||0.5|1.25|2||||1.2|1.35|1.5||||1.27|1.42|1.57||1.4111|7.7611|14.1111|0.08|0.13|0.18||||14.7|25.3|29.7|7.1|12.2|16.6|28|40|49|0|1.5|2.9|20|27.5|35|5|10|15|0|2|11|".32"|".32"|0|0|0|0|0|0|0|0|0|0|0|0|9.6|12.4|15.1|||||||6.1|7|7.8|||||||||||||||||||||||||||||||||"27658706"|"82718463"
"H3"||"H"||3||91|||152|||||0|0|0|5|5|10|35|90|95|30|85|90|25|55|85|15|47.5|80|20|66.9|70||0|||2.4|||14.4|||33.5|||16.6||10|14.1|65|||||||18|19|28||||0|0.25|0.5||||1.7|1.78|1.95||||1.79|1.87|1.97||0|0.7056|1.4111|0.06|0.11|0.15||||7.9|20.7|25.8|5.1|13.5|20.8||27|30|0|1.5|2.9|20|27.5|35|5|10|15|0|1|11|".28"|".28"|0|0|0|0|0|0|0|0|0|0|0|0|9.1|10|14.8|||||||7.4|7.9|8.4|||||||||||||||||||||||||||||||||"27658706"|"82718464"
"H1"||"H"||1||0|||23|||||0|0|0|0|0|0|100|100|100|95|97.5|100|55|70|85|30|42.5|55|40|70.4|75||0.3|||4.9|||15.6|||30.6|||19||15|22.1|50|||||||5|7.5|10||||3|5|7||||1|1.15|1.3||||1.05|1.2|1.35||14.1111|28.2222|42.3333|0.13|0.17|0.2||||11.8|18.9|22|5.8|9.3|12.9|44|50|56|0|1.5|2.9|0|15|30|0|3.5|7|0|0|1|".17"|".17"|0|0|0|0|0|0|0|0|0|0|0|0||||3.2|4.6|6.1||||4.5|5.3|6|||||||||||||||||||||||||||||||||"27658725"|"82718522"
"H2"||"H"||2||23|||58|||||0|0|0|0|0|0|100|100|100|95|97.5|100|55|75|95|30|52.5|75|25|82.2|85||0|||1.9|||14.3|||43.3|||22.7||5|9.3|70|||||||5|8.5|12||||0.5|1.25|2||||1.15|1.3|1.45||||1.21|1.36|1.51||14.1111|28.2222|42.3333|0.13|0.18|0.22|11.4|21.2|23.9|8.6|16|19.1|3.5|6.5|9.5|41|47|53|0|1.5|2.9|0|15|30|0|4.5|9|0|0|5|".24"|".24"|0|0|0|0|0|0|0|0|0|0|0|0|4.6|7.7|10.8|||||||5.6|6.1|6.5|||||||||||||||||||||||||||||||||"27658725"|"82718520"
"H3"||"H"||3||58|||165|||||0|0|0|0|0|0|100|100|100|100|100|100|95|97.5|100|90|95|100|20|26.1|45||1.6|||2.2|||5|||9.4|||7.9||10|28.9|40|||||||35|45|55||||0|0.25|0.5||||1.35|1.53|1.7||||1.57|1.75|1.82||0|0.7056|1.4111|0.12|0.15|0.18||||28.8|35.2|36.9|21.4|25.2|31|34|40|46|3|4.5|5.9|35|45|55|11|20.5|30|10|21|34|".24"|".24"|0|0|0|0|0|0|0|0|0|0|0|0|23.4|32.6|40.2|||||||6.1|6.7|7.3|||||||||||||||||||||||||||||||||"27658725"|"82718521"
"H3"||"H"||3||56|||152|||||0|0|0|5|10|15|20|37.5|55|15|32.5|50|10|22.5|35|0|7.5|15|75|96|100||0.7|||13.1|||37.2|||37.8|||7.2||0|1.5|25|||||||0|2.5|5||||0|0.25|0.5||||1.45|1.55|1.65||||1.62|1.72|1.9||42.3333|91.7222|141.1111|0.01|0.02|0.02|0.1|5.1|9|0.1|3.3|6.6|0|0.9|2.5||16|26|0|1.5|2.9|0|7|14|0|0|0|0|0|0|".02"|".02"|0|0|0|0|0|0|0|0|0|0|0|0|0|1.3|2.7|||||||7.4|7.9|8.4|||||||||||||||||||||||||||||||||"27658726"|"82718525"
"H2"||"H"||2||28|||56|||||0|0|0|5|10|15|40|47.5|55|35|42.5|50|20|35|50|10|25|40|40|84.3|85||0.7|||10.7|||28.8|||34.1|||10||0|4.2|50|||||||5|11.5|18||||0.5|1.25|2||||1.25|1.4|1.55||||1.37|1.52|1.64||14.1111|28.2222|42.3333|0.06|0.08|0.1|4.5|12.7|16.8|3.6|10|14.4|1.7|4.8|8.8|17|24|31|0|1.5|2.9|0|5|10|0|2|4|0|0|0|".05"|".10"|0|0|0|0|0|0|0|0|0|0|0|0|2.7|6.2|9.8|||||||6.1|6.7|7.3|||||||||||||||||||||||||||||||||"27658726"|"82718524"
"H1"||"H"||1||0|||28|||||0|0|0|0|3|5|80|90|100|75|85|95|45|67.5|90|20|45|70|40|67.5|75||0.3|||4.7|||15|||29.3|||18.2||15|21|50|||||||5|11.5|18||||2|3.5|5||||1.1|1.25|1.4||||1.16|1.31|1.46||4.2333|23.2833|42.3333|0.11|0.14|0.16||||8.4|18.3|23.6|4.4|9.6|15.5|36|44|52|0|1.5|2.9|25|30|35|5|7.5|10|0|0|6|".17"|".17"|0|0|0|0|0|0|0|0|0|0|0|0|2.8|6.3|9.9|||||||5.6|6.5|7.3|||||||||||||||||||||||||||||||||"27658726"|"82718523"
"H1"||"H"||1||0|||18|||||0|0|0|0|0|0|100|100|100|95|97.5|100|55|70|85|30|42.5|55|60|67.4|85||0.3|||4.9|||15.6|||30.6|||19||5|25.1|50|||||||5|7.5|10||||3|5|7||||1|1.15|1.3||||1.05|1.2|1.35||14.1111|28.2222|42.3333|0.11|0.16|0.2||||11.8|18.9|22|5.8|9.3|12.9|44|50|56|0|1.5|2.9|0|15|30|0|4.5|9|0|0|2|".20"|".20"|0|0|0|0|0|0|0|0|0|0|0|0|5|7.3|9.6|||||||5.1|5.6|6|||||||||||||||||||||||||||||||||"27658727"|"82718526"
"H2"||"H"||2||18|||58|||||0|0|0|0|0|0|100|100|100|95|97.5|100|55|70|85|25|37.5|50|60|67.4|85||0.3|||4.9|||15.6|||30.6|||19||5|25.1|50|||||||5|7.5|10||||0.5|1.75|3||||1.15|1.3|1.45||||1.21|1.36|1.51||14.1111|28.2222|42.3333|0.1|0.13|0.16||||8.6|16|19.2|3.5|6.5|9.6|41|47|53|0|1.5|2.9|0|15|30|0|4.5|9|0|0|1|".37"|".37"|0|0|0|0|0|0|0|0|0|0|0|0|4.6|7|9.3|||||||5.1|5.6|6|||||||||||||||||||||||||||||||||"27658727"|"82718527"
"H3"||"H"||3||58|||165|||||0|0|0|0|0|0|100|100|100|100|100|100|95|97.5|100|90|95|100|0|18.4|25||1.3|||2|||2.9|||5.8|||6.4||30|43.6|70|||||||30|38|55||||0|0.25|0.5||||1.4|1.55|1.7||||1.62|1.77|1.84||0|0.7056|1.4111|0.12|0.14|0.16||||27.3|35.1|38.5|18.6|23.9|31.1|34|39|45|3|4.5|5.9|30|42.5|55|11|20.5|30|9|21|34|".37"|".37"|0|0|0|0|0|0|0|0|0|0|0|0|20.4|28|40.2|||||||5.1|6.2|7.3|||||||||||||||||||||||||||||||||"27658727"|"82718528"
"H1"||"H"||1||0|||15|||||0|0|0|0|0|15|85|95|100|75|92|100|50|70|90|30|60|90|44|67.6|85||0.1|||3.1|||15.3|||32.4|||16.7||0|20.4|49|||||||4|12|22||||2|4|6||||1.1|1.25|1.4|||||1.31|||4|9|14|0.11|0.15|0.19|||||20.1|||11|||47||0|1.5|2.9|30|35|40|5|7.5|10|0|3|11|".17"|".17"|0|0|0|0|0|0|0|0|0|0|0|0|2.2|6.6|12.1|||||||5.1|6.6|7.3|||||||||||||||||||||||||||||||||"27658761"|"82718641"
"H2"||"H"||2||15|||71|||||0|0|0|0|3|15|80|92|95|60|85|90|40|60|90|25|40|80|15|71.3|85||0.1|||3.3|||16.2|||34.2|||17.5||0|16.7|80|||||||4|12|18||||0|1|2||||1.3|1.45|1.6|||||1.52|||4|9|14|0.09|0.14|0.19|||||16.9|||8.2|||38||0|1.5|2.9|20|25|30|5|7.5|10|0|0|6|".28"|".28"|0|0|0|0|0|0|0|0|0|0|0|0|2.1|6.5|9.8|||||||5.1|6.2|7.3|||||||||||||||||||||||||||||||||"27658761"|"82718642"
"H3"||"H"||3||71|||107|||||0|0|0|0|3|15|70|85|95|55|70|90|40|60|90|25|50|80|15|44.8|85||4.4|||6|||8|||13.8|||12.6||0|41.2|80|||||||4|14|22||||0|0.5|1||||1.3|1.45|1.6|||||1.53|||1.4|7.7|14|0.09|0.14|0.19|||||19.6|||7|||34||0|1.5|2.9|20|25|30|5|7.5|10|0|0|6|".24"|".43"|0|0|0|0|0|0|0|0|0|0|0|0|2.1|7.5|11.8|||||||5.6|6.6|7.3|||||||||||||||||||||||||||||||||"27658761"|"82718643"
"H4"||"H"||4||107|||183|||||0|0|0|0|3|15|65|75|90|50|65|90|35|50|90|20|35|80|15|68.5|85||0.3|||4.7|||15.2|||29.8|||18.5||0|21.5|80|||||||4|10|20||||0|0.5|1||||1.5|1.6|1.7|||||1.7|||1.4|2.7|4|0.08|0.11|0.14|||||13.1|||5.9|||28||0|1.5|2.9|20|25|30|5|7.5|10|0|0|6|".20"|".37"|0|2|5|0|0|0|0|0|0|0|0|0|2.1|5.4|10.7|||||||6.6|7.2|8.4|||||||||||||||||||||||||||||||||"27658761"|"82718644"
"Bw"||"B"||||23|||36|||||0|0|15|0|0|25|55|95|95|50|90|90|25|80|90|10|45|80|33|59.2|85||1.7|||5.3|||10|||24.5|||17.7||0|31.2|50||16.5|||14.7||0|9.6|17|0|0.2|10|0.1|1|5||||1.2|1.49|1.65|||||1.53|||4|20|42|0.05|0.13|0.19|||||22|||9|||||0|2|2.9|0|0|30|0|0|6|0|0|4|".43"|".43"|0|0|0|0|0|0|0|0|0|0|0|0|3|9|20|||||3.9||5.6|7.4|7.8||6.9|||||||||||||||||||||||||||||"Moderate"|"Moist"|"27658762"|"82718646"
"BC"||"BC"||||36|||53|||||0|0|15|0|2|25|55|95|95|50|90|90|25|80|90|10|45|80|33|56.9|85||2|||4.7|||7.8|||24.2|||18.2||0|31.6|50||16.6|||15||0|11.5|17|0|4.8|10|0.1|0.6|3||||1.3|1.59|1.65|||||1.62|||4|20|42|0.05|0.1|0.18|||||22|||11|||||0|2|2.9|0|18|30|0|3|6|0|0|4|".43"|".43"|0|0|0|0|0|0|0|0|0|0|0|0|3|10.5|20|||||4.5||5.6|7.7|7.8||7.2|||||||||||||||||||||||||||||"Moderate"|"Moist"|"27658762"|"82718647"
"Ap"||"A"||||0|||23|||||0|0|15|0|0|25|55|95|95|50|90|90|25|80|90|10|45|80|33|56.8|85||1.8|||5.6|||8.2|||24.1|||17.1||0|31.9|50||18.5|||13.4||0|11.3|17|0|0.4|10|1|4|15||||0.85|1.26|1.55|||||1.35|||4|20|42|0.06|0.15|0.24|||||26|||11|||||0|2.9|2.9|0|0|50|0|0|6|0|0|8|".20"|".20"|0|0|0|0|0|0|0|0|0|0|0|0|5|14|25|||||13.7||5.6|7.6|7.8||7|||||||||||||||||||||||||||||"Moderate"|"Moist"|"27658762"|"82718645"
"Cd1"||"C"||1||53|||91|||||0|0|15|0|5|25|55|90|95|50|85|90|25|75|90|10|40|80|33|62.6|85||4.1|||6.1|||8.5|||23.3|||20.6||0|28.8|50||14.1|||14.7||0|8.6|17|0|0|10|0.1|0.1|1||||1.7|1.9|2.2|||||1.94|||0.42|0.91|1.4|0|0.07|0.1|||||19|||11|||||0|0.1|2.9|0|14|25|0|0|6|0|0|3|".49"|".49"|3|15|25|0|0|0|0|0|0|0|0|0|1|4|10|||||19||7.4|8.4|9||7.8|||||||||||||||||||||||||||||"Very high"|"Moist"|"27658762"|"82718648"
"Cd2"||"C"||2||91|||122|||||0|0|15|0|5|25|55|95|95|50|90|90|25|75|90|10|40|80|33|67.4|85||4.6|||7|||10.4|||23.1|||22.3||0|24.5|50||10.9|||13.6||0|8.1|17|0|0|10|0.1|0.1|1||||1.75|2.02|2.2|||||2.06|||0.42|0.91|1.4|0|0|0.1|||||16|||10|||||0|0|2.9|0|0|25|0|0|6|0|0|3|".49"|".49"|3|20|25|0|0|0|0|0|0|0|0|0|1|3|10|||||21.2||7.4|8.5|9||7.8|||||||||||||||||||||||||||||"Very high"|"Moist"|"27658762"|"82718649"
"Cd3"||"C"||3||122|||183|||||0|0|15|0|5|25|55|95|95|50|90|90|25|75|90|10|40|80|33|66.4|85||4.2|||6.4|||7.7|||24.5|||23.6||0|24.2|50||9.8|||14.4||0|9.4|17|0|0.7|10|0.1|0.1|1||||1.75|2|2.2|||||2.04|||0.42|0.91|1.4|0|0|0.1|||||16|||10|||||0|2|2.9|0|13|25|0|1|6|0|0|3|".49"|".49"|3|20|25|0|0|0|0|0|0|0|0|0|1|3.5|10|||||24.9||7.4|8.5|9||7.8|||||||||||||||||||||||||||||"Very high"|"Moist"|"27658762"|"82718650"
"R"||"R"||||89|||183|||||0|0|0|0|0|0||||||||||||||0|||0|||0|||0|||0|||0|||0|||||||||0|||||0|0|0||||||||||||||0|0.01|42|0|0|0||||||||||||||0|||||||||||||0|0|0|0|0|0|0|0|0|0|0|0|||||||||||||||||||||||||||||||||||||||||||"Extremely high"|"Dry"|"27658763"|"82718655"
"Bw1"||"B"||1||13|||23|||||0|0|15|0|0|25|55|95|95|50|90|90|25|80|90|10|35|90|15|68.5|85||0.3|||4.7|||15.2|||29.8|||18.5||0|21.5|80|||||||0|10|17|0|0|0|0.1|1|5||||1.2|1.47|1.55|||||1.51|||4|20|42|0.05|0.1|0.21|||||21|||10|||||0|0.5|2.9|0|17|30|0|3|6|0|0|5|".32"|".32"|0|0|0|0|0|0|0|0|0|0|0|0|3|9|20|||||4||5.6|6.8|7.8|||||||||||||||||||||||||||||||"Moderate"|"Moist"|"27658763"|"82718652"
"Bw2"||"B"||2||23|||46|||||0|0|15|0|0|25|55|95|95|50|90|90|25|80|90|10|35|90|15|68.5|85||0.3|||4.7|||15.2|||29.8|||18.5||0|21.5|80|||||||0|10|17|0|0|0|0.1|1|5||||1.2|1.47|1.55|||||1.51|||4|20|42|0.05|0.1|0.21|||||21|||10|||||0|0.5|2.9|0|17|30|0|3|6|0|0|5|".32"|".32"|0|0|0|0|0|0|0|0|0|0|0|0|3|9|20|||||4||5.6|6.8|7.8|||||||||||||||||||||||||||||||"Moderate"|"Moist"|"27658763"|"82718653"
"Ap"||"A"||||0|||13|||||0|0|15|0|0|25|55|95|95|50|90|90|25|75|90|10|55|90|15|46|85||4.6|||6.2|||8.2|||14.1|||12.9||0|44|80|||||||0|10|17|0|0|0|1|4|15||||0.85|1.26|1.45|||||1.35|||4|14|42|0.05|0.15|0.28|||||26|||11|||||0|1.5|2.9|0|25|50|0|3|6|0|0|10|".28"|".28"|0|0|0|0|0|0|0|0|0|0|0|0|5|15|25|||||10||5.6|6.8|7.3|||||||||||||||||||||||||||||||"Moderate"|"Moist"|"27658763"|"82718651"
"C"||"C"||||46|||89|||||0|0|10|0|10|25|55|75|95|50|70|90|25|60|90|10|30|90|15|64.3|85||4.7|||3.1|||14.2|||25.2|||17.1||0|30.7|80|||||||0|5|17|0|0|10|0.1|0.1|1||||1.45|1.65|1.75|||||1.68|||4|15|42|0.05|0.09|0.21|||||22|||10|||||0|0.1|2.9|0|10|25|0|1|6|0|0|3|".28"|".49"|3|15|25|0|0|0|0|0|0|0|0|0|1|5|10|||||20||7.4|8|8.4|||||||||||||||||||||||||||||||"High"|"Moist"|"27658763"|"82718654"
"Ap"||"A"||||0|||23|||||0|0|15|0|5|25|55|80|95|50|75|90|25|70|90|10|55|90|15|32.1|85||2.9|||4|||5.4|||9.9|||9.9||0|55.9|80|||||||0|12|17|0|0|0|1|8|20||||0.7|1.06|1.55|||||1.13|||4|14|42|0.05|0.17|0.3|||||30|||11|||||0|2.9|2.9|0|30|60|0|4|6|0|0|13|".20"|".37"|0|0|0|0|0|0|0|0|0|0|0|0|5|15|25|||||10||5.6|6.4|7.3|||||||||||||||||||||||||||||||"Moderate"|"Moist"|"27658764"|"82718656"
"Bw1"||"B"||1||23|||46|||||0|0|15|0|0|25|55|90|95|50|85|90|25|75|90|10|60|80|33|45|85||4.5|||6.1|||8|||13.8|||12.6||0|43|50|||||||0|12|17|0|0|0|0.1|1|5||||1.2|1.47|1.65|||||1.51|||4|14|42|0.05|0.14|0.19|||||23|||10|||||0|1|2.9|0|20|30|0|4|6|0|0|4|".43"|".43"|0|0|0|0|0|0|0|0|0|0|0|0|3|9|20|||||4||5.6|7|7.3|||||||||||||||||||||||||||||||"Moderate"|"Moist"|"27658764"|"82718657"
"Bw2"||"B"||2||46|||61|||||0|0|15|0|0|25|55|90|95|50|85|90|25|75|90|10|55|80|33|43.8|85||4.3|||5.9|||7.8|||13.5|||12.3||0|40.2|50|||||||0|16|17|0|0|0|0.1|1|5||||1.2|1.47|1.65|||||1.51|||4|14|42|0.05|0.14|0.19|||||23|||10|||||0|1|2.9|0|23|30|0|6|6|0|0|4|".37"|".37"|0|0|0|0|0|0|0|0|0|0|0|0|3|9|20|||||4||5.6|7.2|7.3|||||||||||||||||||||||||||||||"Moderate"|"Moist"|"27658764"|"82718658"
"C"||"C"||||61|||183|||||0|0|15|0|5|25|40|80|95|35|75|90|20|55|90|5|35|80|33|65.6|85||5.8|||12.8|||15.5|||19.4|||12.1||0|29.4|50|||||||0|5|17|0|0|10|0.1|0.3|1||||1.45|1.62|1.75|||||1.65|||1.4|20|42|0.03|0.09|0.14|||||22|||11|||||0|0.1|2.9|0|10|25|0|1|6|0|0|3|".20"|".37"|2|10|25|0|0|0|0|0|0|0|0|0|1|5|10|||||20||6.6|7.6|8.4|||||||||||||||||||||||||||||||"High"|"Moist"|"27658764"|"82718659"
"Ap"||"A"|||0|0|0|8|20|28||20||0|0|5|0|0|15|55|95|95|50|90|90|25|80|90|10|70|90|14|29|76|0|4|12|1|4|18|1|3|21|4|7|41|5|11|28|15|59|77|7|23|48|8|36|54|1|12|18|0|0|0|1|4|10||||0.99|1.27|1.55||||1.07|1.36|1.67||1|9|100|0.05|0.19|0.24||||15|25|40|5|10|20|20|45|60|0.3|1.6|2.8|4|26|43|0|4|7|0|1|9|".37"|".37"|0|0|3|0|0|0|0|0|0|0|0|0|10|15|30||||2|12|40|5.6|6.8|7.3||||||||||2|10|20|||||||||||||||||||"Low"|"Moist"|"27658765"|"82718664"
"C"||"C"|||38|94|105|200|200|200||106||0|0|10|0|8|20|40|75|95|35|70|90|20|55|90|5|30|90|14|66|76|0|7|12|1|12|18|1|12|21|4|20|41|5|15|28|15|29|77|7|16|48|8|13|54|1|5|18|0|0|4|0.01|0.2|1||||1.47|1.63|2.2||||1.5|1.66|2.24||0.1|20|100|0.04|0.08|0.2||||5|15|20|2|5|15|10|25|40|0|0.3|1.8|2|8|25|0|1|7|0|0|4|".20"|".37"|5|18|35|0|0|0|0|0|0|0|0|0|1|5|15||||1|20|55|6.6|8.2|8.4||||||||||0.1|1|5|||||||||||||||||||"Moderate"|"Moist"|"27658765"|"82718662"
"BC"||"BC"|||33|68|84|38|94|105||26||0|0|5|0|3|15|55|85|95|50|80|90|25|70|90|10|50|90|14|44|76|0|3|12|1|6|18|1|6|21|4|15|41|5|14|28|15|44|77|7|20|48|8|24|54|1|12|18|0|0|0|0.1|0.5|2||||1.39|1.51|1.73||||1.42|1.54|1.76||0.1|14|100|0.05|0.13|0.2||||5|15|25|2|5|15|10|25|45|0|0.8|1.8|2|19|27|0|4|7|0|0|5|".32"|".49"|0|6|30|0|0|0|0|0|0|0|0|0|1|5|15||||1|12|55|5.6|7.2|7.8||||||||||1|2|5|||||||||||||||||||"Moderate"|"Moist"|"27658765"|"82718663"
"Bw1"||"B"||1|8|20|28|13|45|52||25||0|0|5|0|0|15|55|95|95|50|90|90|25|80|90|10|55|90|14|44|76|0|3|12|1|6|18|1|6|21|4|15|41|5|14|28|15|44|77|7|20|48|8|24|54|1|12|18|0|0|0|0.1|1|5||||1.21|1.47|1.63||||1.25|1.51|1.68||1|14|100|0.05|0.14|0.22||||10|20|35|3|7|20|15|35|50|0|1.1|2.5|2|20|33|0|4|7|0|0|6|".43"|".43"|0|0|10|0|0|0|0|0|0|0|0|0|3|10|25||||1|5|45|5.6|6.8|7.3||||||||||1|5|15|||||||||||||||||||"Moderate"|"Moist"|"27658765"|"82718660"
"Bw2"||"B"||2|13|45|52|33|68|84||23||0|0|5|0|2|15|55|90|95|50|85|90|25|75|90|10|55|90|14|44|76|0|3|12|1|6|18|1|6|21|4|15|41|5|14|28|15|44|77|7|20|48|8|24|54|1|12|18|0|0|0|0.1|1|5||||1.21|1.47|1.63||||1.25|1.51|1.68||1|14|100|0.05|0.13|0.22||||10|20|35|3|7|20|15|35|50|0|1|2.5|2|20|33|0|4|7|0|0|6|".43"|".43"|0|0|10|0|0|0|0|0|0|0|0|0|3|10|25||||1|5|45|5.6|7|7.3||||||||||1|5|15|||||||||||||||||||"Moderate"|"Moist"|"27658765"|"82718661"
"H1"||"H"||1||0|||20|||||0|0|0|0|0|0|100|100|100|95|97.5|100|90|95|100|70|82.5|95|0|16.9|20||0.1|||0.4|||1.1|||4.9|||10.4||10|48.1|50|||||||30|35|40||||4|10|16||||1.1|1.3|1.5||||1.42|1.62|1.68||0|0.7056|1.4111|0.17|0.2|0.23||||24.2|25.2|37.2|19.7|21.8|29|33|42|51|6|7.5|8.9|40|60|80|10|25|40|7|24|48|".49"|".49"|0|0|0|0|0|0|0|0|0|0|0|0|16.5|22.6|30.2|||||||5.6|6.5|7.3|||||||||||||||||||||||||||||||||"27658740"|"82718567"
"H2"||"H"||2||20|||61|||||0|0|0|0|0|0|100|100|100|95|97.5|100|95|97.5|100|95|97.5|100|0|7.4|20||0.7|||0.9|||1.2|||2.3|||2.3||10|17.6|40|||||||60|75|90||||0.5|1.25|2||||1.25|1.38|1.5||||1.59|1.72|1.79||0|0.2117|0.4233|0.09|0.1|0.11||||37|42.7|45.2|31.9|40.7|41|39|44|49|6|7.5|8.9|50|65|80|20|32.5|45|23|38|55|".49"|".49"|0|0|0|0|0|0|0|0|0|0|0|0|18.7|27.8|39.7|||||||5.6|6.7|7.8|||||||||||||||||||||||||||||||||"27658740"|"82718568"
"H3"||"H"||3||61|||165|||||0|0|0|0|0|0|100|100|100|95|97.5|100|95|97.5|100|95|97.5|100|0|7.4|20||0.7|||0.9|||1.2|||2.3|||2.3||10|17.6|40|||||||60|75|90||||0|0.25|0.5||||1.25|1.38|1.5||||1.59|1.72|1.79||0|0.2117|0.4233|0.08|0.09|0.1||||40|42.7|45.2|31.4|40|40.7|40|45|50|6|7.5|8.9|50|65|80|20|32.5|45|23|38|55|".49"|".49"|0|0|0|0|0|0|0|0|0|0|0|0|12.2|22.5|34.4|||||||5.6|7|8.4|||||||||||||||||||||||||||||||||"27658740"|"82718569"
"H1"||"H"||1||0|||23|||||0|0|0|0|0|0|100|100|100|95|97.5|100|55|70|85|30|42.5|55|40|70.4|75||0.3|||4.9|||15.6|||30.6|||19||15|22.1|50|||||||5|7.5|10||||3|5|7||||1|1.15|1.3||||1.05|1.2|1.35||14.1111|28.2222|42.3333|0.13|0.17|0.2||||11.8|18.9|22|5.8|9.3|12.9|44|50|56|0|1.5|2.9|0|15|30|0|3.5|7|0|0|1|".17"|".17"|0|0|0|0|0|0|0|0|0|0|0|0||||3.2|4.6|6.1||||4.5|5.3|6|||||||||||||||||||||||||||||||||"27658741"|"82718570"
"H2"||"H"||2||23|||58|||||0|0|0|0|0|0|100|100|100|95|97.5|100|55|75|95|30|52.5|75|25|82.2|85||0|||1.9|||14.3|||43.3|||22.7||5|9.3|70|||||||5|8.5|12||||0.5|1.25|2||||1.15|1.3|1.45||||1.21|1.36|1.51||14.1111|28.2222|42.3333|0.13|0.18|0.22|11.4|21.2|23.9|8.6|16|19.1|3.5|6.5|9.5|41|47|53|0|1.5|2.9|0|15|30|0|4.5|9|0|0|5|".24"|".24"|0|0|0|0|0|0|0|0|0|0|0|0|4.6|7.7|10.8|||||||5.6|6.1|6.5|||||||||||||||||||||||||||||||||"27658741"|"82718571"
"H3"||"H"||3||58|||165|||||0|0|0|0|0|0|100|100|100|100|100|100|95|97.5|100|90|95|100|20|26.1|45||1.6|||2.2|||5|||9.4|||7.9||10|28.9|40|||||||35|45|55||||0|0.25|0.5||||1.35|1.53|1.7||||1.57|1.75|1.82||0|0.7056|1.4111|0.12|0.15|0.18||||28.8|35.2|36.9|21.4|25.2|31|34|40|46|3|4.5|5.9|35|45|55|11|20.5|30|10|21|34|".24"|".24"|0|0|0|0|0|0|0|0|0|0|0|0|23.4|32.6|40.2|||||||6.1|6.7|7.3|||||||||||||||||||||||||||||||||"27658741"|"82718572"
"H1"||"H"||1||0|||18|||||0|0|0|0|0|0|100|100|100|95|97.5|100|55|70|85|30|42.5|55|60|67.4|85||0.3|||4.9|||15.6|||30.6|||19||5|25.1|50|||||||5|7.5|10||||3|5|7||||1|1.15|1.3||||1.05|1.2|1.35||14.1111|28.2222|42.3333|0.11|0.16|0.2||||11.8|18.9|22|5.8|9.3|12.9|44|50|56|0|1.5|2.9|0|15|30|0|4.5|9|0|0|2|".20"|".20"|0|0|0|0|0|0|0|0|0|0|0|0|5|7.3|9.6|||||||5.1|5.6|6|||||||||||||||||||||||||||||||||"27658742"|"82718573"
"H2"||"H"||2||18|||58|||||0|0|0|0|0|0|100|100|100|95|97.5|100|55|70|85|25|37.5|50|60|67.4|85||0.3|||4.9|||15.6|||30.6|||19||5|25.1|50|||||||5|7.5|10||||0.5|1.75|3||||1.15|1.3|1.45||||1.21|1.36|1.51||14.1111|28.2222|42.3333|0.1|0.13|0.16||||8.6|16|19.2|3.5|6.5|9.6|41|47|53|0|1.5|2.9|0|15|30|0|4.5|9|0|0|1|".37"|".37"|0|0|0|0|0|0|0|0|0|0|0|0|4.6|7|9.3|||||||5.1|5.6|6|||||||||||||||||||||||||||||||||"27658742"|"82718574"
"H3"||"H"||3||58|||165|||||0|0|0|0|0|0|100|100|100|100|100|100|95|97.5|100|90|95|100|0|18.4|25||1.3|||2|||2.9|||5.8|||6.4||30|43.6|70|||||||30|38|55||||0|0.25|0.5||||1.4|1.55|1.7||||1.62|1.77|1.84||0|0.7056|1.4111|0.12|0.14|0.16||||27.3|35.1|38.5|18.6|23.9|31.1|34|39|45|3|4.5|5.9|30|42.5|55|11|20.5|30|9|21|34|".37"|".37"|0|0|0|0|0|0|0|0|0|0|0|0|20.4|28|40.2|||||||5.1|6.2|7.3|||||||||||||||||||||||||||||||||"27658742"|"82718575"
"H1"||"H"||1||0|||18|||||0|0|0|0|0|0|100|100|100|95|97.5|100|60|77.5|95|30|47.5|65|40|69.7|75||0.3|||4.8|||15.5|||30.3|||18.8||15|21.8|50|||||||5|8.5|12||||4|6|8||||1|1.15|1.3||||1.05|1.2|1.35||14.1111|28.2222|42.3333|0.13|0.19|0.25||||12.9|20.3|23.5|6.9|10.9|14.9|43|49|56|0|1.5|2.9|0|15|30|0|4.5|9|0|0|4|".17"|".17"|0|0|0|0|0|0|0|0|0|0|0|0|5|8.2|11.4|||||||5.1|6.2|7.3|||||||||||||||||||||||||||||||||"27658743"|"82718577"
"H2"||"H"||2||18|||56|||||0|0|0|0|0|0|100|100|100|95|97.5|100|60|77.5|95|30|47.5|65|40|69.7|75||0.3|||4.8|||15.5|||30.3|||18.8||15|21.8|50|||||||5|8.5|12||||0.5|1.75|3||||1.15|1.3|1.45||||1.21|1.36|1.51||14.1111|28.2222|42.3333|0.12|0.16|0.2||||8.2|16.7|20.2|3.5|7.1|10.7|41|47|53|0|1.5|2.9|0|15|30|0|4.5|9|0|0|4|".32"|".32"|0|0|0|0|0|0|0|0|0|0|0|0|4.6|7.8|10.9|||||||5.1|6.2|7.3|||||||||||||||||||||||||||||||||"27658743"|"82718576"
"H3"||"H"||3||56|||165|||||0|0|0|0|0|0|100|100|100|100|100|100|95|97.5|100|90|95|100|0|26.1|30||1.6|||2.2|||5|||9.4|||7.9||25|28.9|70|||||||35|45|55||||0|0.25|0.5||||1.4|1.55|1.7||||1.62|1.77|1.84||0|0.7056|1.4111|0.11|0.14|0.16||||29.6|34.8|36.5|21.7|25.2|31.1|34|39|45|3|4.5|5.9|25|40|55|11|20.5|30|7|20|34|".24"|".24"|0|0|0|0|0|0|0|0|0|0|0|0|23.4|32.6|40.2|||||||5.6|7|8.4|||||||||||||||||||||||||||||||||"27658743"|"82718578"
"H1"||"H"||1||0|||18|||||0|0|0|0|0|0|100|100|100|100|100|100|60|77.5|95|30|47.5|65|40|47.1|75||4.7|||6.4|||8.4|||14.4|||13.2||15|44.9|50|||||||5|8|10||||3|6.5|10||||0.95|1.13|1.3||||1|1.18|1.35||14.1111|28.2222|42.3333|0.15|0.19|0.22||||13.8|26.4|30|5.6|10.7|15.4|44|50|57|0|1.5|2.9|15|22.5|30|0|4|8|0|0|3|".32"|".32"|0|0|0|0|0|0|0|0|0|0|0|0|6.3|9.6|12.6|||||||5.6|6.1|6.5|||||||||||||||||||||||||||||||||"27658744"|"82718579"
"H2"||"H"||2||18|||51|||||0|0|0|0|0|0|100|100|100|100|100|100|65|80|95|30|47.5|65|40|68.8|75||5.2|||14|||17.1|||20.5|||12||15|23.7|50|||||||5|7.5|10||||0.5|1.25|2||||1.15|1.3|1.45||||1.21|1.36|1.51||14.1111|28.2222|42.3333|0.11|0.15|0.18||||9|15.2|17.7|3.4|5.7|8|42|48|53|0|1.5|2.9|0|15|30|0|4|8|0|0|3|".37"|".37"|0|0|0|0|0|0|0|0|0|0|0|0|4.6|6.9|9.1|||||||5.6|6.1|6.5|||||||||||||||||||||||||||||||||"27658744"|"82718580"
"H3"||"H"||3||51|||165|||||0|0|0|0|0|0|100|100|100|100|100|100|90|95|100|75|87.5|100|0|26.1|30||1.6|||2.2|||5|||9.4|||7.9||10|28.9|65|||||||35|45|55||||0|0.25|0.5||||1.4|1.55|1.7||||1.62|1.77|1.84||0|0.7056|1.4111|0.11|0.14|0.16||||29.6|34.8|36.5|21.7|25.2|31.1|34|39|45|3|4.5|5.9|28|39|50|12|21|30|6|18|33|".24"|".24"|0|0|0|0|0|0|0|0|0|0|0|0|23.4|32.6|40.2|||||||6.1|6.7|7.3|||||||||||||||||||||||||||||||||"27658744"|"82718581"
