objectid_1,join_count,target_fid,objectid,site,number_,gps_n,gps_w,height_ft,seedling_o,dbh_cm,adult_crow,adult_dead,adult_perc,live_adult,live_adu_1,live_adu_2,live_adu_3,live_adu_4,live_adu_5,live_adu_6,live_adu_7,densi_n,densi_e,densi_s,densi_w,basal_diam,seedling_d,seedling_p,seedling_g,seedling_1,seedling_2,live_seedl,live_see_1,seedling_c,seedling_3,seedling_4,riparian_o,competitio,other_comp,notes,hickory,dogwood,black_waln,white_pine,red_cedar,white_ceda,malus,buckthorn,ash,elm,mulberry,basswood,sumac,honeysuckl,elderberry,prunus,lilac,boxelder,maple,hackberry,butternut,oak,poplar,hazelnut,beech,gooseberry,spruce,birch,areasymbol,spatialver,musym,mukey,x,y
1,1,1,262,ILM,432,44.885089999999998,-73.326400000000007,1.420000000000000,Seedling, , , ,0, , ,0,0,0.000000000000000,0,0.000000000000000,0.000000000000000,96,96,93,92,12.260000000000000, ,0,2024,Alive,25,Y,Y,30,10,60,upland,None apparent, ,collected by emma,0,1,0,0,1,0,0,0,1,0,0,0,0,0,0,0,0,0,0,0,1,0,0,0,0,0,0,0,VT013,5,BdC,279230,-73.326399999964991,44.885090000217154
2,1,2,124,ILM,068,44.884710000000005,-73.327100000000002,43.000000000000000,Adult,37.7,Dominant,Alive,95,Y,Yes,10,5,5.000000000000000,10,1.500000000000000,1.500000000000000,0,0,0,0,0.000000000000000, ,0,0, ,0, , ,0,0,0,upland,None apparent, ,collected by kylie,0,0,0,0,1,0,0,0,1,1,1,0,0,0,0,0,0,0,1,0,1,1,0,0,0,0,0,0,VT013,5,BdB,279229,-73.327099999573704,44.884710000259865
3,1,3,322,ILM,516,44.885219999999997,-73.328699999999998,1.760000000000000,Seedling, , , ,0, , ,0,0,0.000000000000000,0,0.000000000000000,0.000000000000000,78,55,68,81,7.040000000000000, ,1,2024,Alive,70,N, ,0,0,0,upland,None apparent, ,collected by kylie,0,0,0,0,1,0,0,1,1,0,0,0,0,1,0,0,0,0,0,0,0,0,0,0,0,0,0,0,VT013,5,AbB,279221,-73.328699999706075,44.885219999961294
4,1,4,248,ILM,411,44.884970000000003,-73.325100000000006,1.620000000000000,Seedling, , , ,0, , ,0,0,0.000000000000000,0,0.000000000000000,0.000000000000000,35,35,10,6,6.430000000000000, ,0,2024,Alive,55,N, ,0,0,0,upland,None apparent, ,collected by catherine,0,0,0,0,0,0,0,0,0,0,0,1,1,1,0,0,0,1,1,0,0,0,0,0,0,0,0,0,VT013,5,BcC,279227,-73.325100000306634,44.884969999898900
5,1,5,270,ILM,454,44.882860000000001,-73.328299999999999,0.830000000000000,Seedling, , , ,0, , ,0,0,0.000000000000000,0,0.000000000000000,0.000000000000000,0,16,66,27,14.619999999999999, ,1,2021,Alive,25,N, ,0,0,0,upland,None apparent, ,collected by catherine,0,0,0,0,1,0,0,1,0,0,0,0,0,1,0,0,0,0,0,0,0,0,0,0,0,0,0,0,VT013,5,BdC,279230,-73.328299999672993,44.882860000187634
6,1,6,224,ILM,329,44.882910000000003,-73.331199999999995,1.350000000000000,Seedling, , , ,0, , ,0,0,0.000000000000000,0,0.000000000000000,0.000000000000000,96,95,90,56,8.900000000000000, ,0,2024,Alive,0,Y,Y,45,15,40,upland,None apparent, ,collected by catherine,0,0,0,0,1,1,0,1,0,0,0,0,0,1,0,0,0,0,0,0,1,0,0,0,0,0,0,0,VT013,5,BdB,279229,-73.331200000361989,44.882909999956809
7,1,7,211,ILM,256,44.883719999999997,-73.326899999999995,1.700000000000000,Seedling, , , ,0, , ,0,0,0.000000000000000,0,0.000000000000000,0.000000000000000,96,80,47,95,10.020000000000000, ,0,2024,Alive,20,Y,N,30,0,50,upland,None apparent, ,collected by emma,0,0,0,0,1,0,0,0,1,1,0,1,0,0,0,0,0,0,0,0,0,0,0,0,0,0,0,0,VT013,5,BdC,279230,-73.326899999557213,44.883719999838561
8,1,8,328,ILM,530,44.885159999999999,-73.328999999999994,0.750000000000000,Seedling, , , ,0, , ,0,0,0.000000000000000,0,0.000000000000000,0.000000000000000,68,50,73,35,5.060000000000000, ,1,2024,Alive,0,N, ,0,0,0,upland,None apparent, ,collected by kylie,0,0,0,0,1,0,0,1,0,0,0,0,0,1,0,0,0,0,0,0,0,0,0,0,0,0,0,0,VT013,5,AbB,279221,-73.329000000180059,44.885159999968970
9,1,9,196,ILM,228,44.882449999999999,-73.330500000000001,28.000000000000000,Adult,24.8,Co-dominant,Alive,20,Y,Yes,75,65,70.000000000000000,75,4.000000000000000,3.000000000000000,0,0,0,0,0.000000000000000, ,0,0, ,0, , ,0,0,0,upland,Vines on the tree, ,collected by kylie,1,0,0,0,1,1,0,0,1,0,0,0,0,0,1,0,0,1,0,0,1,0,0,0,0,0,0,0,VT013,5,BcB,279226,-73.330499999854908,44.882450000313675
10,1,10,318,ILM,508,44.885110000000005,-73.328800000000001,1.120000000000000,Seedling, , , ,0, , ,0,0,0.000000000000000,0,0.000000000000000,0.000000000000000,94,93,85,94,6.450000000000000, ,0,2024,Alive,0,N, ,0,0,0,upland,None apparent, ,collected by kylie,0,0,0,0,1,0,0,0,1,0,0,0,0,1,0,0,0,0,0,0,0,0,0,0,0,0,0,0,VT013,5,AbB,279221,-73.328800000163497,44.885110000245930
11,1,11,355,ILM,557,44.885019999999997,-73.328900000000004,1.330000000000000,Seedling, , , ,0, , ,0,0,0.000000000000000,0,0.000000000000000,0.000000000000000,24,8,7,8,7.420000000000000, ,0,2024,Alive,0,N, ,0,0,0,upland,None apparent, ,collected by kylie,0,0,0,0,1,0,0,1,0,0,0,0,0,1,0,0,0,0,0,0,0,0,0,0,0,0,0,0,VT013,5,AbB,279221,-73.328899999722623,44.885019999743712
12,1,12,106,ILM,016,44.883539999999996,-73.327200000000005,3.200000000000000,Seedling, , , ,0, , ,0,0,0.000000000000000,0,0.000000000000000,0.000000000000000,96,96,90,96,16.230000000000000, ,0,2023,Alive,5,Y,N,10,0,10,upland,None apparent, ,collected by Emma,1,0,0,0,1,0,1,0,0,0,0,0,0,0,0,0,0,0,0,0,1,0,0,0,0,0,0,0,VT013,5,BdC,279230,-73.327200000031141,44.883540000072529
13,1,13,229,ILM,350,44.882979999999996,-73.331500000000005,1.500000000000000,Seedling, , , ,0, , ,0,0,0.000000000000000,0,0.000000000000000,0.000000000000000,10,19,28,10,6.300000000000000, ,0,2024,Alive,20,N, ,0,0,0,upland,None apparent, ,collected by kylie,1,1,0,0,1,0,0,0,0,1,0,0,0,0,0,0,0,0,0,0,0,0,0,0,0,0,0,0,VT013,5,BdB,279229,-73.331499999937634,44.882979999815284
14,1,14,163,ILM,141,44.883090000000003,-73.331199999999995,1.900000000000000,Seedling, , , ,0, , ,0,0,0.000000000000000,0,0.000000000000000,0.000000000000000,31,44,86,80,9.470000000000001, ,0,2024,Alive,0,N, ,0,0,0,upland,None apparent, ,"leafless- possible due to drought, collected by catherine",0,0,0,0,1,0,0,1,0,1,0,0,0,0,0,0,0,0,0,0,1,0,0,0,0,0,0,0,VT013,5,BdB,279229,-73.331200000361989,44.883089999784524
15,1,15,332,ILM,542,44.884940000000000,-73.329099999999997,1.350000000000000,Seedling, , , ,0, , ,0,0,0.000000000000000,0,0.000000000000000,0.000000000000000,13,10,6,10,7.450000000000000, ,0,2024,Alive,0,Y,N,25,0,45,upland,None apparent, ,collected by kylie,0,0,0,0,1,0,0,1,1,0,0,0,0,1,0,0,0,0,0,0,0,0,0,0,0,0,0,0,VT013,5,AbB,279221,-73.329099999739142,44.884940000098410
16,1,16,284,ILM,481,44.884613999999999,-73.327513999999994,1.750000000000000,Seedling, , , ,0, , ,0,0,0.000000000000000,0,0.000000000000000,0.000000000000000,20,9,6,31,4.410000000000000,Having been mowed in the past,2,2023,Alive,100,N, ,0,0,0,upland,None apparent, ,collected by catherine,0,0,0,0,1,1,0,0,1,1,0,0,0,0,0,0,0,0,0,0,1,1,0,0,0,0,0,0,VT013,5,BdB,279229,-73.327513999850495,44.884614000282163
17,1,17,241,ILM,373,44.883600000000001,-73.328900000000004,1.080000000000000,Seedling, , , ,0, , ,0,0,0.000000000000000,0,0.000000000000000,0.000000000000000,36,25,64,73,6.130000000000000, ,0,2024,Alive,15,Y,Y,0,10,95,upland,None apparent, ,collected by catherine,0,0,0,0,1,0,0,1,1,0,0,0,0,0,0,0,0,1,0,0,0,0,0,0,0,0,0,0,VT013,5,BdB,279229,-73.328899999722623,44.883599999844975
18,1,18,210,ILM,255,44.883759999999995,-73.326899999999995,0.960000000000000,Seedling, , , ,0, , ,0,0,0.000000000000000,0,0.000000000000000,0.000000000000000,96,96,94,96,3.970000000000000, ,0,2024,Alive,0,Y,N,20,15,25,upland,Nearby grasses or forbs, ,collected by emma,0,0,0,0,1,0,0,0,0,0,0,1,0,0,0,0,0,0,0,0,0,0,0,0,0,0,0,0,VT013,5,BdC,279230,-73.326899999557213,44.883760000205157
19,1,19,263,ILM,433,44.884990000000002,-73.326300000000003,1.300000000000000,Seedling, , , ,0, , ,0,0,0.000000000000000,0,0.000000000000000,0.000000000000000,76,32,66,82,8.460000000000001, ,0,2024,Alive,100,Y,N,25,0,50,upland,None apparent, ,collected by emma,0,0,0,0,1,0,1,0,1,1,0,0,1,0,0,0,0,0,0,0,0,0,0,0,0,0,0,0,VT013,5,BdC,279230,-73.326300000405922,44.884989999969306
20,1,20,217,ILM,267,44.883369999999999,-73.326999999999998,1.060000000000000,Seedling, , , ,0, , ,0,0,0.000000000000000,0,0.000000000000000,0.000000000000000,96,96,87,96,6.200000000000000, ,0,2024,Alive,0,Y,N,15,0,35,upland,None apparent, ,collected by emma,1,0,0,0,1,0,0,0,0,0,0,0,0,0,0,0,0,0,0,0,1,0,0,0,0,0,0,0,VT013,5,BdC,279230,-73.327000000014635,44.883369999740886
21,1,21,209,ILM,253,44.883779999999994,-73.326800000000006,2.520000000000000,Seedling, , , ,0, , ,0,0,0.000000000000000,0,0.000000000000000,0.000000000000000,96,93,11,96,10.250000000000000, ,0,2024,Alive,70,Y,N,70,5,50,upland,None apparent, ,collected by emma,0,0,0,0,1,0,0,0,0,0,0,1,0,1,0,0,0,0,1,0,0,0,0,0,0,0,0,0,VT013,5,BdC,279230,-73.326799999998073,44.883780000059737
22,1,22,141,ILM,101,44.883749999999999,-73.326599999999999,36.000000000000000,Adult,17.5,Intermediate,Alive,85,Y,Yes,35,30,30.000000000000000,35,3.000000000000000,1.500000000000000,0,0,0,0,0.000000000000000, ,0,0, ,0, , ,0,0,0,upland,None apparent, ,collected by catherine,1,0,0,0,1,1,0,0,0,0,0,1,0,0,0,0,0,0,1,0,0,0,0,0,0,0,0,0,VT013,5,BdE,279232,-73.326599999981568,44.883750000275271
23,1,23,140,ILM,100,44.883189999999999,-73.326499999999996,64.000000000000000,Adult,47.5,Co-dominant,Alive,95,Y,Yes,15,2,1.000000000000000,8,1.500000000000000,1.000000000000000,0,0,0,0,0.000000000000000, ,0,0, ,0, , ,0,0,0,upland,None apparent, ,collected by kylie,0,0,0,0,1,1,0,0,1,0,0,1,0,0,0,0,0,0,1,0,1,0,0,0,0,0,0,0,VT013,5,AbC,279222,-73.326500000422442,44.883190000152773
24,1,24,88,ILM,60,44.883699999999997,-73.331100000000006,29.000000000000000,Adult,16.6,Co-dominant,Alive,10,Y,Yes,80,85,75.000000000000000,80,4.000000000000000,3.500000000000000,0,0,0,0,0.000000000000000, ,0,0, ,0, , ,0,0,0,upland,None apparent, ,collected by Kylie,0,1,0,0,1,0,0,1,1,0,0,0,0,0,0,0,0,0,0,0,0,0,0,0,0,0,0,0,VT013,5,BdC,279230,-73.331099999904566,44.883699999963078
25,1,25,319,ILM,512,44.885140000000000,-73.328900000000004,1.440000000000000,Seedling, , , ,0, , ,0,0,0.000000000000000,0,0.000000000000000,0.000000000000000,88,95,91,53,7.530000000000000, ,0,2024,Alive,0,Y,N,50,10,70,upland,Nearby grasses or forbs, ,collected by kylie,0,0,0,0,1,0,0,1,1,0,0,0,0,1,0,0,0,0,0,0,0,0,0,0,0,0,0,0,VT013,5,AbB,279221,-73.328899999722623,44.885139999957673
26,1,26,96,ILM,53,44.883450000000003,-73.327200000000005,14.000000000000000,Adult,5.6,Suppressed,Alive,95,Y,Yes,25,0,10.000000000000000,30,1.500000000000000,2.000000000000000,0,0,0,0,0.000000000000000, ,0,0, ,0, , ,0,0,0,upland,None apparent, ,collected by Emma,0,0,0,0,1,0,1,0,0,0,0,0,0,0,0,0,0,0,0,0,1,0,0,0,0,0,0,0,VT013,5,BdC,279230,-73.327200000031141,44.883450000296541
27,1,27,367,ILM,579,44.883369999999999,-73.331299999999999,1.040000000000000,Seedling, , , ,0, , ,0,0,0.000000000000000,0,0.000000000000000,0.000000000000000,17,20,38,53,8.140000000000001,Vole (nibbling on the bark),0,2023,Alive,20,N, ,0,0,0,upland,None apparent, ,collected by kylie,0,0,0,0,1,0,0,1,0,1,0,0,0,1,0,0,0,0,0,0,0,0,0,0,0,0,0,0,VT013,5,BdC,279230,-73.331299999921058,44.883369999740886
28,1,28,271,ILM,455,44.882919999999999,-73.328299999999999,1.180000000000000,Seedling, , , ,0, , ,0,0,0.000000000000000,0,0.000000000000000,0.000000000000000,95,89,41,71,6.090000000000000, ,0,2024,Alive,0,N, ,0,0,0,upland,None apparent, ,collected by catherine,0,0,0,0,1,0,0,0,0,0,0,0,0,1,0,0,0,0,0,0,0,0,0,0,0,0,0,0,VT013,5,BdC,279230,-73.328299999672993,44.882920000032719
29,1,29,333,ILM,544,44.884889999999999,-73.329300000000003,1.500000000000000,Seedling, , , ,0, , ,0,0,0.000000000000000,0,0.000000000000000,0.000000000000000,34,82,94,52,8.270000000000000, ,0,2024,Alive,0,N, ,0,0,0,upland,Nearby shrubs, ,collected by kylie,0,0,0,0,1,0,0,1,1,0,0,0,0,1,0,0,0,0,0,0,0,0,0,0,0,0,0,0,VT013,5,AbB,279221,-73.329299999755705,44.884890000184058
30,1,30,213,ILM,262,44.883450000000003,-73.326999999999998,1.000000000000000,Seedling, , , ,0, , ,0,0,0.000000000000000,0,0.000000000000000,0.000000000000000,35,72,95,85,4.080000000000000, ,0,2024,Alive,0,Y,Y,50,20,75,upland,None apparent, ,collected by emma,1,0,0,0,1,0,0,0,0,1,0,0,0,0,0,0,0,0,0,0,1,0,0,0,0,0,0,0,VT013,5,BdC,279230,-73.327000000014635,44.883450000296541
31,1,31,359,ILM,563,44.883699999999997,-73.332300000000004,1.130000000000000,Seedling, , , ,0, , ,0,0,0.000000000000000,0,0.000000000000000,0.000000000000000,4,2,2,6,5.970000000000000, ,0,2024,Alive,0,N, ,0,0,0,upland,None apparent, ,collected by kylie,0,0,0,0,1,0,0,1,0,0,0,0,0,1,0,0,0,0,0,0,0,0,0,0,0,0,0,0,VT013,5,BdC,279230,-73.332300000003826,44.883699999963078
32,1,32,240,ILM,371,44.883759999999995,-73.329099999999997,1.690000000000000,Seedling, , , ,0, , ,0,0,0.000000000000000,0,0.000000000000000,0.000000000000000,23,4,38,24,8.130000000000001, ,0,2024,Alive,95,Y,Y,0,3,35,upland,None apparent, ,collected by catherine,0,0,0,0,1,1,0,0,1,0,0,0,0,0,0,0,0,0,0,0,1,1,0,0,0,0,0,0,VT013,5,BdB,279229,-73.329099999739142,44.883760000205157
33,1,33,194,ILM,226,44.881750000000004,-73.330399999999997,41.000000000000000,Adult,35.6,Co-dominant,Alive,65,Y,Yes,15,15,10.000000000000000,15,1.500000000000000,2.500000000000000,0,0,0,0,0.000000000000000, ,0,0, ,0, , ,0,0,0,upland,None apparent, ,collected by kylie,1,1,0,0,1,1,1,0,0,0,0,0,0,1,0,0,0,0,0,0,1,0,0,0,0,0,0,0,VT013,5,BdB,279229,-73.330400000295839,44.881749999721997
34,1,34,243,ILM,401,44.885249999999999,-73.326899999999995,2.540000000000000,Seedling, , , ,0, , ,0,0,0.000000000000000,0,0.000000000000000,0.000000000000000,95,79,72,90,16.469999999999999, ,0,2024,Alive,80,N, ,0,0,0,upland,None apparent, ,collected by emma,0,0,0,0,0,0,0,0,1,0,0,0,1,0,0,0,0,0,0,0,1,0,0,0,0,0,0,0,VT013,5,BdC,279230,-73.326899999557213,44.885250000252249
35,1,35,174,ILM,195,44.883960999999999,-73.326786999999996,25.000000000000000,Adult,6.8,Intermediate,Alive,75,Y,Yes,55,75,70.000000000000000,70,4.000000000000000,2.000000000000000,0,0,0,0,0.000000000000000, ,0,0, ,0, , ,0,0,0,upland,None apparent, ,"snapped at ~8ft up, collected by emma",0,0,0,0,1,0,0,1,1,0,0,0,0,0,0,0,0,0,0,0,1,0,0,0,0,0,0,0,VT013,5,BdC,279230,-73.326786999579269,44.883961000273665
36,1,36,160,ILM,130,44.882719999999999,-73.328999999999994,24.000000000000000,Adult,20.2,Intermediate,Alive,15,Y,Yes,35,65,60.000000000000000,95,4.000000000000000,3.000000000000000,0,0,0,0,0.000000000000000, ,0,0, ,0, , ,0,0,0,upland,Vines on the tree, ,collected by kylie,1,0,0,0,1,0,0,1,1,0,0,0,0,1,0,0,0,0,0,0,0,0,0,0,0,0,0,0,VT013,5,BdB,279229,-73.329000000180059,44.882720000093450
37,1,37,149,ILM,NBL01,44.883420000000001,-73.334000000000003,36.000000000000000,Adult,84,NA - no canopy,Alive,15,Y,Yes,10,0,5.000000000000000,1,1.000000000000000,3.000000000000000,0,0,0,0,0.000000000000000, ,0,0, ,0, , ,0,0,0,upland,None apparent, ,"clay soil, around 100 years old, collected by kylie",0,0,0,0,0,0,1,0,0,0,0,0,0,0,0,0,0,0,0,0,0,0,0,0,0,0,0,0,VT013,5,BcB,279226,-73.333999999695266,44.883419999703378
38,1,38,242,ILM,377,44.884508000000004,-73.328429999999997,1.330000000000000,Seedling, , , ,0, , ,0,0,0.000000000000000,0,0.000000000000000,0.000000000000000,45,43,27,4,4.360000000000000, ,1,2024,Alive,85,N, ,0,0,0,upland,None apparent, ,collected by catherine,0,0,0,0,1,0,0,1,0,0,0,0,0,0,0,0,0,0,0,0,0,0,0,0,0,0,0,0,VT013,5,BdB,279229,-73.328430000267659,44.884507999709719
39,1,39,138,ILM,098,44.883200000000002,-73.326300000000003,55.000000000000000,Adult,32,Co-dominant,Alive,15,Y,Yes,55,30,25.000000000000000,50,2.500000000000000,4.000000000000000,0,0,0,0,0.000000000000000, ,0,0, ,0, , ,0,0,0,upland,None apparent, ,collected by kylie,0,0,0,0,1,1,0,0,1,0,0,1,0,0,0,0,0,0,1,0,1,0,0,0,0,0,0,0,VT013,5,AbC,279222,-73.326300000405922,44.883200000180004
40,1,40,276,ILM,462,44.882880000000000,-73.329200000000000,1.020000000000000,Seedling, , , ,0, , ,0,0,0.000000000000000,0,0.000000000000000,0.000000000000000,96,96,90,95,4.010000000000000, ,0,2024,Alive,0,Y,Y,5,10,10,upland,None apparent, ,giant weird bulge/ node. collected by catherine,0,0,0,0,1,0,0,0,0,0,0,0,0,1,0,0,0,0,0,0,0,0,0,0,0,0,0,0,VT013,5,BdB,279229,-73.329200000196565,44.882879999718618
41,1,41,198,ILM,231,44.882449999999999,-73.329200000000000,29.000000000000000,Adult,25.1,Intermediate,Alive,5,Y,Yes,70,0,85.000000000000000,95,5.000000000000000,5.000000000000000,0,0,0,0,0.000000000000000, ,0,0, ,0, , ,0,0,0,upland,None apparent, ,collected by catherine,1,0,0,0,1,0,0,0,1,1,0,0,0,0,1,0,0,0,0,0,1,0,0,0,0,0,0,0,VT013,5,BcB,279226,-73.329200000196565,44.882450000313675
42,1,42,244,ILM,405,44.885238999999999,-73.326465000000013,1.080000000000000,Seedling, , , ,0, , ,0,0,0.000000000000000,0,0.000000000000000,0.000000000000000,96,96,95,88,8.279999999999999, ,0,2024,Alive,50,Y,Y,45,15,45,upland,None apparent, ,collected by emma,0,1,0,0,1,0,0,0,1,0,0,0,0,0,0,0,0,0,0,0,1,0,0,0,0,0,0,0,VT013,5,BdC,279230,-73.326465000262303,44.885239000041238
43,1,43,203,ILM,236,44.882559999999998,-73.329800000000006,35.000000000000000,Adult,34.6,Co-dominant,Alive,65,Y,Yes,50,70,55.000000000000000,75,4.000000000000000,2.000000000000000,0,0,0,0,0.000000000000000, ,0,0, ,0, , ,0,0,0,upland,None apparent, ,collected by kylie,1,0,0,0,1,1,0,0,1,0,0,0,0,0,0,0,0,0,0,0,0,0,0,0,0,0,0,0,VT013,5,BcB,279226,-73.329800000246209,44.882560000023261
44,1,44,186,ILM,212,44.882810000000006,-73.330900000000000,28.000000000000000,Adult,33.9,Co-dominant,Dead,0, , ,0,0,0.000000000000000,0,0.000000000000000,0.000000000000000,0,0,0,0,0.000000000000000, ,0,0, ,0, , ,0,0,0,upland,None apparent, ,collected by kylie,0,0,0,0,1,1,0,0,1,1,0,0,0,0,0,0,0,1,0,0,1,0,0,0,0,0,0,0,VT013,5,BcB,279226,-73.330899999887990,44.882809999738427
45,1,45,363,ILM,573,44.883710000000001,-73.332800000000006,2.580000000000000,Seedling, , , ,0, , ,0,0,0.000000000000000,0,0.000000000000000,0.000000000000000,96,91,26,87,16.289999999999999, ,0,2023,Alive,95,N, ,0,0,0,upland,None apparent, ,collected by kylie,0,0,0,0,1,0,0,0,1,1,0,0,0,0,0,0,1,0,1,0,0,0,0,0,0,0,0,0,VT013,5,AbA,279220,-73.332799999595991,44.883709999901669
46,1,46,192,ILM,223,44.882279999999994,-73.330799999999996,40.000000000000000,Adult,34.8,Co-dominant,Alive,85,Y,Yes,70,75,60.000000000000000,75,3.500000000000000,1.500000000000000,0,0,0,0,0.000000000000000, ,0,0, ,0, , ,0,0,0,upland,None apparent, ,collected by kylie,1,1,0,0,1,1,0,0,1,0,0,0,0,0,0,0,0,0,0,0,1,0,0,0,0,0,0,0,VT013,5,BdC,279230,-73.330800000328921,44.882279999943734
47,1,47,76,ILM,061,44.885870000000004,-73.328599999999994,42.000000000000000,Adult,29.5,Co-dominant,Alive,95,Y,Yes,50,25,15.000000000000000,20,2.500000000000000,1.000000000000000,0,0,0,0,0.000000000000000, ,0,0, ,0, , ,0,0,0,upland,None apparent, ,collected by Kylie,0,1,0,0,1,0,0,1,1,0,0,0,1,0,0,0,0,0,0,0,1,0,0,0,0,0,0,0,VT013,5,AbB,279221,-73.328600000146920,44.885870000003386
48,1,48,170,ILM,169,44.883030000000005,-73.327100000000002,24.000000000000000,Adult,18.3,Dominant,Alive,10,Y,Yes,40,25,25.000000000000000,36,2.500000000000000,1.000000000000000,0,0,0,0,0.000000000000000, ,0,0, ,0, , ,0,0,0,upland,None apparent, ,collected by kylie,1,0,0,0,1,0,0,0,1,1,0,0,0,0,0,0,0,0,1,0,1,0,0,0,0,0,0,0,VT013,5,BdC,279230,-73.327099999573704,44.883030000116733
49,1,49,252,ILM,418,44.884720000000002,-73.324100000000001,1.480000000000000,Seedling, , , ,0, , ,0,0,0.000000000000000,0,0.000000000000000,0.000000000000000,88,66,76,67,10.050000000000001, ,0,2024,Alive,95,Y,Y,40,5,30,upland,Nearby grasses or forbs, ,collected by catherine,0,0,0,0,0,0,0,0,1,1,0,0,0,0,0,0,1,1,1,0,0,0,0,0,0,0,0,0,VT013,5,CbA,279244,-73.324100000223950,44.884720000022980
50,1,50,191,ILM,222,44.882370000000002,-73.330699999999993,1.250000000000000,Seedling, , , ,0, , ,0,0,0.000000000000000,0,0.000000000000000,0.000000000000000,5,92,81,78,3.970000000000000, ,0,2024,Dead,0, , ,0,0,0,upland,Nearby grasses or forbs, ,collected by kylie,0,1,0,0,1,1,0,0,1,1,0,0,0,0,0,0,0,0,0,0,0,0,0,0,0,0,0,0,VT013,5,BdC,279230,-73.330699999871484,44.882370000276978
51,1,51,230,ILM,356,44.881188000000002,-73.330352999999988,1.160000000000000,Seedling, , , ,0, , ,0,0,0.000000000000000,0,0.000000000000000,0.000000000000000,5,47,37,3,6.880000000000000, ,0,2024,Alive,10,N, ,0,0,0,upland,None apparent, ,Collected by kylie,0,1,0,0,1,0,0,1,0,0,0,0,0,1,0,0,0,0,0,0,0,0,0,0,0,0,0,0,VT013,5,BdC,279230,-73.330353000440155,44.881187999915625
52,1,52,288,ILM,493,44.884064000000002,-73.328089000000006,1.030000000000000,Seedling, , , ,0, , ,0,0,0.000000000000000,0,0.000000000000000,0.000000000000000,15,16,87,96,4.330000000000000, ,0,2024,Dead,0, , ,0,0,0,riparian,None apparent, , ,0,0,0,0,1,1,0,0,1,0,0,0,0,0,0,0,0,0,0,0,0,0,0,0,0,0,0,0,VT013,5,BdB,279229,-73.328088999785791,44.884064000172785
53,1,53,139,ILM,99,44.883189999999999,-73.326400000000007,45.000000000000000,Adult,34.1,Intermediate,Dead,0, , ,0,0,0.000000000000000,0,0.000000000000000,0.000000000000000,0,0,0,0,0.000000000000000, ,0,0, ,0, , ,0,0,0,upland,None apparent, ,collected by kylie,0,0,0,0,1,1,0,0,1,0,0,1,0,0,0,0,0,0,1,0,1,0,0,0,0,0,0,0,VT013,5,AbC,279222,-73.326399999964991,44.883190000152773
54,1,54,123,ILM,046,44.883610000000004,-73.327200000000005,20.000000000000000,Adult,7.2,Intermediate,Alive,100,Y,Yes,30,0,15.000000000000000,50,2.000000000000000,1.500000000000000,0,0,0,0,0.000000000000000, ,0,0, ,0, , ,0,0,0,upland,None apparent, ,collected by emma,1,0,0,0,1,0,0,0,0,0,0,0,0,0,0,0,0,0,0,0,0,0,0,0,0,0,0,0,VT013,5,BdC,279230,-73.327200000031141,44.883609999800939
55,1,55,116,ILM,037,44.883559999999996,-73.329800000000006,43.000000000000000,Adult,36,Dominant,Alive,0,Y,Yes,25,30,25.000000000000000,30,3.000000000000000,5.000000000000000,0,0,0,0,0.000000000000000, ,0,0, ,0, , ,0,0,0,upland,None apparent, ,collected by catherine,0,0,0,0,1,0,0,0,1,0,0,0,0,0,0,0,0,0,0,0,1,0,0,0,0,0,0,0,VT013,5,BdB,279229,-73.329800000246209,44.883560000003584
56,1,56,315,ILM,504,44.884990000000002,-73.328699999999998,1.650000000000000,Seedling, , , ,0, , ,0,0,0.000000000000000,0,0.000000000000000,0.000000000000000,79,78,94,95,5.990000000000000, ,1,2024,Alive,85,N, ,0,0,0,upland,None apparent, ,collected by kylie,0,0,0,0,1,0,0,1,0,0,0,0,0,1,0,0,0,0,0,0,0,0,0,0,0,0,0,0,VT013,5,AbB,279221,-73.328699999706075,44.884989999969306
57,1,57,95,ILM,385,44.886499999999998,-73.326999999999998,0.660000000000000,Seedling, , , ,0, , ,0,0,0.000000000000000,0,0.000000000000000,0.000000000000000,16,18,10,3,6.110000000000000, ,0,2023,Alive,20,N, ,0,0,0,upland,None apparent, , ,0,0,0,0,0,0,0,0,1,0,0,0,0,0,0,0,0,0,0,0,0,0,0,0,0,0,0,0,VT013,5,BdB,279229,-73.327000000014635,44.886500000163466
58,1,58,354,ILM,555,44.885010000000001,-73.328900000000004,1.250000000000000,Seedling, , , ,0, , ,0,0,0.000000000000000,0,0.000000000000000,0.000000000000000,96,95,96,96,7.070000000000000, ,1,2023,Alive,0,Y,N,20,0,50,upland,None apparent, ,collected by kylie,0,0,0,0,1,0,0,1,0,0,0,0,0,1,0,0,0,0,0,0,0,0,0,0,0,0,0,0,VT013,5,AbB,279221,-73.328899999722623,44.885010000032757
59,1,59,249,ILM,413,44.884930000000004,-73.325000000000003,0.920000000000000,Seedling, , , ,0, , ,0,0,0.000000000000000,0,0.000000000000000,0.000000000000000,86,96,37,29,6.510000000000000,Having been mowed in the past,0,2024,Alive,0,N, ,0,0,0,upland,None apparent, ,"was alive this year, currently dead. possible canker: photos, too dead to say. collected by catherine",0,0,0,0,0,0,0,0,0,1,0,0,0,0,0,0,0,0,0,0,0,0,0,0,0,0,0,0,VT013,5,KbB,279255,-73.324999999849226,44.884929999737089
60,1,60,89,ILM,580,44.886290000000002,-73.327100000000002,0.350000000000000,Seedling, , , ,0, , ,0,0,0.000000000000000,0,0.000000000000000,0.000000000000000,48,20,96,89,4.050000000000000,Deer browse,0,2024,Dead,0, , ,0,0,0,upland,None apparent, ,In a pot/planted; 2 dead branches off stem. collected by Kylie,0,0,0,0,0,0,0,0,0,0,0,0,0,0,0,0,0,0,0,0,0,0,0,0,0,0,0,0,VT013,5,BdB,279229,-73.327099999573704,44.886289999815951
61,1,61,112,ILM,25,44.884610000000002,-73.325100000000006,62.000000000000000,Adult,75.7,Co-dominant,Alive,75,Y,Yes,15,7,2.000000000000000,4,1.000000000000000,2.500000000000000,0,0,0,0,0.000000000000000, ,0,0, ,0, , ,0,0,0,upland,None apparent, ,"like declining due to old age, collected by Kylie",1,0,0,0,0,1,0,0,1,0,0,1,0,0,0,0,0,0,0,0,1,0,0,0,0,0,0,0,VT013,5,KbB,279255,-73.325100000306634,44.884609999987987
62,1,62,109,ILM,20,44.884470000000000,-73.326300000000003,34.000000000000000,Adult,18,Co-dominant,Alive,75,Y,Yes,1,7,10.000000000000000,7,1.500000000000000,1.500000000000000,0,0,0,0,0.000000000000000, ,0,0, ,0, , ,0,0,0,upland,None apparent, ,collected by Kylie,1,0,0,0,1,0,0,0,1,1,0,1,0,0,0,0,0,0,1,0,1,0,0,0,0,0,0,0,VT013,5,BdC,279230,-73.326300000405922,44.884469999697018
63,1,63,127,ILM,071,44.884920000000001,-73.327100000000002,47.000000000000000,Adult,19,Co-dominant,Alive,100,Y,Yes,15,20,10.000000000000000,65,3.000000000000000,1.500000000000000,0,0,0,0,0.000000000000000, ,0,0, ,0, , ,0,0,0,upland,None apparent, ,collected by emma,0,0,1,0,0,1,0,0,1,1,0,0,0,0,0,0,0,0,0,0,1,0,0,0,0,0,0,0,VT013,5,BdB,279229,-73.327099999573704,44.884920000010581
64,1,64,329,ILM,534,44.885249999999999,-73.329099999999997,1.200000000000000,Seedling, , , ,0, , ,0,0,0.000000000000000,0,0.000000000000000,0.000000000000000,5,2,18,36,5.490000000000000, ,0,2023,Alive,0,Y,N,0,1,15,upland,None apparent, ,collected by kylie,0,0,0,0,1,0,0,1,0,0,0,0,0,1,0,0,0,0,0,0,0,0,0,0,0,0,0,0,VT013,5,AbB,279221,-73.329099999739142,44.885250000252249
65,1,65,364,ILM,575,44.883719999999997,-73.333500000000001,2.420000000000000,Seedling, , , ,0, , ,0,0,0.000000000000000,0,0.000000000000000,0.000000000000000,6,0,10,48,10.940000000000000, ,0,2024,Alive,95,Y,N,10,0,20,upland,None apparent, ,collected by kylie,0,0,0,0,1,0,0,1,1,0,0,0,0,1,0,0,0,0,1,0,0,0,0,0,0,0,0,0,VT013,5,AbA,279220,-73.333500000103058,44.883719999838561
66,1,66,75,ILM,063,44.885770000000001,-73.328599999999994,41.000000000000000,Adult,32,Co-dominant,Alive,90,Y,Yes,85,45,40.000000000000000,95,3.500000000000000,1.500000000000000,0,0,0,0,0.000000000000000, ,0,0, ,0, , ,0,0,0,upland,None apparent, ,collected by Kylie,0,1,0,0,1,0,0,1,1,0,0,0,1,0,0,0,0,0,0,0,1,0,0,0,0,0,0,0,VT013,5,AbB,279221,-73.328600000146920,44.885769999838537
67,1,67,201,ILM,234,44.882370000000002,-73.329099999999997,43.000000000000000,Adult,36.5,Dominant,Alive,75,Y,Yes,40,55,35.000000000000000,55,3.500000000000000,1.500000000000000,0,0,0,0,0.000000000000000, ,0,0, ,0, , ,0,0,0,upland,None apparent, ,collected by catherine,1,0,0,0,1,1,0,0,1,1,0,0,0,0,1,0,0,0,0,0,1,0,0,0,0,0,0,0,VT013,5,BcB,279226,-73.329099999739142,44.882370000276978
68,1,68,239,ILM,370,44.883589999999998,-73.329400000000007,1.270000000000000,Seedling, , , ,0, , ,0,0,0.000000000000000,0,0.000000000000000,0.000000000000000,8,3,17,40,6.940000000000000, ,0,2024,Alive,75,N, ,0,0,0,upland,None apparent, ,collected by catherine,0,0,0,0,1,0,0,1,0,0,0,0,0,0,0,0,0,0,0,0,1,0,0,0,0,0,0,0,VT013,5,BdB,279229,-73.329400000213141,44.883589999887171
69,1,69,366,ILM,577,44.883430000000004,-73.333200000000005,7.000000000000000,Adult,0.9,Suppressed,Alive,95,Y,Yes,5,0,5.000000000000000,40,1.000000000000000,1.000000000000000,0,0,0,0,0.000000000000000, ,0,0, ,0, , ,0,0,0,upland,Other,red cedar,collected by kylie,0,0,0,0,1,0,0,1,1,0,0,0,0,0,0,0,0,1,1,0,1,0,0,0,0,0,0,0,VT013,5,BcB,279226,-73.333199999629059,44.883429999690733
70,1,70,316,ILM,505,44.884940000000000,-73.328699999999998,1.240000000000000,Seedling, , , ,0, , ,0,0,0.000000000000000,0,0.000000000000000,0.000000000000000,86,74,50,75,6.240000000000000, ,0,2024,Alive,50,Y,N,0,2,10,upland,None apparent, ,collected by kylie,0,0,0,0,1,0,0,1,1,0,0,0,0,1,0,0,0,0,0,0,0,0,0,0,0,0,0,0,VT013,5,BdB,279229,-73.328699999706075,44.884940000098410
71,1,71,171,ILM,182,44.882759999999998,-73.327100000000002,38.000000000000000,Adult,31.6,Co-dominant,Alive,75,Y,Yes,45,85,70.000000000000000,95,4.500000000000000,2.000000000000000,0,0,0,0,0.000000000000000, ,0,0, ,0, , ,0,0,0,upland,None apparent, ,collected by kylie,0,0,0,0,1,1,0,0,1,1,0,1,0,0,0,0,0,0,1,0,0,0,0,0,0,0,0,0,VT013,5,BdE,279232,-73.327099999573704,44.882759999882282
72,1,72,265,ILM,441,44.883420000000001,-73.327600000000004,1.920000000000000,Seedling, , , ,0, , ,0,0,0.000000000000000,0,0.000000000000000,0.000000000000000,90,96,90,86,12.250000000000000, ,0,2024,Alive,70,Y,Y,55,0,60,upland,None apparent, ,collected by catherine,0,0,0,0,1,0,0,1,1,0,0,0,0,1,0,0,0,0,0,0,1,0,0,0,0,0,0,0,VT013,5,BdC,279230,-73.327600000064280,44.883419999703378
73,1,73,176,ILM,197,44.885039999999996,-73.330699999999993,1.900000000000000,Seedling, , , ,0, , ,0,0,0.000000000000000,0,0.000000000000000,0.000000000000000,80,89,30,29,11.800000000000001, ,0,2023,Alive,85,N, ,0,0,0,upland,None apparent, ,collected by kylie,1,1,0,1,1,1,0,1,1,0,0,0,0,0,0,0,0,0,0,0,0,1,0,0,0,0,0,0,VT013,5,AbB,279221,-73.330699999871484,44.885039999796739
74,1,74,235,ILM,365,44.883250000000004,-73.329800000000006,1.390000000000000,Seedling, , , ,0, , ,0,0,0.000000000000000,0,0.000000000000000,0.000000000000000,11,26,52,40,10.230000000000000, ,0,2024,Alive,0,N, ,0,0,0,upland,None apparent, ,collected by catherine,0,0,0,0,1,0,0,0,0,0,0,0,0,1,0,0,0,0,0,0,1,0,0,0,0,0,0,0,VT013,5,BdB,279229,-73.329800000246209,44.883250000290154
75,1,75,173,ILM,193,44.886690000000002,-73.330200000000005,48.000000000000000,Adult,34.1,Intermediate,Alive,70,Y,Yes,1,5,2.000000000000000,5,1.000000000000000,2.500000000000000,0,0,0,0,0.000000000000000, ,0,0, ,0, , ,0,0,0,upland,Vines on the tree, ,collected by kylie,1,0,0,0,0,0,0,0,1,1,0,1,0,0,0,0,0,1,1,0,0,0,0,0,0,0,0,0,VT013,5,KbA,279254,-73.330200000279277,44.886690000271834
76,1,76,253,ILM,421,44.885959999999997,-73.323899999999995,1.790000000000000,Seedling, , , ,0, , ,0,0,0.000000000000000,0,0.000000000000000,0.000000000000000,79,38,52,96,16.460000000000001, ,0,2024,Alive,80,Y,Y,50,3,35,upland,None apparent, ,collected by catherine,0,0,0,1,0,0,0,0,0,0,0,0,1,0,0,0,0,1,0,0,0,0,0,0,0,0,1,0,VT013,5,BcB,279226,-73.323900000207360,44.885959999812187
77,1,77,234,ILM,364,44.883159999999997,-73.329800000000006,1.250000000000000,Seedling, , , ,0, , ,0,0,0.000000000000000,0,0.000000000000000,0.000000000000000,74,84,69,69,6.230000000000000, ,0,2024,Alive,0,N, ,0,0,0,upland,None apparent, ,collected by catherine,0,0,0,0,1,0,0,1,0,0,0,0,0,0,0,0,0,0,0,0,0,0,0,0,0,0,0,0,VT013,5,BdB,279229,-73.329800000246209,44.883160000060492
78,1,78,107,ILM,017,44.883939999999996,-73.326700000000002,25.000000000000000,Adult,18,Intermediate,Alive,60,Y,Yes,80,40,40.000000000000000,80,3.500000000000000,2.500000000000000,0,0,0,0,0.000000000000000, ,0,0, ,0, , ,0,0,0,upland,None apparent, ,collected by Emma,1,0,0,0,1,0,0,0,1,0,0,0,0,0,0,0,0,0,0,0,0,0,0,0,0,0,0,0,VT013,5,BdC,279230,-73.326700000439004,44.883939999919399
79,1,79,132,ILM,091,44.884250000000002,-73.327600000000004,35.000000000000000,Adult,35.4,Dominant,Alive,100,Y,Yes,20,55,35.000000000000000,85,3.000000000000000,1.000000000000000,0,0,0,0,0.000000000000000, ,0,0, ,0, , ,0,0,0,upland,None apparent, ,collected by catherine,0,0,0,0,1,0,0,0,1,1,0,1,0,0,0,0,0,0,0,0,0,0,0,0,0,0,0,0,VT013,5,BdB,279229,-73.327600000064280,44.884249999733562
80,1,80,290,ILM,495,44.884039999999999,-73.328100000000006,1.520000000000000,Seedling, , , ,0, , ,0,0,0.000000000000000,0,0.000000000000000,0.000000000000000,6,12,89,3,7.810000000000000, ,0,2024,Alive,10,Y,Y,5,2,15,upland,Vines on the tree, ,collected by kylie,0,0,0,0,1,0,0,1,1,0,0,0,1,0,0,0,0,0,1,0,1,0,1,0,0,0,0,0,VT013,5,BdB,279229,-73.328099999656416,44.884040000083040
81,1,81,197,ILM,230,44.882710000000003,-73.330500000000001,43.000000000000000,Adult,34.7,Dominant,Alive,5,Y,Yes,50,35,30.000000000000000,70,3.500000000000000,4.000000000000000,0,0,0,0,0.000000000000000, ,0,0, ,0, , ,0,0,0,upland,None apparent, ,collected by catherine,0,1,0,0,1,0,0,1,0,1,0,0,0,0,0,0,0,0,0,0,0,0,0,0,0,0,0,0,VT013,5,BcB,279226,-73.330499999854908,44.882709999982680
82,1,82,246,ILM,407,44.885110000000005,-73.325999999999993,1.640000000000000,Seedling, , , ,0, , ,0,0,0.000000000000000,0,0.000000000000000,0.000000000000000,96,96,89,92,10.520000000000000, ,0,2024,Alive,100,Y,N,30,20,45,upland,None apparent, ,collected by kylie,0,1,0,0,1,0,0,0,1,0,0,1,0,1,0,0,0,0,0,0,0,0,0,0,0,0,0,0,VT013,5,BcC,279227,-73.325999999931909,44.885110000245930
83,1,83,110,ILM,22,44.884450000000001,-73.326200000000000,43.000000000000000,Adult,42.3,Dominant,Alive,100,Y,Yes,10,5,2.000000000000000,5,1.500000000000000,1.000000000000000,0,0,0,0,0.000000000000000, ,0,0, ,0, , ,0,0,0,upland,None apparent, ,collected by Kylie,1,0,0,0,1,0,0,0,1,1,0,1,0,0,0,0,0,0,0,0,1,0,0,0,0,0,0,0,VT013,5,BdC,279230,-73.326199999948429,44.884450000082275
84,1,84,362,ILM,572,44.883859999999999,-73.332899999999995,2.540000000000000,Seedling, , , ,0, , ,0,0,0.000000000000000,0,0.000000000000000,0.000000000000000,0,4,6,0,12.279999999999999, ,0,2023,Alive,100,Y,N,15,0,20,upland,None apparent, ,collected by kylie,0,0,0,0,1,0,0,1,1,0,0,0,0,0,0,0,0,0,0,0,0,0,0,0,0,0,0,0,VT013,5,AbA,279220,-73.332900000053428,44.883860000045246
85,1,85,320,ILM,513,44.885159999999999,-73.328900000000004,1.570000000000000,Seedling, , , ,0, , ,0,0,0.000000000000000,0,0.000000000000000,0.000000000000000,94,96,94,90,7.120000000000000, ,0,2024,Alive,0,Y,N,5,2,10,upland,Nearby grasses or forbs, ,collected by kylie,0,0,0,0,1,0,0,1,1,0,0,0,0,1,0,0,0,0,0,0,0,0,0,0,0,0,0,0,VT013,5,AbB,279221,-73.328899999722623,44.885159999968970
86,1,86,268,ILM,452,44.883000000000003,-73.328199999999995,2.080000000000000,Seedling, , , ,0, , ,0,0,0.000000000000000,0,0.000000000000000,0.000000000000000,56,70,92,96,16.510000000000002, ,0,2024,Alive,0,N, ,0,0,0,upland,None apparent, ,collected by catherine,0,0,0,0,1,0,0,0,0,0,0,0,0,0,0,0,0,0,0,0,0,0,0,0,0,0,0,0,VT013,5,BdC,279230,-73.328200000113867,44.882999999941063
87,1,87,133,ILM,092,44.884380000000000,-73.327699999999993,47.000000000000000,Adult,33.5,Dominant,Alive,100,Y,Yes,10,55,40.000000000000000,50,3.500000000000000,1.000000000000000,0,0,0,0,0.000000000000000, ,0,0, ,0, , ,0,0,0,upland,None apparent, ,collected by catherine,1,0,0,0,1,0,0,0,0,1,0,0,0,0,0,1,0,0,0,0,1,0,0,0,0,0,0,0,VT013,5,BdB,279229,-73.327699999623349,44.884380000103008
88,1,88,255,ILM,424,44.886470000000003,-73.323700000000002,5.500000000000000,Adult,0.98,Intermediate,Alive,100,N, ,0,0,0.000000000000000,0,0.000000000000000,0.000000000000000,0,0,0,0,0.000000000000000, ,0,0, ,0, , ,0,0,0,upland,None apparent, ,collected by catherine,0,0,0,1,0,0,0,0,1,0,0,0,0,0,0,0,0,0,0,0,0,0,0,0,0,0,1,0,VT013,5,CbA,279244,-73.323700000190868,44.886469999887986
89,1,89,220,ILM,300,44.883910000000000,-73.327100000000002,1.080000000000000,Seedling, , , ,0, , ,0,0,0.000000000000000,0,0.000000000000000,0.000000000000000,19,22,42,50,6.180000000000000, ,0,2024,Alive,5,N, ,0,0,0,upland,None apparent, ,collected by catherine,1,0,0,0,1,0,0,0,0,0,0,1,0,0,0,0,0,0,0,0,0,1,0,0,0,0,0,0,VT013,5,BdC,279230,-73.327099999573704,44.883910000218322
90,1,90,92,ILM,385,44.886499999999998,-73.326999999999998,0.660000000000000,Seedling, , , ,0, , ,0,0,0.000000000000000,0,0.000000000000000,0.000000000000000,16,18,10,3,6.110000000000000, ,0,0,Alive,20,N, ,0,0,0,upland,None apparent, ,collected by Kylie,0,0,0,0,0,0,0,0,1,0,0,0,0,0,0,0,0,0,0,0,0,0,0,0,0,0,0,0,VT013,5,BdB,279229,-73.327000000014635,44.886500000163466
91,1,91,187,ILM,215,44.882550000000002,-73.331000000000003,3.040000000000000,Seedling, , , ,0, , ,0,0,0.000000000000000,0,0.000000000000000,0.000000000000000,90,31,21,55,12.600000000000000, ,0,2025,Alive,100,N, ,0,0,0,upland,None apparent, ,"is an epicormic from a stump, another is epicormic is present, we measured the larger one. collected by catherine",0,0,0,0,0,1,1,0,1,0,0,0,0,1,0,0,0,0,0,0,1,0,0,0,0,0,0,0,VT013,5,BcB,279226,-73.331000000345441,44.882549999884773
92,1,92,122,ILM,045,44.882759999999998,-73.329499999999996,34.000000000000000,Adult,28.5,Intermediate,Alive,80,Y,Yes,55,55,60.000000000000000,70,3.500000000000000,1.500000000000000,0,0,0,0,0.000000000000000, ,0,0, ,0, , ,0,0,0,upland,"Vines on the tree, Other",red cedar,collected by catherine,1,0,0,0,1,0,0,1,0,0,0,0,0,0,0,0,0,0,0,0,0,0,0,0,0,0,0,0,VT013,5,BcB,279226,-73.329499999772224,44.882759999882282
93,1,93,175,ILM,196,44.884010000000004,-73.326800000000006,22.000000000000000,Adult,11.6,Intermediate,Alive,95,Y,Yes,10,20,15.000000000000000,40,2.500000000000000,1.000000000000000,0,0,0,0,0.000000000000000, ,0,0, ,0, , ,0,0,0,upland,None apparent, ,collected by emma,0,0,0,0,1,0,0,1,1,0,0,1,0,0,0,0,0,0,0,0,1,0,0,0,0,0,0,0,VT013,5,BdC,279230,-73.326799999998073,44.884009999797613
94,1,94,294,ILM,062,44.885890000000003,-73.328500000000005,37.000000000000000,Adult,26.3,Co-dominant,Alive,70,Y,Yes,45,0,15.000000000000000,50,3.000000000000000,1.500000000000000,0,0,0,0,0.000000000000000, ,0,0, ,0, , ,0,0,0,upland,None apparent, ,"Weird large 2nd trunk, maybe a different tree? has epicormics from that. collected by kylie",0,1,0,0,1,0,0,1,1,0,0,0,1,0,0,0,0,0,0,0,1,0,0,0,0,0,0,0,VT013,5,AbB,279221,-73.328499999689498,44.885889999760892
95,1,95,245,ILM,406,44.885164000000003,-73.326274999999995,2.000000000000000,Seedling, , , ,0, , ,0,0,0.000000000000000,0,0.000000000000000,0.000000000000000,48,37,52,90,12.869999999999999, ,0,2024,Alive,100,Y,Y,65,10,65,upland,None apparent, ,"very close to 430- eventually will compete, collected by emma",0,1,0,0,1,0,0,0,1,0,0,0,1,0,0,0,0,0,0,0,1,0,0,0,0,0,0,0,VT013,5,BdC,279230,-73.326275000291503,44.885164000225046
96,1,96,261,ILM,431,44.885179999999998,-73.326499999999996,1.480000000000000,Seedling, , , ,0, , ,0,0,0.000000000000000,0,0.000000000000000,0.000000000000000,96,96,96,90,10.960000000000001, ,1,2024,Alive,95,Y,Y,0,10,20,upland,None apparent, ,Martin knows the previous stem got partially girdled by voles. collected by emma,0,1,0,0,1,0,0,0,1,0,0,0,1,0,0,0,0,0,0,0,1,0,0,0,0,0,0,0,VT013,5,BdC,279230,-73.326500000422442,44.885179999973410
97,1,97,185,ILM,207,44.882659999999994,-73.331400000000002,42.000000000000000,Adult,33.2,Co-dominant,Alive,90,Y,Yes,60,45,30.000000000000000,75,3.000000000000000,1.500000000000000,0,0,0,0,0.000000000000000, ,0,0, ,0, , ,0,0,0,upland,None apparent, ,collected by catherine,0,1,0,0,1,1,0,0,1,1,0,0,0,0,0,0,0,0,0,0,1,0,0,0,0,0,0,0,VT013,5,AbA,279220,-73.331400000378551,44.882660000039678
98,1,98,94,ILM,066,44.884479999999996,-73.327799999999996,42.000000000000000,Adult,27.8,Co-dominant,Alive,70,Y,Yes,20,25,30.000000000000000,30,2.500000000000000,2.500000000000000,0,0,0,0,0.000000000000000, ,0,0, ,0, , ,0,0,0,upland,None apparent, ,collected by Catherine,0,0,0,0,0,1,0,0,1,1,0,0,0,0,0,0,0,0,1,0,1,0,0,0,0,0,0,0,VT013,5,BdB,279229,-73.327800000080785,44.884480000138304
99,1,99,147,ILM,110,44.884500000000003,-73.326499999999996,38.000000000000000,Adult,21.5,Co-dominant,Alive,45,Y,Yes,60,70,55.000000000000000,90,4.500000000000000,3.500000000000000,0,0,0,0,0.000000000000000, ,0,0, ,0, , ,0,0,0,upland,None apparent, ,collected by emma,0,1,0,0,1,0,0,0,1,1,0,0,0,0,0,0,0,0,1,0,1,0,0,0,0,0,0,0,VT013,5,BdC,279230,-73.326500000422442,44.884499999742609
100,1,100,93,ILM,064,44.884560000000000,-73.327699999999993,42.000000000000000,Adult,35.5,Dominant,Alive,85,Y,Yes,70,65,45.000000000000000,85,3.500000000000000,1.500000000000000,0,0,0,0,0.000000000000000, ,0,0, ,0, , ,0,0,0,upland,None apparent, ,collected by Catherine,0,0,0,0,1,0,0,0,1,0,0,0,0,0,0,0,0,0,1,0,0,0,0,0,0,0,0,0,VT013,5,BdB,279229,-73.327699999623349,44.884559999786774
101,1,101,282,ILM,472,44.883040000000001,-73.329599999999999,1.200000000000000,Seedling, , , ,0, , ,0,0,0.000000000000000,0,0.000000000000000,0.000000000000000,19,53,96,76,6.860000000000000, ,0,2024,Alive,40,N, ,0,0,0,upland,None apparent, ,collected by catherine,0,1,0,0,1,0,0,0,0,0,0,0,0,1,0,0,0,0,0,0,0,0,0,0,0,0,0,0,VT013,5,BcB,279226,-73.329600000229632,44.883040000171782
102,1,102,232,ILM,358,44.882269999999998,-73.330600000000004,1.310000000000000,Seedling, , , ,0, , ,0,0,0.000000000000000,0,0.000000000000000,0.000000000000000,14,6,0,4,4.150000000000000, ,1,2022,Alive,95,N, ,0,0,0,upland,None apparent, ,collected by kylie,1,1,0,0,1,1,0,0,1,0,0,0,0,0,0,0,0,0,0,0,0,0,0,0,0,0,0,0,VT013,5,BcB,279226,-73.330600000312359,44.882269999756481
103,1,103,256,ILM,425,44.886620000000001,-73.323700000000002,2.120000000000000,Seedling, , , ,0, , ,0,0,0.000000000000000,0,0.000000000000000,0.000000000000000,6,7,19,34,12.260000000000000, ,0,2024,Alive,90,N, ,0,0,0,upland,None apparent, ,collected by catherine,1,0,0,0,0,0,0,0,1,0,0,0,0,0,0,0,0,0,0,0,1,0,0,0,0,0,0,0,VT013,5,CbA,279244,-73.323700000190868,44.886619999835965
104,1,104,108,ILM,018,44.883969999999998,-73.326499999999996,50.000000000000000,Adult,69.4,Dominant,Alive,100,Y,Yes,5,1,0.500000000000000,5,1.000000000000000,1.500000000000000,0,0,0,0,0.000000000000000, ,0,0, ,0, , ,0,0,0,upland,None apparent, ,collected by Emma,1,1,0,0,1,0,0,0,1,0,0,1,0,0,0,0,0,0,0,0,0,0,0,0,0,0,0,0,VT013,5,BdC,279230,-73.326500000422442,44.883970000241384
105,1,105,159,ILM,127,44.882629999999999,-73.328299999999999,35.000000000000000,Adult,33.2,Co-dominant,Alive,60,Y,Yes,90,70,60.000000000000000,90,4.000000000000000,2.000000000000000,0,0,0,0,0.000000000000000, ,0,0, ,0, , ,0,0,0,upland,None apparent, ,collected by catherine,0,0,0,0,0,1,0,0,1,0,0,0,0,0,0,0,0,0,1,0,1,0,0,0,0,0,0,0,VT013,5,BdC,279230,-73.328299999672993,44.882630000307635
106,1,106,148,ILM,118,44.886589999999998,-73.323700000000002,10.000000000000000,Adult,6.7,Intermediate,Alive,100,Y,NA - no large cankers present,0,0,1.000000000000000,2,1.000000000000000,1.000000000000000,0,0,0,0,0.000000000000000, ,0,0, ,0, , ,0,0,0,upland,None apparent, ,large deer rub taking up 1/4 of trunk. was not sure if deer rub or calloused canker but confirmed as deer rub by Martin. collected by catherine,1,0,0,0,0,0,0,0,1,0,0,0,0,0,0,0,0,0,0,0,0,0,0,0,0,0,0,0,VT013,5,CbA,279244,-73.323700000190868,44.886590000259538
107,1,107,352,ILM,550,44.884700000000002,-73.329400000000007,1.370000000000000,Seedling, , , ,0, , ,0,0,0.000000000000000,0,0.000000000000000,0.000000000000000,12,10,15,10,6.190000000000000, ,0,2024,Alive,0,N, ,0,0,0,upland,None apparent, ,collected by kylie,0,0,0,0,1,0,0,1,1,0,0,0,0,0,0,0,0,0,0,0,0,0,0,0,0,0,0,0,VT013,5,AbB,279221,-73.329400000213141,44.884699999858611
108,1,108,285,ILM,388,44.886868000000000,-73.327280000000002,2.920000000000000,Seedling, , , ,0, , ,0,0,0.000000000000000,0,0.000000000000000,0.000000000000000,17,74,88,55,15.119999999999999, ,0,2021,Alive,40,Y,Y,20,5,35,upland,None apparent, ,collected by kylie,0,0,1,0,0,0,0,0,1,1,0,0,1,0,0,0,0,0,0,0,0,0,0,0,0,0,0,0,VT013,5,BdB,279229,-73.327280000397110,44.886867999978293
109,1,109,251,ILM,417,44.885320000000000,-73.323999999999998,1.200000000000000,Seedling, , , ,0, , ,0,0,0.000000000000000,0,0.000000000000000,0.000000000000000,92,28,32,96,10.180000000000000, ,0,2024,Alive,95,N, ,0,0,0,upland,Nearby grasses or forbs, ,collected by catherine,0,0,0,0,0,0,0,0,1,0,0,0,1,0,0,0,0,0,0,0,0,0,0,0,0,0,0,0,VT013,5,CbA,279244,-73.323999999766500,44.885319999809319
110,1,110,128,ILM,072,44.883389999999999,-73.326099999999997,52.000000000000000,Adult,36.8,Co-dominant,Alive,55,Y,Yes,85,60,60.000000000000000,90,3.500000000000000,2.000000000000000,0,0,0,0,0.000000000000000, ,0,0, ,0, , ,0,0,0,upland,None apparent, ,"hard to see crown due to maple canopy, collected by kylie",1,0,0,0,1,1,0,0,0,0,0,1,0,0,0,0,0,0,1,0,0,0,0,0,0,0,0,0,VT013,5,AbC,279222,-73.326100000389360,44.883389999731087
111,1,111,226,ILM,331,44.883010000000006,-73.331199999999995,1.840000000000000,Seedling, , , ,0, , ,0,0,0.000000000000000,0,0.000000000000000,0.000000000000000,93,96,94,92,7.630000000000000, ,0,2024,Alive,85,Y,N,0,5,55,upland,None apparent, ,collected by catherine,0,0,0,0,1,1,0,1,0,1,0,0,0,0,0,0,0,0,0,0,1,0,0,0,0,0,0,0,VT013,5,BdB,279229,-73.331200000361989,44.883010000001327
112,1,112,150,ILM,67a,44.884770000000003,-73.327500000000001,41.000000000000000,Adult,36.5,Dominant,Alive,80,Y,Yes,40,60,40.000000000000000,50,3.500000000000000,2.000000000000000,0,0,0,0,0.000000000000000, ,0,0, ,0, , ,0,0,0,upland,None apparent, ,collected by catherine,0,0,0,0,1,1,0,0,1,1,0,0,0,0,0,0,0,0,0,0,1,0,0,0,0,0,0,0,VT013,5,BdB,279229,-73.327499999606843,44.884770000084998
113,1,113,279,ILM,386,44.886530000000000,-73.327200000000005,0.580000000000000,Seedling, , , ,0, , ,0,0,0.000000000000000,0,0.000000000000000,0.000000000000000,96,93,96,96,8.470000000000001, ,0,2024,Alive,95,N, ,0,0,0,upland,None apparent, ,collected by kylie,0,0,0,0,0,0,0,0,0,0,0,0,0,0,0,0,0,0,0,0,0,0,0,0,0,0,0,0,VT013,5,BdB,279229,-73.327200000031141,44.886529999786788
114,1,114,158,ILM,126,44.882570000000001,-73.328000000000003,42.000000000000000,Adult,37.4,Co-dominant,Alive,0,Y,Yes,75,0,95.000000000000000,95,5.000000000000000,5.000000000000000,0,0,0,0,0.000000000000000, ,0,0, ,0, , ,0,0,0,upland,None apparent, ,collected by emma,1,0,0,0,1,1,0,0,1,0,0,0,0,0,0,0,0,0,1,0,0,0,0,0,0,0,0,0,VT013,5,BdC,279230,-73.328000000097347,44.882570000160001
115,1,115,117,ILM,039,44.883030000000005,-73.329800000000006,30.000000000000000,Adult,32,Dominant,Alive,5,Y,Yes,60,25,20.000000000000000,60,3.000000000000000,4.500000000000000,0,0,0,0,0.000000000000000, ,0,0, ,0, , ,0,0,0,upland,None apparent, ,collected by Catherine,0,0,0,0,1,0,0,0,0,0,0,0,0,1,1,0,0,0,0,0,0,0,0,0,0,0,0,0,VT013,5,BcB,279226,-73.329800000246209,44.883030000116733
116,1,116,142,ILM,103,44.884270000000001,-73.326700000000002,45.000000000000000,Adult,21.8,Co-dominant,Alive,90,Y,Yes,60,35,20.000000000000000,55,3.500000000000000,2.000000000000000,0,0,0,0,0.000000000000000, ,0,0, ,0, , ,0,0,0,upland,None apparent, ,collected by emma,0,0,0,0,1,0,0,0,1,1,0,1,0,0,0,0,0,0,0,0,1,0,0,0,0,0,0,0,VT013,5,BdC,279230,-73.326700000439004,44.884270000054386
117,1,117,204,ILM,238,44.882610000000000,-73.330200000000005,30.000000000000000,Adult,25.2,Co-dominant,Alive,70,Y,Yes,80,85,75.000000000000000,85,4.000000000000000,2.000000000000000,0,0,0,0,0.000000000000000, ,0,0, ,0, , ,0,0,0,upland,Vines on the tree, ,"epicormics dead, collected by catherine",1,0,0,0,1,0,0,1,1,1,0,0,0,0,0,0,0,0,0,0,0,0,0,0,0,0,0,0,VT013,5,BcB,279226,-73.330200000279277,44.882610000053170
118,1,118,313,ILM,500,44.885079999999995,-73.328599999999994,1.160000000000000,Seedling, , , ,0, , ,0,0,0.000000000000000,0,0.000000000000000,0.000000000000000,24,8,31,82,7.630000000000000, ,0,2024,Alive,15,Y,N,25,5,15,upland,None apparent, ,Collected by kylie,0,0,0,0,1,0,0,1,1,0,0,0,0,0,0,0,0,0,0,0,0,0,0,0,0,0,0,0,VT013,5,AbB,279221,-73.328600000146920,44.885079999882059
119,1,119,120,ILM,043,44.882919999999999,-73.330699999999993,45.000000000000000,Adult,36.9,Dominant,Alive,85,Y,Yes,10,25,25.000000000000000,15,2.000000000000000,1.500000000000000,0,0,0,0,0.000000000000000, ,0,0, ,0, , ,0,0,0,upland,None apparent, ,collected by catherine,0,0,0,0,1,1,0,0,0,0,0,0,0,0,1,0,0,0,0,0,1,0,0,0,0,1,0,0,VT013,5,BdB,279229,-73.330699999871484,44.882920000032719
120,1,120,321,ILM,514,44.885210000000001,-73.328699999999998,3.040000000000000,Seedling, , , ,0, , ,0,0,0.000000000000000,0,0.000000000000000,0.000000000000000,26,50,83,56,12.060000000000000, ,0,2022,Alive,5,N, ,0,0,0,upland,None apparent, ,collected by kylie,0,0,0,0,1,0,0,1,1,0,0,0,0,1,0,0,0,0,0,0,0,0,0,0,0,0,0,0,VT013,5,AbB,279221,-73.328699999706075,44.885210000285177
121,1,121,277,ILM,464,44.882730000000002,-73.329300000000003,1.440000000000000,Seedling, , , ,0, , ,0,0,0.000000000000000,0,0.000000000000000,0.000000000000000,78,81,57,34,8.090000000000000, ,0,2024,Alive,0,N, ,0,0,0,upland,Nearby grasses or forbs, ,collected by catherine,1,0,0,0,1,0,0,0,0,0,0,0,0,1,0,0,0,0,0,0,0,0,0,0,0,0,0,0,VT013,5,BcB,279226,-73.329299999755705,44.882730000202379
122,1,122,169,ILM,168,44.883020000000002,-73.327100000000002,19.000000000000000,Adult,3.6,Suppressed,Dead,0, , ,0,0,0.000000000000000,0,0.000000000000000,0.000000000000000,0,0,0,0,0.000000000000000, ,0,0, ,0, , ,0,0,0,upland,None apparent, ,collected by kylie,1,0,0,0,1,0,0,1,1,1,0,0,0,0,0,0,0,0,0,0,1,0,0,0,0,0,0,0,VT013,5,BdC,279230,-73.327099999573704,44.883020000059950
123,1,123,77,ILM,049,44.883430000000004,-73.327200000000005,3.640000000000000,Seedling, , , ,0, , ,0,0,0.000000000000000,0,0.000000000000000,0.000000000000000,86,62,81,70,16.359999999999999, ,0,2022,Alive,80,N, ,0,0,0,upland,None apparent, ,collected by Catherine,1,0,0,0,1,0,0,1,0,0,0,0,0,0,0,0,0,0,0,0,1,0,0,0,0,0,0,0,VT013,5,BdC,279230,-73.327200000031141,44.883429999690733
124,1,124,250,ILM,415,44.884859999999996,-73.324600000000004,3.040000000000000,Seedling, , , ,0, , ,0,0,0.000000000000000,0,0.000000000000000,0.000000000000000,72,92,42,21,12.000000000000000, ,0,2024,Alive,100,N, ,0,0,0,upland,None apparent, ,collected by catherine,0,0,0,0,0,0,0,0,1,1,0,0,0,0,0,0,1,0,0,0,0,0,0,0,0,0,0,0,VT013,5,BcB,279226,-73.324599999816144,44.884859999705405
125,1,125,257,ILM,427,44.886800000000001,-73.323599999999999,2.200000000000000,Seedling, , , ,0, , ,0,0,0.000000000000000,0,0.000000000000000,0.000000000000000,7,7,32,24,8.440000000000000, ,0,2024,Alive,95,Y,N,0,3,45,upland,None apparent, ,collected by catherine,1,0,0,0,0,0,0,0,1,0,0,0,0,0,0,0,0,0,0,0,0,0,0,0,0,0,0,0,VT013,5,CbA,279244,-73.323599999733418,44.886800000148263
126,1,126,267,ILM,450,44.882899999999999,-73.328000000000003,1.290000000000000,Seedling, , , ,0, , ,0,0,0.000000000000000,0,0.000000000000000,0.000000000000000,95,96,92,96,14.590000000000000, ,2,2021,Alive,0,N, ,0,0,0,upland,None apparent, ,"2 live stems, 2 previous. basal diameter is of their common base (photo). collected by catherine",0,0,0,0,1,0,0,1,0,0,0,0,0,0,0,0,0,0,0,0,0,0,0,0,0,0,0,0,VT013,5,BdC,279230,-73.328000000097347,44.882899999879115
127,1,127,278,ILM,465,44.882759999999998,-73.329400000000007,1.160000000000000,Seedling, , , ,0, , ,0,0,0.000000000000000,0,0.000000000000000,0.000000000000000,2,32,43,17,5.760000000000000, ,0,2024,Alive,50,N, ,0,0,0,upland,None apparent, ,collected by catherine,0,0,0,0,1,0,0,1,0,0,0,0,0,1,0,0,0,0,0,0,0,0,0,0,0,0,0,0,VT013,5,BcB,279226,-73.329400000213141,44.882759999882282
128,1,128,172,ILM,192,44.886847000000003,-73.330196000000001,55.000000000000000,Adult,55.2,Co-dominant,Alive,80,Y,Yes,25,2,1.000000000000000,15,1.000000000000000,2.000000000000000,0,0,0,0,0.000000000000000, ,0,0, ,0, , ,0,0,0,upland,None apparent, ,"dead epicormic from the trunk, collected by kylie",1,0,0,0,0,0,0,0,1,0,0,1,0,0,0,0,0,0,0,0,0,0,0,0,0,0,0,0,VT013,5,KbA,279254,-73.330196000081330,44.886847000048661
129,1,129,237,ILM,367,44.883448000000001,-73.329160000000002,2.020000000000000,Seedling, , , ,0, , ,0,0,0.000000000000000,0,0.000000000000000,0.000000000000000,89,72,85,96,8.279999999999999, ,0,2023,Alive,65,Y,Y,0,5,50,upland,None apparent, ,collected by catherine,0,0,0,0,1,0,0,0,0,0,0,0,0,1,0,0,0,0,0,0,1,0,0,0,0,0,0,0,VT013,5,BdB,279229,-73.329160000013630,44.883447999790718
130,1,130,317,ILM,507,44.885110000000005,-73.328699999999998,1.040000000000000,Seedling, , , ,0, , ,0,0,0.000000000000000,0,0.000000000000000,0.000000000000000,96,94,94,96,7.480000000000000, ,0,2023,Alive,0,Y,N,60,15,65,upland,Nearby grasses or forbs, ,no leaves left by the time we saw it. collected by kylie,0,0,0,0,1,0,0,0,0,0,0,0,0,1,1,0,0,0,0,0,0,0,0,0,0,0,0,0,VT013,5,AbB,279221,-73.328699999706075,44.885110000245930
131,1,131,254,ILM,422,44.886439000000003,-73.323480000000004,3.600000000000000,Seedling, , , ,0, , ,0,0,0.000000000000000,0,0.000000000000000,0.000000000000000,71,47,0,13,16.289999999999999, ,1,2022,Alive,65,Y,N,0,3,40,upland,None apparent, ,collected by catherine,0,0,0,1,0,0,0,0,1,0,0,0,0,0,0,0,0,0,0,0,1,0,0,0,0,0,1,0,VT013,5,CbA,279244,-73.323480000082824,44.886438999714166
132,1,132,350,ILM,547,44.884810000000002,-73.329200000000000,1.480000000000000,Seedling, , , ,0, , ,0,0,0.000000000000000,0,0.000000000000000,0.000000000000000,88,62,34,70,6.340000000000000, ,0,2025,Alive,0,Y,N,0,10,40,upland,None apparent, ,collected by kylie,0,0,0,0,1,0,0,1,1,0,0,0,0,1,0,0,0,0,0,0,0,0,0,0,0,0,0,0,VT013,5,AbB,279221,-73.329200000196565,44.884809999721526
133,1,133,144,ILM,105,44.884340000000002,-73.326599999999999,40.000000000000000,Adult,22,Co-dominant,Alive,60,Y,Yes,70,60,50.000000000000000,75,3.500000000000000,1.500000000000000,0,0,0,0,0.000000000000000, ,0,0, ,0, , ,0,0,0,upland,None apparent, ,collected by emma,0,0,0,0,1,1,0,0,1,1,0,0,0,0,0,0,0,0,1,0,1,0,0,0,0,0,0,0,VT013,5,BdC,279230,-73.326599999981568,44.884340000167498
134,1,134,221,ILM,309,44.882910000000003,-73.330600000000004,1.810000000000000,Seedling, , , ,0, , ,0,0,0.000000000000000,0,0.000000000000000,0.000000000000000,88,96,96,87,6.100000000000000, ,1,2024,Alive,100,Y,N,0,2,10,upland,None apparent, ,"2 living stems, 1 dead. took data on bigger/ living stem. Collected by catherine",0,0,0,0,1,1,0,0,0,0,0,0,0,0,0,0,0,0,0,0,1,0,0,0,0,0,0,0,VT013,5,BdB,279229,-73.330600000312359,44.882909999956809
135,1,135,184,ILM,206,44.882840000000002,-73.331299999999999,42.000000000000000,Adult,34.4,Co-dominant,Alive,95,Y,Yes,55,45,40.000000000000000,45,3.000000000000000,1.500000000000000,0,0,0,0,0.000000000000000, ,0,0, ,0, , ,0,0,0,upland,Other,red cedar,"more eastern/ closer to trail than 206A, collected by kylie",0,0,0,0,0,1,0,0,1,0,0,0,0,0,1,0,0,0,0,0,1,0,0,0,0,0,0,0,VT013,5,AbA,279220,-73.331299999921058,44.882840000013125
136,1,136,327,ILM,529,44.885120000000001,-73.328900000000004,1.060000000000000,Seedling, , , ,0, , ,0,0,0.000000000000000,0,0.000000000000000,0.000000000000000,75,90,95,85,6.240000000000000, ,0,2024,Alive,0,N, ,0,0,0,upland,None apparent, ,collected by kylie,0,0,0,0,1,0,0,1,0,0,0,0,0,1,0,0,0,0,0,0,0,0,0,0,0,0,0,0,VT013,5,AbB,279221,-73.328899999722623,44.885119999939420
137,1,137,206,ILM,250,44.883839999999999,-73.326800000000006,0.680000000000000,Seedling, , , ,0, , ,0,0,0.000000000000000,0,0.000000000000000,0.000000000000000,88,92,96,96,4.220000000000000, ,0,2024,Dead,0, , ,0,0,0,upland,None apparent, ,collected by emma,1,0,0,0,1,0,0,0,0,0,0,0,0,0,0,0,0,0,0,0,1,0,0,0,0,0,0,0,VT013,5,BdC,279230,-73.326799999998073,44.883840000218385
138,1,138,97,ILM,50,44.883369999999999,-73.326999999999998,11.000000000000000,Adult,10.4,Intermediate,Alive,65,Y,Yes,45,0,50.000000000000000,60,3.000000000000000,2.500000000000000,0,0,0,0,0.000000000000000, ,0,0, ,0, , ,0,0,0,upland,None apparent, ,collected by Emma,1,0,0,0,1,0,0,0,0,0,0,0,0,0,0,0,0,0,0,0,0,0,0,0,0,0,0,0,VT013,5,BdC,279230,-73.327000000014635,44.883369999740886
139,1,139,269,ILM,453,44.882880000000000,-73.328199999999995,1.580000000000000,Seedling, , , ,0, , ,0,0,0.000000000000000,0,0.000000000000000,0.000000000000000,90,58,20,26,14.170000000000000, ,1,2022,Alive,0,N, ,0,0,0,upland,None apparent, ,previous stem comes out of common base. collected by catherine,0,0,0,0,1,0,0,1,0,0,0,0,0,1,0,0,0,0,0,0,0,0,0,0,0,0,0,0,VT013,5,BdC,279230,-73.328200000113867,44.882879999718618
140,1,140,228,ILM,339,44.883020000000002,-73.331599999999995,1.920000000000000,Seedling, , , ,0, , ,0,0,0.000000000000000,0,0.000000000000000,0.000000000000000,11,4,9,26,9.180000000000000, ,0,2023,Alive,80,N, ,0,0,0,upland,None apparent, ,collected by kylie,1,1,0,0,1,0,0,1,0,1,0,0,0,0,0,0,0,0,0,0,0,0,0,0,0,0,0,0,VT013,5,BdB,279229,-73.331600000395071,44.883020000059950
141,1,141,78,ILM,051,44.883710000000001,-73.326928999999993,3.580000000000000,Seedling, , , ,0, , ,0,0,0.000000000000000,0,0.000000000000000,0.000000000000000,89,96,96,96,16.270000000000000, ,0,2024,Alive,80,N, ,0,0,0,upland,None apparent, ,collected by Emma,0,0,0,0,1,0,0,0,0,0,0,0,0,0,0,0,0,0,0,0,0,0,0,0,0,0,0,0,VT013,5,BdC,279230,-73.326928999869537,44.883709999901669
142,1,142,314,ILM,501,44.885089999999998,-73.328800000000001,1.540000000000000,Seedling, , , ,0, , ,0,0,0.000000000000000,0,0.000000000000000,0.000000000000000,96,91,94,96,7.260000000000000, ,0,2024,Alive,10,N, ,0,0,0,upland,None apparent, ,collected by kylie,0,0,0,0,1,0,0,0,1,0,0,0,0,1,0,0,0,0,0,0,0,0,0,0,0,0,0,0,VT013,5,AbB,279221,-73.328800000163497,44.885090000217154
143,1,143,334,ILM,545,44.885019999999997,-73.329300000000003,1.330000000000000,Seedling, , , ,0, , ,0,0,0.000000000000000,0,0.000000000000000,0.000000000000000,13,28,26,28,7.650000000000000, ,0,2024,Alive,20,Y,Y,20,5,25,upland,None apparent, ,collected by kylie,0,0,0,0,1,0,0,1,0,0,0,0,0,1,0,0,0,0,0,0,0,0,0,0,0,0,0,0,VT013,5,AbB,279221,-73.329299999755705,44.885019999743712
144,1,144,103,ILM,007,44.884320000000002,-73.326899999999995,41.000000000000000,Adult,39.9,Dominant,Alive,95,Y,Yes,35,20,20.000000000000000,30,2.000000000000000,2.000000000000000,0,0,0,0,0.000000000000000, ,0,0, ,0, , ,0,0,0,upland,None apparent, ,collected by Kylie,1,0,0,0,1,0,0,0,1,0,0,1,0,0,0,0,0,0,1,0,0,0,0,0,0,0,0,0,VT013,5,BdC,279230,-73.326899999557213,44.884319999871110
145,1,145,326,ILM,525,44.885310000000004,-73.328800000000001,1.430000000000000,Seedling, , , ,0, , ,0,0,0.000000000000000,0,0.000000000000000,0.000000000000000,5,3,44,24,6.740000000000000, ,1,2023,Alive,0,N, ,0,0,0,upland,None apparent, ,collected by kylie,0,0,0,0,1,0,0,1,0,1,0,0,0,1,0,0,0,0,0,0,0,0,0,0,0,0,0,0,VT013,5,AbB,279221,-73.328800000163497,44.885310000150596
146,1,146,136,ILM,095,44.884459999999997,-73.328100000000006,42.000000000000000,Adult,31.3,Dominant,Alive,75,Y,Yes,30,15,12.000000000000000,30,2.500000000000000,2.000000000000000,0,0,0,0,0.000000000000000, ,0,0, ,0, , ,0,0,0,upland,None apparent, ,collected by catherine,1,0,0,0,1,1,0,0,1,1,0,0,0,0,0,0,0,0,0,0,0,0,0,0,0,0,0,0,VT013,5,BdB,279229,-73.328099999656416,44.884459999890545
147,1,147,84,ILM,175,44.886339999999997,-73.329200000000000,49.000000000000000,Adult,32.9,Co-dominant,Alive,30,Y,Yes,45,20,25.000000000000000,35,2.500000000000000,5.000000000000000,0,0,0,0,0.000000000000000, ,0,0, ,0, , ,0,0,0,upland,None apparent, ,"The epicormic from the trunk is dead, and the main trunk splits low. collected by Kylie",1,0,0,0,0,0,0,0,1,1,0,1,0,0,0,1,0,0,0,0,0,0,0,0,0,0,0,1,VT013,5,AaB,279218,-73.329200000196565,44.886339999786365
148,1,148,331,ILM,541,44.884990000000002,-73.329200000000000,1.160000000000000,Seedling, , , ,0, , ,0,0,0.000000000000000,0,0.000000000000000,0.000000000000000,92,86,58,74,6.570000000000000, ,0,2024,Alive,10,N, ,0,0,0,upland,None apparent, ,collected by kylie,0,0,0,0,1,0,0,1,0,0,0,0,0,1,0,0,0,0,0,0,0,0,0,0,0,0,0,0,VT013,5,AbB,279221,-73.329200000196565,44.884989999969306
149,1,149,289,ILM,389,44.887090000000001,-73.327500000000001,4.920000000000000,Adult,1.2,Suppressed,Alive,95,Y,No,15,0,1.000000000000000,15,1.000000000000000,1.000000000000000,0,0,0,0,0.000000000000000, ,0,0, ,0, , ,0,0,0,upland,None apparent, ,collected by kylie,0,0,1,0,0,0,0,0,1,1,0,0,1,0,0,0,0,0,1,0,0,0,0,0,0,0,0,0,VT013,5,AbB,279221,-73.327499999606843,44.887089999855675
150,1,150,137,ILM,096,44.884380000000000,-73.328100000000006,41.000000000000000,Adult,43,Co-dominant,Alive,100,Y,Yes,15,40,35.000000000000000,40,3.500000000000000,1.000000000000000,0,0,0,0,0.000000000000000, ,0,0, ,0, , ,0,0,0,upland,None apparent, ,collected by catherine,1,0,0,0,1,0,0,0,0,0,0,0,0,0,0,0,0,0,0,0,1,0,0,0,0,0,0,0,VT013,5,BdB,279229,-73.328099999656416,44.884380000103008
151,1,151,225,ILM,330,44.882970000000000,-73.331000000000003,0.960000000000000,Seedling, , , ,0, , ,0,0,0.000000000000000,0,0.000000000000000,0.000000000000000,59,60,82,87,5.610000000000000, ,2,2022,Alive,0,N, ,0,0,0,upland,None apparent, ,possibly leafless due to drought. collected by catherine,0,0,0,0,1,0,0,1,0,1,0,0,0,0,0,0,0,0,0,0,1,0,0,0,0,0,0,0,VT013,5,BdB,279229,-73.331000000345441,44.882969999749804
152,1,152,180,ILM,202,44.882530000000003,-73.330900000000000,41.000000000000000,Adult,33.6,Dominant,Alive,75,Y,Yes,35,40,30.000000000000000,30,2.500000000000000,1.500000000000000,0,0,0,0,0.000000000000000, ,0,0, ,0, , ,0,0,0,upland,None apparent, ,collected by kylie,0,0,0,0,1,1,1,0,0,0,0,0,0,0,0,0,0,0,0,0,1,0,0,0,0,0,0,0,VT013,5,BcB,279226,-73.330899999887990,44.882530000239065
153,1,153,200,ILM,233,44.882390000000001,-73.328999999999994,35.000000000000000,Adult,26.1,Intermediate,Alive,25,Y,Yes,65,55,55.000000000000000,80,3.500000000000000,2.500000000000000,0,0,0,0,0.000000000000000, ,0,0, ,0, , ,0,0,0,upland,None apparent, ,collected by catherine,1,0,0,0,1,0,0,0,1,1,0,0,0,0,1,0,0,0,0,0,0,0,0,0,0,0,0,0,VT013,5,BcB,279226,-73.329000000180059,44.882389999978315
154,1,154,323,ILM,520,44.885259999999995,-73.328699999999998,1.480000000000000,Seedling, , , ,0, , ,0,0,0.000000000000000,0,0.000000000000000,0.000000000000000,81,86,67,90,8.830000000000000, ,0,2022,Alive,0,Y,Y,50,5,50,upland,None apparent, ,collected by kylie,0,0,0,0,1,0,0,1,1,1,0,0,0,1,0,0,0,0,0,0,0,0,0,0,0,0,0,0,VT013,5,AbB,279221,-73.328699999706075,44.885259999921402
155,1,155,266,ILM,444,44.883200000000002,-73.327799999999996,1.620000000000000,Seedling, , , ,0, , ,0,0,0.000000000000000,0,0.000000000000000,0.000000000000000,92,84,87,81,7.870000000000000, ,0,2024,Alive,0,Y,Y,0,5,45,upland,None apparent, ,collected by catherine,1,0,0,0,1,0,0,1,0,0,0,0,0,0,0,0,0,0,0,0,0,0,0,0,0,0,0,0,VT013,5,BdC,279230,-73.327800000080785,44.883200000180004
156,1,156,153,ILM,119,44.885479999999994,-73.323800000000006,30.000000000000000,Adult,15.5,Intermediate,Alive,100,Y,Yes,7,0,15.000000000000000,50,2.000000000000000,1.000000000000000,0,0,0,0,0.000000000000000, ,0,0, ,0, , ,0,0,0,upland,None apparent, ,collected by catherine,0,1,0,0,0,0,0,0,1,0,0,0,1,0,0,0,0,1,0,0,0,0,0,0,0,0,0,0,VT013,5,CbA,279244,-73.323799999749937,44.885479999841131
157,1,157,260,ILM,430,44.885179999999998,-73.326499999999996,2.250000000000000,Seedling, , , ,0, , ,0,0,0.000000000000000,0,0.000000000000000,0.000000000000000,44,13,56,75,13.150000000000000, ,0,2024,Alive,100,Y,Y,60,0,60,upland,None apparent, ,collected by emma,0,1,0,0,1,0,0,0,1,0,0,0,1,0,0,0,0,0,0,0,1,0,0,0,0,0,0,0,VT013,5,BdC,279230,-73.326500000422442,44.885179999973410
158,1,158,157,ILM,125,44.882410000000000,-73.328100000000006,38.000000000000000,Adult,33,Co-dominant,Alive,15,Y,Yes,35,80,75.000000000000000,85,3.500000000000000,4.000000000000000,0,0,0,0,0.000000000000000, ,0,0, ,0, , ,0,0,0,upland,None apparent, ,collected by emma,1,0,0,0,1,1,0,0,0,1,0,0,0,0,0,0,0,0,1,0,0,0,0,0,0,0,0,0,VT013,5,BdC,279230,-73.328099999656416,44.882410000309250
159,1,159,368,ILM,581,44.883451000000001,-73.333090999999996,1.660000000000000,Seedling, , , ,0, , ,0,0,0.000000000000000,0,0.000000000000000,0.000000000000000,56,1,0,6,8.270000000000000, ,1,2023,Alive,65,N, ,0,0,0,upland,None apparent, ,collected by kylie,1,0,0,0,0,0,0,0,0,0,0,0,0,0,0,0,0,0,1,0,0,0,0,0,0,0,0,0,VT013,5,BcB,279226,-73.333090999849148,44.883451000231126
160,1,160,121,ILM,044,44.882959999999997,-73.330799999999996,34.000000000000000,Adult,21,Intermediate,Alive,0,Y,Yes,20,40,45.000000000000000,40,3.500000000000000,5.000000000000000,0,0,0,0,0.000000000000000, ,0,0, ,0, , ,0,0,0,upland,None apparent, ,collected by catherine,0,0,0,0,1,1,0,0,0,0,0,0,0,0,1,0,0,0,0,0,1,0,0,0,0,1,0,0,VT013,5,BdB,279229,-73.330800000328921,44.882959999682591
161,1,161,152,ILM,206a,44.882840000000002,-73.331299999999999,41.000000000000000,Adult,30.9,Co-dominant,Alive,90,Y,Yes,80,55,40.000000000000000,50,3.500000000000000,1.500000000000000,0,0,0,0,0.000000000000000, ,0,0, ,0, , ,0,0,0,upland,Other,red cedar,"more western/ further from trail, collected by catherine",0,0,0,0,0,1,0,0,1,0,0,0,0,0,1,0,0,0,0,0,1,0,0,0,0,0,0,0,VT013,5,AbA,279220,-73.331299999921058,44.882840000013125
162,1,162,102,ILM,006,44.884419999999999,-73.327100000000002,13.000000000000000,Adult,5.2,Suppressed,Alive,65,Y,Yes,15,0,10.000000000000000,40,2.500000000000000,3.000000000000000,0,0,0,0,0.000000000000000, ,0,0, ,0, , ,0,0,0,upland,Vines on the tree, ,collected by Kylie,0,1,0,1,1,1,0,0,1,1,0,0,0,0,0,0,0,0,0,0,1,0,0,0,0,0,0,0,VT013,5,BdB,279229,-73.327099999573704,44.884420000010699
163,1,163,190,ILM,221,44.882419999999996,-73.330799999999996,38.000000000000000,Adult,26.4,Dominant,Alive,55,Y,Yes,30,45,30.000000000000000,50,3.000000000000000,2.500000000000000,0,0,0,0,0.000000000000000, ,0,0, ,0, , ,0,0,0,upland,None apparent, ,collected by kylie,0,1,0,0,1,1,0,0,0,0,0,0,0,1,1,0,0,0,0,0,1,0,0,0,0,0,0,0,VT013,5,BdC,279230,-73.330800000328921,44.882419999835598
164,1,164,236,ILM,366,44.883310000000002,-73.329800000000006,1.250000000000000,Seedling, , , ,0, , ,0,0,0.000000000000000,0,0.000000000000000,0.000000000000000,35,12,20,33,8.060000000000000,Vole (nibbling on the bark),0,2024,Alive,0,N, ,0,0,0,upland,None apparent, ,collected by catherine,0,1,0,0,1,0,0,1,0,0,0,0,0,1,0,0,0,0,0,0,0,0,0,0,0,0,0,0,VT013,5,BdB,279229,-73.329800000246209,44.883309999728553
165,1,165,177,ILM,198,44.883730000000000,-73.331500000000005,42.000000000000000,Adult,32.9,Dominant,Alive,75,Y,Yes,45,25,10.000000000000000,40,2.000000000000000,1.500000000000000,0,0,0,0,0.000000000000000, ,0,0, ,0, , ,0,0,0,upland,None apparent, ,collected by kylie,0,1,0,0,1,1,0,0,1,0,0,0,0,1,1,0,0,0,1,0,0,0,0,0,0,0,0,0,VT013,5,BdC,279230,-73.331499999937634,44.883729999773671
166,1,166,165,ILM,149,44.883870000000002,-73.325800000000001,37.000000000000000,Adult,20.5,Co-dominant,Alive,30,Y,Yes,25,30,40.000000000000000,50,2.500000000000000,3.000000000000000,0,0,0,0,0.000000000000000, ,0,0, ,0, , ,0,0,0,upland,None apparent, ,collected by kylie,0,0,0,0,1,1,0,0,1,0,0,1,0,0,0,0,0,0,0,0,0,0,0,0,0,0,0,0,VT013,5,AbC,279222,-73.325799999915361,44.883869999956019
167,1,167,183,ILM,205,44.882767999999999,-73.331510000000009,43.000000000000000,Adult,31.6,Dominant,Alive,10,Y,Yes,35,40,30.000000000000000,70,3.500000000000000,3.500000000000000,0,0,0,0,0.000000000000000, ,0,0, ,0, , ,0,0,0,upland,Other,white cedar,collected by kylie,1,0,0,0,1,1,0,1,1,1,0,0,0,0,0,0,0,0,0,0,1,0,0,0,0,0,0,0,VT013,5,AbA,279220,-73.331509999983410,44.882768000091346
168,1,168,134,ILM,093,44.884290000000000,-73.327900000000000,35.000000000000000,Adult,16.9,Co-dominant,Alive,85,Y,Yes,25,20,40.000000000000000,65,3.000000000000000,1.500000000000000,0,0,0,0,0.000000000000000, ,0,0, ,0, , ,0,0,0,upland,None apparent, ,collected by catherine,0,0,0,0,1,0,0,1,1,1,0,0,0,0,0,0,0,0,0,0,1,0,0,0,0,0,0,0,VT013,5,BdB,279229,-73.327899999639911,44.884289999731649
169,1,169,219,ILM,288,44.883430000000004,-73.327200000000005,9.000000000000000,Adult,2.4,Suppressed,Alive,100,Y,Yes,0,0,0.000000000000000,0,1.000000000000000,1.000000000000000,0,0,0,0,0.000000000000000, ,0,0, ,0, , ,0,0,0,upland,None apparent, ,"1 previous dead stem from base, unsure if it was an epicormic. collected by emma",0,0,0,0,1,0,1,0,0,0,0,0,0,0,0,0,0,0,0,0,1,0,0,0,0,0,0,0,VT013,5,BdC,279230,-73.327200000031141,44.883429999690733
170,1,170,125,ILM,069,44.884859999999996,-73.327100000000002,43.000000000000000,Adult,30.5,Co-dominant,Alive,95,Y,Yes,5,30,20.000000000000000,25,2.500000000000000,1.000000000000000,0,0,0,0,0.000000000000000, ,0,0, ,0, , ,0,0,0,upland,Vines on the tree, ,collected by emma,1,0,0,0,1,1,0,0,1,0,0,0,0,0,0,0,0,0,0,0,1,0,0,0,0,0,0,0,VT013,5,BdB,279229,-73.327099999573704,44.884859999705405
171,1,171,155,ILM,123,44.884830000000001,-73.326099999999997,40.000000000000000,Adult,27.5,Co-dominant,Alive,75,Y,Yes,35,80,50.000000000000000,95,4.500000000000000,2.000000000000000,0,0,0,0,0.000000000000000, ,0,0, ,0, , ,0,0,0,upland,None apparent, ,collected by catherine,0,0,0,1,0,0,0,0,1,1,0,0,0,0,0,0,0,0,1,0,0,0,0,0,0,0,0,0,VT013,5,BdC,279230,-73.326100000389360,44.884829999847646
172,1,172,361,ILM,570,44.883870000000002,-73.332899999999995,1.480000000000000,Seedling, , , ,0, , ,0,0,0.000000000000000,0,0.000000000000000,0.000000000000000,7,3,34,30,10.210000000000001, ,0,2022,Alive,90,N, ,0,0,0,upland,None apparent, ,collected by kylie,0,0,0,0,1,0,0,1,1,0,0,0,0,0,0,0,0,0,0,0,0,0,0,0,0,0,0,0,VT013,5,AbA,279220,-73.332900000053428,44.883869999956019
173,1,173,207,ILM,251,44.883839999999999,-73.326800000000006,1.040000000000000,Seedling, , , ,0, , ,0,0,0.000000000000000,0,0.000000000000000,0.000000000000000,28,68,95,61,3.900000000000000, ,1,2024,Alive,45,N, ,0,0,0,upland,None apparent, ,"1 additional living stem slightly shorter than the main living stem, collected by emma",1,0,0,0,1,0,0,0,0,0,0,0,0,0,0,0,0,0,0,0,1,0,0,0,0,0,0,0,VT013,5,BdC,279230,-73.326799999998073,44.883840000218385
174,1,174,145,ILM,106,44.884360000000001,-73.326599999999999,35.000000000000000,Adult,27,Co-dominant,Alive,55,Y,Yes,90,75,40.000000000000000,95,4.000000000000000,2.500000000000000,0,0,0,0,0.000000000000000, ,0,0, ,0, , ,0,0,0,upland,None apparent, ,collected by emma,0,0,0,0,1,1,0,0,1,0,0,0,0,0,0,0,0,0,1,0,1,0,0,0,0,0,0,0,VT013,5,BdC,279230,-73.326599999981568,44.884359999820532
175,1,175,287,ILM,490,44.884179999999994,-73.328299999999999,2.000000000000000,Seedling, , , ,0, , ,0,0,0.000000000000000,0,0.000000000000000,0.000000000000000,14,78,94,47,12.160000000000000, ,0,2024,Alive,85,Y,Y,40,15,40,riparian,None apparent, ,collected by catherine,0,1,0,0,1,1,1,0,1,0,0,0,0,0,0,0,0,0,0,0,0,0,0,0,0,0,0,0,VT013,5,BdB,279229,-73.328299999672993,44.884180000147381
176,1,176,272,ILM,456,44.882919999999999,-73.328500000000005,1.120000000000000,Seedling, , , ,0, , ,0,0,0.000000000000000,0,0.000000000000000,0.000000000000000,96,96,80,96,6.430000000000000, ,0,2024,Alive,0,Y,N,7,0,15,upland,Nearby grasses or forbs, ,collected by catherine,0,0,0,0,1,0,0,0,0,0,0,0,0,1,0,0,0,0,0,0,0,0,0,0,0,0,0,0,VT013,5,BdB,279229,-73.328499999689498,44.882920000032719
177,1,177,105,ILM,012,44.883510000000001,-73.326999999999998,1.420000000000000,Seedling, , , ,0, , ,0,0,0.000000000000000,0,0.000000000000000,0.000000000000000,83,14,90,93,6.920000000000000, ,2,2023,Alive,10,Y,N,0,10,20,upland,None apparent, ,collected by Emma,1,0,0,0,1,0,0,0,0,0,0,0,0,0,0,0,0,0,0,0,1,0,0,0,0,0,0,0,VT013,5,BdC,279230,-73.327000000014635,44.883510000162758
178,1,178,119,ILM,042,44.882850000000005,-73.330600000000004,42.000000000000000,Adult,77.8,NA - no canopy,Alive,5,Y,Yes,10,0,2.000000000000000,5,1.000000000000000,4.500000000000000,0,0,0,0,0.000000000000000, ,0,0, ,0, , ,0,0,0,upland,None apparent, ,collected by kylie,1,0,0,0,1,1,0,0,1,0,0,0,0,0,0,0,0,0,0,0,0,0,0,0,0,0,0,0,VT013,5,BcB,279226,-73.330600000312359,44.882850000101193
179,1,179,238,ILM,369,44.883369999999999,-73.329499999999996,2.680000000000000,Seedling, , , ,0, , ,0,0,0.000000000000000,0,0.000000000000000,0.000000000000000,79,72,94,88,8.240000000000000, ,1,2024,Alive,100,N, ,0,0,0,upland,None apparent, ,2 live stems. collected by catherine,0,0,0,0,1,0,0,0,0,0,0,0,0,1,0,0,0,0,0,0,1,0,0,0,0,0,0,0,VT013,5,BdB,279229,-73.329499999772224,44.883369999740886
180,1,180,199,ILM,232,44.882439999999995,-73.329099999999997,36.000000000000000,Adult,32,Intermediate,Alive,50,Y,Yes,45,65,60.000000000000000,65,3.500000000000000,2.500000000000000,0,0,0,0,0.000000000000000, ,0,0, ,0, , ,0,0,0,upland,None apparent, ,collected by catherine,1,0,0,0,1,0,0,0,1,0,0,0,0,0,1,0,0,0,0,0,1,0,0,0,0,0,0,0,VT013,5,BcB,279226,-73.329099999739142,44.882440000156024
181,1,181,351,ILM,548,44.884850000000000,-73.329400000000007,1.070000000000000,Seedling, , , ,0, , ,0,0,0.000000000000000,0,0.000000000000000,0.000000000000000,75,52,32,60,5.860000000000000, ,0,2024,Alive,0,N, ,0,0,0,upland,None apparent, ,collected by kylie,0,0,0,0,1,0,0,1,0,0,0,0,0,1,0,0,0,0,0,0,0,0,0,0,0,0,0,0,VT013,5,AbB,279221,-73.329400000213141,44.884849999966725
182,1,182,231,ILM,357,44.882950000000001,-73.330100000000002,1.500000000000000,Seedling, , , ,0, , ,0,0,0.000000000000000,0,0.000000000000000,0.000000000000000,83,30,9,85,4.480000000000000, ,2,2022,Alive,0,N, ,0,0,0,upland,None apparent, ,collected by catherine,0,0,0,0,1,0,0,1,1,0,0,0,0,1,0,0,0,0,0,0,0,0,0,0,0,0,0,0,VT013,5,BcB,279226,-73.330099999821840,44.882950000250098
183,1,183,164,ILM,142,44.883070000000004,-73.331299999999999,2.180000000000000,Seedling, , , ,0, , ,0,0,0.000000000000000,0,0.000000000000000,0.000000000000000,61,91,85,67,6.040000000000000,Having been mowed in the past,2,2023,Alive,80,N, ,0,0,0,upland,None apparent, ,collected by catherine,0,0,0,0,1,1,0,0,0,0,0,0,0,0,0,0,0,0,0,0,1,0,0,0,0,0,0,0,VT013,5,BdB,279229,-73.331299999921058,44.883069999690079
184,1,184,87,ILM,176,44.886299999999999,-73.327399999999997,31.000000000000000,Adult,13.7,Co-dominant,Alive,55,Y,Yes,1,5,3.000000000000000,5,2.000000000000000,1.500000000000000,0,0,0,0,0.000000000000000, ,0,0, ,0, , ,0,0,0,upland,None apparent, ,collected by Kylie,0,0,0,0,0,0,0,0,1,1,0,0,0,0,0,0,0,0,0,0,0,0,0,0,0,0,0,0,VT013,5,BdB,279229,-73.327400000047717,44.886299999940796
185,1,185,247,ILM,409,44.885019999999997,-73.325900000000004,2.620000000000000,Seedling, , , ,0, , ,0,0,0.000000000000000,0,0.000000000000000,0.000000000000000,49,81,88,45,10.109999999999999, ,0,2024,Alive,95,Y,N,5,2,35,upland,None apparent, ,collected by kylie,0,0,0,0,1,0,0,0,1,0,0,1,1,1,0,0,0,0,0,0,0,0,0,0,0,0,0,0,VT013,5,BcC,279227,-73.325900000372783,44.885019999743712
186,1,186,146,ILM,109,44.884459999999997,-73.326499999999996,44.000000000000000,Adult,22.2,Co-dominant,Alive,95,Y,Yes,0,1,0.500000000000000,3,1.000000000000000,1.000000000000000,0,0,0,0,0.000000000000000, ,0,0, ,0, , ,0,0,0,upland,None apparent, ,collected by emma,0,1,0,0,1,0,0,0,1,1,0,0,0,0,0,0,0,0,1,0,1,0,0,0,0,0,0,0,VT013,5,BdC,279230,-73.326500000422442,44.884459999890545
187,1,187,101,ILM,005,44.884599999999999,-73.326700000000002,50.000000000000000,Adult,51,Dominant,Alive,100,Y,Yes,15,5,5.000000000000000,10,1.000000000000000,1.000000000000000,0,0,0,0,0.000000000000000, ,0,0, ,0, , ,0,0,0,upland,None apparent, ,"tree is aka Luna, collected by Emma",0,1,0,0,1,0,0,0,1,0,0,0,0,0,0,0,0,0,1,0,1,0,0,0,0,0,0,0,VT013,5,BdC,279230,-73.326700000439004,44.884600000205751
188,1,188,291,ILM,497,44.885150000000003,-73.328599999999994,1.920000000000000,Seedling, , , ,0, , ,0,0,0.000000000000000,0,0.000000000000000,0.000000000000000,29,10,17,43,13.640000000000001, ,0,2022,Alive,80,Y,Y,35,10,85,upland,None apparent, ,collected by kylie,0,1,0,0,1,0,0,1,1,0,0,0,0,1,0,0,0,0,0,0,0,0,0,0,0,0,0,0,VT013,5,AbB,279221,-73.328600000146920,44.885150000282437
189,1,189,82,ILM,054,44.882739999999998,-73.329599999999999,45.000000000000000,Adult,33.8,Co-dominant,Alive,75,Y,Yes,50,50,30.000000000000000,50,3.000000000000000,2.000000000000000,0,0,0,0,0.000000000000000, ,0,0, ,0, , ,0,0,0,upland,None apparent, ,collected by Catherine,1,0,0,0,1,1,0,0,0,1,0,0,0,0,0,0,0,0,0,0,0,0,0,0,0,0,0,0,VT013,5,BcB,279226,-73.329600000229632,44.882740000309575
190,1,190,215,ILM,264,44.883450000000003,-73.327100000000002,2.370000000000000,Seedling, , , ,0, , ,0,0,0.000000000000000,0,0.000000000000000,0.000000000000000,75,84,89,77,8.210000000000001, ,1,2024,Alive,100,Y,N,0,1,5,upland,None apparent, ,collected by emma,1,0,0,0,1,0,0,0,0,1,0,0,0,0,0,0,0,0,0,0,1,0,0,0,0,0,0,0,VT013,5,BdC,279230,-73.327099999573704,44.883450000296541
191,1,191,154,ILM,120,44.885419999999996,-73.323899999999995,13.000000000000000,Adult,6.1,Intermediate,Alive,100,N, ,0,0,0.000000000000000,0,0.000000000000000,0.000000000000000,0,0,0,0,0.000000000000000, ,0,0, ,0, , ,0,0,0,upland,None apparent, ,"trunk epicormic is dead, collected by catherine",0,1,0,0,0,0,0,0,1,1,0,0,1,0,0,0,0,0,0,0,1,0,0,0,0,0,0,0,VT013,5,CbA,279244,-73.323900000207360,44.885420000120000
192,1,192,143,ILM,104,44.884310000000006,-73.326599999999999,45.000000000000000,Adult,33,Co-dominant,Alive,90,Y,Yes,90,55,35.000000000000000,50,3.000000000000000,1.000000000000000,0,0,0,0,0.000000000000000, ,0,0, ,0, , ,0,0,0,upland,None apparent, ,collected by emma,0,0,0,0,1,1,0,0,1,1,0,1,0,0,0,0,0,0,1,0,1,0,0,0,0,0,0,0,VT013,5,BdC,279230,-73.326599999981568,44.884310000038560
193,1,193,233,ILM,360,44.882970000000000,-73.329800000000006,1.540000000000000,Seedling, , , ,0, , ,0,0,0.000000000000000,0,0.000000000000000,0.000000000000000,14,15,18,35,6.290000000000000, ,1,2024,Alive,95,N, ,0,0,0,upland,None apparent, ,collected by catherine,0,0,0,0,1,0,0,0,0,0,0,0,0,1,0,0,0,0,0,0,1,0,0,0,0,0,0,0,VT013,5,BcB,279226,-73.329800000246209,44.882969999749804
194,1,194,274,ILM,459,44.882899999999999,-73.328900000000004,1.120000000000000,Seedling, , , ,0, , ,0,0,0.000000000000000,0,0.000000000000000,0.000000000000000,94,96,95,88,6.110000000000000, ,0,2024,Alive,0,N, ,0,0,0,upland,Nearby grasses or forbs, ,collected by catherine,0,0,0,0,1,0,0,0,0,0,0,0,0,0,0,0,0,0,0,0,0,0,0,0,0,0,0,0,VT013,5,BdB,279229,-73.328899999722623,44.882899999879115
195,1,195,156,ILM,124,44.883510000000001,-73.326200000000000,39.000000000000000,Adult,12.5,Co-dominant,Alive,85,Y,Yes,15,20,25.000000000000000,25,2.500000000000000,2.000000000000000,0,0,0,0,0.000000000000000, ,0,0, ,0, , ,0,0,0,upland,None apparent, ,collected by catherine,1,0,0,0,1,1,0,0,1,0,0,1,0,0,0,0,0,0,1,0,1,0,0,0,0,0,0,0,VT013,5,AbC,279222,-73.326199999948429,44.883510000162758
196,1,196,80,ILM,52,44.885199999999998,-73.326400000000007,1.150000000000000,Seedling, , , ,0, , ,0,0,0.000000000000000,0,0.000000000000000,0.000000000000000,87,86,76,79,7.310000000000000, ,0,2024,Dead,0, , ,20,35,45,upland,None apparent, , ,0,1,0,0,1,0,0,0,1,0,0,0,0,0,0,0,0,0,0,0,1,0,0,0,0,0,0,0,VT013,5,BdC,279230,-73.326399999964991,44.885199999970851
197,1,197,166,ILM,157,44.883710000000001,-73.327200000000005,5.000000000000000,Adult,13,Suppressed,Alive,95,Y,Yes,5,0,5.000000000000000,20,1.000000000000000,1.000000000000000,0,0,0,0,0.000000000000000, ,0,0, ,0, , ,0,0,0,upland,None apparent, ,collected by catherine,0,1,0,0,1,0,0,0,0,0,0,0,0,0,0,0,0,0,0,0,1,0,0,0,0,0,0,0,VT013,5,BdC,279230,-73.327200000031141,44.883709999901669
198,1,198,292,ILM,394,44.886006000000002,-73.327099000000004,0.520000000000000,Seedling, , , ,0, , ,0,0,0.000000000000000,0,0.000000000000000,0.000000000000000,96,96,96,96,6.090000000000000, ,0,2023,Alive,50,N, ,0,0,0,upland,None apparent, ,collected by kylie,0,0,1,0,0,0,0,0,0,0,0,0,1,0,0,0,0,0,0,0,0,0,0,0,0,0,0,0,VT013,5,BdB,279229,-73.327098999748841,44.886005999872332
199,1,199,118,ILM,40,44.882730000000002,-73.329999999999998,32.000000000000000,Adult,29.9,Co-dominant,Alive,80,Y,Yes,50,35,25.000000000000000,20,3.000000000000000,1.500000000000000,0,0,0,0,0.000000000000000, ,0,0, ,0, , ,0,0,0,upland,None apparent, ,collected by catherine,0,0,0,0,0,1,0,1,1,1,0,0,0,0,1,0,0,0,0,0,0,0,0,0,0,0,0,0,VT013,5,BcB,279226,-73.330000000262714,44.882730000202379
200,1,200,273,ILM,457,44.882870000000004,-73.328699999999998,1.200000000000000,Seedling, , , ,0, , ,0,0,0.000000000000000,0,0.000000000000000,0.000000000000000,0,12,4,2,2.900000000000000,Vole (nibbling on the bark),2,2024,Dead,0, , ,0,0,0,upland,Other,red cedar,collected by catherine,0,0,0,0,1,0,0,0,0,0,0,0,0,1,0,0,0,0,0,0,0,0,0,0,0,0,0,0,VT013,5,BdB,279229,-73.328699999706075,44.882870000272177
201,1,201,195,ILM,227,44.882489999999997,-73.330500000000001,29.000000000000000,Adult,23.5,Co-dominant,Alive,15,Y,Yes,50,80,35.000000000000000,85,4.000000000000000,3.500000000000000,0,0,0,0,0.000000000000000, ,0,0, ,0, , ,0,0,0,upland,Vines on the tree, ,collected by kylie,0,0,0,0,1,1,0,0,1,0,0,0,0,0,1,0,0,0,0,0,1,0,0,0,0,0,0,0,VT013,5,BcB,279226,-73.330499999854908,44.882490000290225
202,1,202,79,ILM,586,44.885790000000000,-73.328999999999994,48.000000000000000,Adult,25.8,Intermediate,Alive,70,Y,Yes,50,55,55.000000000000000,50,3.500000000000000,3.000000000000000,0,0,0,0,0.000000000000000, ,0,0, ,0, , ,0,0,0,upland,"Vines on the tree, Other",Ash tree,collected by Kylie,0,0,0,1,1,0,0,0,1,1,0,0,0,0,0,0,0,0,0,0,0,0,0,0,0,0,0,0,VT013,5,AbB,279221,-73.329000000180059,44.885790000267235
203,1,203,208,ILM,252,44.883850000000002,-73.326700000000002,2.120000000000000,Seedling, , , ,0, , ,0,0,0.000000000000000,0,0.000000000000000,0.000000000000000,87,82,91,95,9.230000000000000, ,0,2023,Alive,100,Y,N,10,5,30,upland,None apparent, ,collected by emma,1,0,0,0,1,0,0,0,1,0,0,0,0,0,0,0,0,0,0,0,1,0,0,0,0,0,0,0,VT013,5,BdC,279230,-73.326700000439004,44.883850000132639
204,1,204,178,ILM,199,44.883730000000000,-73.332400000000007,12.000000000000000,Adult,4.6,Intermediate,Alive,95,Y,Yes,0,0,5.000000000000000,15,1.000000000000000,1.000000000000000,0,0,0,0,0.000000000000000, ,0,0, ,0, , ,0,0,0,upland,None apparent, ,collected by kylie,0,0,0,0,1,0,0,1,0,0,0,0,0,1,0,0,0,0,0,0,0,0,0,0,0,0,0,0,VT013,5,AaA,279217,-73.332399999562909,44.883729999773671
205,1,205,193,ILM,225,44.881750000000004,-73.330399999999997,41.000000000000000,Adult,40.9,Co-dominant,Alive,70,Y,Yes,20,10,10.000000000000000,15,1.500000000000000,2.000000000000000,0,0,0,0,0.000000000000000, ,0,0, ,0, , ,0,0,0,upland,None apparent, ,collected by kylie,1,1,0,0,1,1,1,0,0,0,0,0,0,1,0,0,0,0,0,0,1,0,0,0,0,0,0,0,VT013,5,BdB,279229,-73.330400000295839,44.881749999721997
206,1,206,181,ILM,203,44.882870000000004,-73.331299999999999,40.000000000000000,Adult,57.3,Co-dominant,Alive,80,Y,Yes,45,0,30.000000000000000,50,3.000000000000000,1.500000000000000,0,0,0,0,0.000000000000000, ,0,0, ,0, , ,0,0,0,upland,Vines on the tree, ,collected by kylie,0,0,0,0,1,1,0,0,0,1,0,0,0,0,1,0,0,0,0,0,1,0,0,0,0,0,0,0,VT013,5,BdB,279229,-73.331299999921058,44.882870000272177
207,1,207,126,ILM,070,44.884930000000004,-73.326999999999998,55.000000000000000,Adult,31.9,Dominant,Alive,95,Y,Yes,30,15,15.000000000000000,30,2.500000000000000,1.500000000000000,0,0,0,0,0.000000000000000, ,0,0, ,0, , ,0,0,0,upland,None apparent, ,collected by emma,1,0,0,0,1,1,0,0,0,1,0,0,0,0,0,0,0,0,1,0,1,0,0,0,0,0,0,0,VT013,5,BdC,279230,-73.327000000014635,44.884929999737089
208,1,208,114,ILM,034,44.883450000000003,-73.329400000000007,38.000000000000000,Adult,30.7,Dominant,Alive,2,Y,Yes,5,10,15.000000000000000,15,2.000000000000000,4.500000000000000,0,0,0,0,0.000000000000000, ,0,0, ,0, , ,0,0,0,upland,"Vines on the tree, Other",red cedar,collected by catherine,0,1,0,0,1,0,0,0,0,0,0,0,0,0,1,1,0,0,0,0,0,0,0,0,0,0,0,0,VT013,5,BdB,279229,-73.329400000213141,44.883450000296541
209,1,209,324,ILM,521,44.885269999999998,-73.328599999999994,1.860000000000000,Seedling, , , ,0, , ,0,0,0.000000000000000,0,0.000000000000000,0.000000000000000,77,75,37,25,9.260000000000000, ,0,2023,Alive,15,Y,N,10,2,30,upland,None apparent, ,collected by kylie,0,0,0,0,1,0,0,1,0,0,0,0,0,1,0,0,0,0,0,0,0,0,0,0,0,0,0,0,VT013,5,AbB,279221,-73.328600000146920,44.885270000225347
210,1,210,222,ILM,314,44.883010000000006,-73.330699999999993,0.540000000000000,Seedling, , , ,0, , ,0,0,0.000000000000000,0,0.000000000000000,0.000000000000000,96,96,74,96,3.940000000000000, ,0,2025,Dead,0, , ,0,0,0,upland,Nearby grasses or forbs, ,collected by catherine,0,0,0,0,1,1,0,0,0,0,0,0,0,0,0,0,0,0,0,0,1,0,0,0,0,0,0,0,VT013,5,BdB,279229,-73.330699999871484,44.883010000001327
211,1,211,168,ILM,163,44.883490000000002,-73.327100000000002,3.810000000000000,Seedling, , , ,0, , ,0,0,0.000000000000000,0,0.000000000000000,0.000000000000000,82,11,16,63,16.289999999999999, ,2,2023,Alive,100,Y,N,40,0,45,upland,None apparent, ,collected by emma,1,0,0,0,1,0,0,0,0,0,0,0,0,0,0,0,0,0,0,0,1,0,0,0,0,0,0,0,VT013,5,BdC,279230,-73.327099999573704,44.883490000214323
212,1,212,358,ILM,561,44.883759999999995,-73.332200000000000,0.710000000000000,Seedling, , , ,0, , ,0,0,0.000000000000000,0,0.000000000000000,0.000000000000000,96,96,87,94,5.180000000000000, ,0,2024,Dead,0, , ,0,0,0,upland,None apparent, ,collected by kylie,0,0,0,0,1,0,0,1,1,0,0,0,0,0,0,0,1,0,1,0,0,1,0,0,0,0,0,0,VT013,5,AaA,279217,-73.332200000444701,44.883760000205157
213,1,213,281,ILM,467,44.882870000000004,-73.329400000000007,1.620000000000000,Seedling, , , ,0, , ,0,0,0.000000000000000,0,0.000000000000000,0.000000000000000,96,96,44,72,9.830000000000000, ,0,2024,Alive,15,N, ,0,0,0,upland,None apparent, ,collected by catherine,0,1,0,0,1,0,0,0,0,0,0,0,0,1,0,0,0,0,0,0,0,0,0,0,0,0,0,0,VT013,5,BcB,279226,-73.329400000213141,44.882870000272177
214,1,214,104,ILM,011,44.883739999999996,-73.326999999999998,2.340000000000000,Seedling, , , ,0, , ,0,0,0.000000000000000,0,0.000000000000000,0.000000000000000,38,68,94,46,12.160000000000000, ,0,2023,Alive,80,N, ,0,0,0,upland,None apparent, ,"4 dead branches but no dead stems, collected by Emma",0,0,0,0,1,0,0,1,0,1,0,0,0,0,0,0,0,0,0,0,0,0,0,0,0,0,0,0,VT013,5,BdC,279230,-73.327000000014635,44.883739999707132
215,1,215,258,ILM,428,44.886810000000004,-73.323599999999999,1.660000000000000,Seedling, , , ,0, , ,0,0,0.000000000000000,0,0.000000000000000,0.000000000000000,26,8,33,64,12.590000000000000, ,0,2024,Alive,75,N, ,0,0,0,upland,None apparent, ,collected by catherine,1,0,0,0,0,0,0,0,1,0,0,0,0,0,0,0,0,0,0,0,0,0,0,0,0,0,0,0,VT013,5,CbA,279244,-73.323599999733418,44.886810000184447
216,1,216,216,ILM,265,44.883400999999999,-73.326999999999998,1.660000000000000,Seedling, , , ,0, , ,0,0,0.000000000000000,0,0.000000000000000,0.000000000000000,96,92,68,96,8.180000000000000, ,0,2023,Alive,0,N, ,0,0,0,upland,None apparent, ,collected by emma,1,0,0,0,1,0,0,0,0,0,0,0,0,0,0,0,0,0,0,0,1,0,0,0,0,0,0,0,VT013,5,BdC,279230,-73.327000000014635,44.883401000295571
217,1,217,83,ILM,52,44.885199999999998,-73.326400000000007,1.150000000000000,Seedling, , , ,0, , ,0,0,0.000000000000000,0,0.000000000000000,0.000000000000000,87,86,76,79,7.310000000000000, ,0,2024,Dead,0, , ,20,35,45,upland,None apparent, , ,0,1,0,0,1,0,0,0,1,0,0,0,0,0,0,0,0,0,0,0,1,0,0,0,0,0,0,0,VT013,5,BdC,279230,-73.326399999964991,44.885199999970851
218,1,218,357,ILM,559,44.884990000000002,-73.329200000000000,1.790000000000000,Seedling, , , ,0, , ,0,0,0.000000000000000,0,0.000000000000000,0.000000000000000,80,23,81,74,8.109999999999999, ,2,2023,Alive,0,Y,N,0,5,55,upland,None apparent, ,collected by kylie,0,0,0,0,1,0,0,1,1,0,0,0,0,1,0,0,0,0,0,0,0,0,0,0,0,0,0,0,VT013,5,AbB,279221,-73.329200000196565,44.884989999969306
219,1,219,151,ILM,67b,44.884770000000003,-73.327500000000001,41.000000000000000,Adult,25.5,Intermediate,Alive,90,Y,Yes,35,70,65.000000000000000,60,4.000000000000000,1.000000000000000,0,0,0,0,0.000000000000000, ,0,0, ,0, , ,0,0,0,upland,None apparent, ,collected by catherine,0,0,0,0,1,1,0,0,1,1,0,0,0,0,0,0,0,0,0,0,1,0,0,0,0,0,0,0,VT013,5,BdB,279229,-73.327499999606843,44.884770000084998
220,1,220,280,ILM,387,44.886879999999998,-73.327600000000004,2.190000000000000,Seedling, , , ,0, , ,0,0,0.000000000000000,0,0.000000000000000,0.000000000000000,20,84,93,59,16.210000000000001, ,0,2021,Alive,90,Y,Y,5,2,7,upland,Vines on the tree, ,collected by kylie,0,0,1,0,0,0,0,0,1,1,0,0,1,0,0,0,0,0,0,0,0,0,0,0,0,0,0,0,VT013,5,AbB,279221,-73.327600000064280,44.886879999752679
221,1,221,293,ILM,107,44.884447999999999,-73.327349999999996,33.000000000000000,Adult,16.1,Intermediate,Alive,90,Y,Yes,75,45,35.000000000000000,75,3.500000000000000,1.000000000000000,0,0,0,0,0.000000000000000, ,0,0, ,0, , ,0,0,0,upland,None apparent, ,collected by kylie,0,1,0,0,1,0,0,1,1,1,0,0,0,0,0,1,0,0,1,0,1,0,0,0,0,0,0,0,VT013,5,BdB,279229,-73.327349999818992,44.884448000247772
222,1,222,218,ILM,286,44.883440000000000,-73.327399999999997,1.100000000000000,Seedling, , , ,0, , ,0,0,0.000000000000000,0,0.000000000000000,0.000000000000000,28,6,66,76,6.940000000000000, ,0,2024,Alive,0,Y,N,0,5,60,upland,None apparent, ,collected by emma,0,0,0,0,1,0,1,0,0,0,0,0,0,0,0,0,0,0,0,0,0,0,0,0,0,0,0,0,VT013,5,BdC,279230,-73.327400000047717,44.883440000312660
223,1,223,212,ILM,259,44.883600000000001,-73.326899999999995,1.160000000000000,Seedling, , , ,0, , ,0,0,0.000000000000000,0,0.000000000000000,0.000000000000000,96,63,92,96,8.240000000000000, ,0,2023,Alive,20,N, ,0,0,0,upland,None apparent, ,collected by emma,1,0,0,0,1,0,0,1,0,0,0,0,0,0,0,0,0,0,0,0,0,0,0,0,0,0,0,0,VT013,5,BdC,279230,-73.326899999557213,44.883599999844975
224,1,224,130,ILM,088,44.884430000000002,-73.327399999999997,50.000000000000000,Adult,43.3,Dominant,Alive,50,Y,Yes,70,35,25.000000000000000,70,3.000000000000000,3.500000000000000,0,0,0,0,0.000000000000000, ,0,0, ,0, , ,0,0,0,upland,None apparent, ,collected by kylie,0,0,0,0,1,1,0,0,1,0,0,0,0,0,0,0,0,0,0,0,1,0,0,0,0,0,0,0,VT013,5,BdB,279229,-73.327400000047717,44.884429999824079
225,1,225,100,ILM,003,44.885130000000004,-73.326599999999999,35.000000000000000,Adult,21,Co-dominant,Alive,95,Y,Yes,70,75,60.000000000000000,80,4.000000000000000,2.000000000000000,0,0,0,0,0.000000000000000, ,0,0, ,0, , ,0,0,0,upland,None apparent, ,collected by Emma,0,1,0,0,0,0,0,0,1,0,0,0,1,0,0,0,0,0,0,0,0,0,0,0,0,0,0,0,VT013,5,BdC,279230,-73.326599999981568,44.885130000267658
226,1,226,161,ILM,133,44.883040000000001,-73.330399999999997,0.940000000000000,Seedling, , , ,0, , ,0,0,0.000000000000000,0,0.000000000000000,0.000000000000000,84,93,96,94,5.940000000000000, ,0,2023,Alive,0,Y,Y,30,0,45,upland,None apparent, ,collected by kylie,0,0,0,0,1,0,0,1,0,0,0,0,0,1,0,0,0,0,0,0,0,0,0,0,0,0,0,0,VT013,5,BdB,279229,-73.330400000295839,44.883040000171782
227,1,227,90,ILM,57,44.882910000000003,-73.331100000000006,47.000000000000000,Adult,35.7,Co-dominant,Alive,100,Y,Yes,60,50,40.000000000000000,55,2.500000000000000,1.500000000000000,0,0,0,0,0.000000000000000, ,0,0, ,0, , ,0,0,0,upland,Other,white cedar,collected by Catherine,1,1,0,0,1,1,0,0,1,1,0,0,0,0,1,0,0,0,0,0,1,0,0,0,0,0,0,0,VT013,5,BdB,279229,-73.331099999904566,44.882909999956809
228,1,228,167,ILM,161,44.883330000000001,-73.327299999999994,6.000000000000000,Adult,1.2,Suppressed,Alive,100,Y,NA - no large cankers present,0,0,0.000000000000000,0,1.000000000000000,1.000000000000000,0,0,0,0,0.000000000000000, ,0,0, ,0, , ,0,0,0,upland,None apparent, ,collected by catherine,0,0,0,0,1,0,1,0,0,0,0,0,0,1,0,0,0,0,0,0,0,0,0,0,0,0,0,0,VT013,5,BdC,279230,-73.327299999590267,44.883329999739622
229,1,229,188,ILM,216,44.882510000000003,-73.330900000000000,38.000000000000000,Adult,22.3,Intermediate,Alive,40,Y,Yes,45,30,20.000000000000000,40,2.500000000000000,2.000000000000000,0,0,0,0,0.000000000000000, ,0,0, ,0, , ,0,0,0,upland,None apparent, ,collected by kylie,1,0,0,0,1,1,0,0,0,0,0,0,0,0,0,0,0,0,0,0,1,0,0,0,0,0,0,0,VT013,5,BcB,279226,-73.330899999887990,44.882509999949839
230,1,230,223,ILM,323,44.883020000000002,-73.331100000000006,1.330000000000000,Seedling, , , ,0, , ,0,0,0.000000000000000,0,0.000000000000000,0.000000000000000,20,18,84,70,6.480000000000000, ,0,2024,Alive,0,Y,Y,0,5,15,upland,None apparent, ,collected by catherine,0,0,0,0,1,0,0,1,0,0,0,0,0,1,0,0,0,0,0,0,1,0,0,0,0,0,0,0,VT013,5,BdB,279229,-73.331099999904566,44.883020000059950
231,1,231,205,ILM,242,44.882649999999998,-73.330399999999997,40.000000000000000,Adult,32.3,Dominant,Alive,25,Y,Yes,10,45,45.000000000000000,55,3.500000000000000,2.500000000000000,0,0,0,0,0.000000000000000, ,0,0, ,0, , ,0,0,0,upland,Vines on the tree, ,collected by catherine,0,0,0,0,1,0,0,0,1,1,0,0,0,0,1,0,0,0,0,0,1,0,0,0,0,0,0,0,VT013,5,BcB,279226,-73.330400000295839,44.882649999918577
232,1,232,86,ILM,059,44.882970000000000,-73.331299999999999,32.000000000000000,Adult,55.4,Co-dominant,Alive,20,Y,Yes,35,60,60.000000000000000,75,3.500000000000000,2.500000000000000,0,0,0,0,0.000000000000000, ,0,0, ,0, , ,0,0,0,upland,None apparent, ,collected by Kylie,1,0,0,0,1,1,0,0,0,1,0,0,0,0,0,0,0,0,0,0,1,0,0,0,0,0,0,0,VT013,5,BdB,279229,-73.331299999921058,44.882969999749804
233,1,233,202,ILM,235,44.882459999999995,-73.329400000000007,40.000000000000000,Adult,39.2,Co-dominant,Alive,60,Y,Yes,45,60,60.000000000000000,50,3.500000000000000,2.000000000000000,0,0,0,0,0.000000000000000, ,0,0, ,0, , ,0,0,0,upland,Vines on the tree, ,collected by kylie,1,1,0,0,1,0,0,0,0,1,0,0,0,0,0,0,0,0,0,0,0,0,0,0,0,0,0,0,VT013,5,BcB,279226,-73.329400000213141,44.882459999833017
234,1,234,81,ILM,587,44.885669999999998,-73.329300000000003,45.000000000000000,Adult,37.5,Dominant,Alive,100,Y,Yes,15,15,10.000000000000000,30,3.000000000000000,1.500000000000000,0,0,0,0,0.000000000000000, ,0,0, ,0, , ,0,0,0,upland,None apparent, ,collected by Kylie,0,0,0,0,1,0,0,1,1,1,0,0,0,0,0,0,0,0,0,0,0,0,0,0,0,0,0,0,VT013,5,AbB,279221,-73.329299999755705,44.885670000136194
235,1,235,135,ILM,094,44.884330000000006,-73.328000000000003,43.000000000000000,Adult,27.2,Co-dominant,Alive,70,Y,Yes,50,80,75.000000000000000,85,4.000000000000000,1.500000000000000,0,0,0,0,0.000000000000000, ,0,0, ,0, , ,0,0,0,upland,None apparent, ,collected by catherine,1,0,0,0,1,0,0,0,0,1,0,0,0,0,0,0,0,0,0,0,1,0,0,0,0,0,0,0,VT013,5,BdB,279229,-73.328000000097347,44.884329999701926
236,1,236,275,ILM,461,44.883090000000003,-73.329200000000000,1.160000000000000,Seedling, , , ,0, , ,0,0,0.000000000000000,0,0.000000000000000,0.000000000000000,57,81,67,91,8.050000000000001, ,0,2024,Alive,0,Y,N,0,2,4,upland,None apparent, ,collected by catherine,0,0,0,0,1,0,1,0,0,0,0,0,0,1,0,0,0,0,0,0,0,0,0,0,0,0,0,0,VT013,5,BcB,279226,-73.329200000196565,44.883089999784524
237,1,237,162,ILM,138,44.883080000000000,-73.331000000000003,1.140000000000000,Seedling, , , ,0, , ,0,0,0.000000000000000,0,0.000000000000000,0.000000000000000,84,70,96,96,3.990000000000000, ,2,2023,Dead,0, , ,0,0,0,upland,None apparent, ,collected by catherine,0,0,0,0,1,1,0,1,0,0,0,0,0,1,0,0,0,0,0,0,1,0,0,0,0,0,0,0,VT013,5,BdB,279229,-73.331000000345441,44.883079999738172
238,1,238,129,ILM,078,44.883890000000001,-73.329899999999995,36.000000000000000,Adult,28.4,Dominant,Alive,15,Y,Yes,65,35,40.000000000000000,65,3.500000000000000,3.500000000000000,0,0,0,0,0.000000000000000, ,0,0, ,0, , ,0,0,0,upland,None apparent, ,collected by catherine,0,0,0,0,1,1,0,0,1,0,0,0,0,1,0,0,0,0,0,0,1,0,0,0,0,0,0,0,VT013,5,BdB,279229,-73.329899999805335,44.883889999772443
239,1,239,295,ILM,173,44.885590000000001,-73.329599999999999,39.000000000000000,Adult,46.3,Co-dominant,Alive,15,Y,Yes,45,0,15.000000000000000,45,2.500000000000000,4.500000000000000,0,0,0,0,0.000000000000000, ,0,0, ,0, , ,0,0,0,upland,None apparent, ,Dead epi. from base. collected by kylie,0,1,0,0,1,0,0,1,1,0,0,0,0,0,0,0,0,0,0,0,0,0,0,0,0,0,0,0,VT013,5,KbA,279254,-73.329600000229632,44.885590000122001
240,1,240,99,ILM,002,44.885179999999998,-73.326700000000002,42.000000000000000,Adult,26,Co-dominant,Alive,90,Y,Yes,80,65,65.000000000000000,80,4.000000000000000,2.000000000000000,0,0,0,0,0.000000000000000, ,0,0, ,0, , ,0,0,0,upland,Vines on the tree, ,collected by Emma,0,0,0,0,1,0,0,0,1,0,0,0,1,0,0,0,0,0,0,0,1,0,0,0,0,0,0,0,VT013,5,BdC,279230,-73.326700000439004,44.885179999973410
241,1,241,365,ILM,576,44.883410000000005,-73.333100000000002,1.920000000000000,Seedling, , , ,0, , ,0,0,0.000000000000000,0,0.000000000000000,0.000000000000000,0,0,5,3,10.119999999999999, ,1,2024,Dead,0, , ,0,0,0,upland,None apparent, ,collected by kylie,1,0,0,0,1,0,0,0,1,0,0,0,0,0,0,0,0,1,1,0,0,0,0,0,0,0,0,0,VT013,5,BcB,279226,-73.333100000069976,44.883409999714388
242,1,242,286,ILM,486,44.884250000000002,-73.328400000000002,1.880000000000000,Seedling, , , ,0, , ,0,0,0.000000000000000,0,0.000000000000000,0.000000000000000,51,13,9,34,6.040000000000000, ,0,2024,Alive,80,Y,N,10,0,40,upland,None apparent, ,collected by catherine,0,1,0,0,1,1,0,0,0,0,0,0,0,0,0,0,0,0,0,0,0,0,0,0,0,0,0,0,VT013,5,BdB,279229,-73.328400000130429,44.884249999733562
243,1,243,369,ILM,582,44.883499999999998,-73.333299999999994,15.000000000000000,Adult,4.5,Intermediate,Alive,95,Y,Yes,0,0,20.000000000000000,45,1.000000000000000,1.000000000000000,0,0,0,0,0.000000000000000, ,0,0, ,0, , ,0,0,0,upland,Other,red cedar,collected by kylie,0,0,0,0,1,0,0,1,1,0,0,0,0,0,0,0,0,1,1,0,0,0,0,0,0,0,0,0,VT013,5,BcB,279226,-73.333300000086481,44.883500000189414
244,1,244,356,ILM,558,44.885019999999997,-73.328900000000004,1.750000000000000,Seedling, , , ,0, , ,0,0,0.000000000000000,0,0.000000000000000,0.000000000000000,24,8,7,8,10.119999999999999, ,0,2024,Alive,0,Y,N,60,0,65,upland,None apparent, ,collected by kylie,0,0,0,0,1,0,0,1,0,0,0,0,0,1,0,0,0,0,0,0,0,0,0,0,0,0,0,0,VT013,5,AbB,279221,-73.328899999722623,44.885019999743712
245,1,245,111,ILM,23,44.884530000000005,-73.326200000000000,37.000000000000000,Adult,25.8,Co-dominant,Alive,60,Y,Yes,25,45,45.000000000000000,70,3.000000000000000,2.500000000000000,0,0,0,0,0.000000000000000, ,0,0, ,0, , ,0,0,0,upland,None apparent, ,collected by kylie,1,0,0,0,1,0,0,0,1,1,0,1,0,0,0,0,0,0,0,0,1,0,0,0,0,0,0,0,VT013,5,BdC,279230,-73.326199999948429,44.884529999772468
246,1,246,189,ILM,217,44.882500000000000,-73.330799999999996,32.000000000000000,Adult,24.8,Co-dominant,Alive,50,Y,Yes,20,45,45.000000000000000,50,3.000000000000000,2.500000000000000,0,0,0,0,0.000000000000000, ,0,0, ,0, , ,0,0,0,upland,None apparent, ,collected by kylie,0,0,0,0,1,1,0,0,1,0,0,0,0,0,0,0,0,0,0,0,1,0,0,0,0,0,0,0,VT013,5,BcB,279226,-73.330800000328921,44.882499999802668
247,1,247,264,ILM,437,44.883659999999999,-73.327500000000001,2.040000000000000,Seedling, , , ,0, , ,0,0,0.000000000000000,0,0.000000000000000,0.000000000000000,88,61,17,39,10.070000000000000, ,0,2024,Alive,5,N, ,0,0,0,upland,None apparent, ,weird white fungus on main stem. MIGHT be canker on living stem (photo). collected by catherine,0,0,0,0,1,0,0,0,0,0,0,0,0,0,0,0,0,0,1,0,0,0,0,0,0,0,0,0,VT013,5,BdD,279231,-73.327499999606843,44.883660000191263
248,1,248,227,ILM,332,44.883020000000002,-73.331199999999995,2.040000000000000,Seedling, , , ,0, , ,0,0,0.000000000000000,0,0.000000000000000,0.000000000000000,94,96,96,94,8.890000000000001, ,1,2023,Alive,90,N, ,0,0,0,upland,None apparent, ,9.29 basal diameter of second stem. collected by catherine,0,0,0,0,1,0,0,1,0,1,0,0,0,0,0,0,0,0,0,0,1,0,0,0,0,0,0,0,VT013,5,BdB,279229,-73.331200000361989,44.883020000059950
249,1,249,360,ILM,567,44.883789999999998,-73.332800000000006,5.500000000000000,Adult,0.9,Suppressed,Alive,100,Y,Yes,50,0,5.000000000000000,70,1.000000000000000,1.000000000000000,0,0,0,0,0.000000000000000, ,0,0, ,0, , ,0,0,0,upland,Other,red cedar,collected by kylie,0,0,0,0,1,0,0,0,1,1,0,0,0,0,0,0,1,0,1,0,0,0,0,0,0,0,0,0,VT013,5,AbA,279220,-73.332799999595991,44.883789999984508
250,1,250,330,ILM,535,44.885179999999998,-73.329099999999997,1.500000000000000,Seedling, , , ,0, , ,0,0,0.000000000000000,0,0.000000000000000,0.000000000000000,34,63,82,79,9.039999999999999, ,0,2024,Alive,0,N, ,0,0,0,upland,None apparent, ,collected by kylie,0,0,0,0,1,0,0,1,0,0,0,0,0,1,0,0,0,0,0,0,0,0,0,0,0,0,0,0,VT013,5,AbB,279221,-73.329099999739142,44.885179999973410
251,1,251,353,ILM,554,44.884990000000002,-73.328900000000004,1.420000000000000,Seedling, , , ,0, , ,0,0,0.000000000000000,0,0.000000000000000,0.000000000000000,91,76,93,94,4.390000000000000, ,1,2023,Alive,0,N, ,0,0,0,upland,None apparent, ,has second living stem,0,0,0,0,1,0,0,1,0,0,0,0,0,1,0,0,0,0,0,0,0,0,0,0,0,0,0,0,VT013,5,AbB,279221,-73.328899999722623,44.884989999969306
252,1,252,115,ILM,036,44.883499999999998,-73.329700000000003,46.000000000000000,Adult,45.2,Dominant,Alive,60,Y,Yes,10,15,17.000000000000000,30,2.500000000000000,2.000000000000000,0,0,0,0,0.000000000000000, ,0,0, ,0, , ,0,0,0,upland,None apparent, ,collected by catherine,0,0,0,0,1,0,0,0,1,0,0,0,0,0,0,0,0,0,0,0,1,0,0,0,0,0,0,0,VT013,5,BdB,279229,-73.329699999788772,44.883500000189414
253,1,253,214,ILM,263,44.883450000000003,-73.326999999999998,1.620000000000000,Seedling, , , ,0, , ,0,0,0.000000000000000,0,0.000000000000000,0.000000000000000,31,86,22,21,8.220000000000001, ,0,2024,Alive,50,N, ,0,0,0,upland,None apparent, ,collected by emma,1,0,0,0,1,0,0,0,0,0,0,0,0,0,0,0,0,0,0,0,1,0,0,0,0,0,0,0,VT013,5,BdC,279230,-73.327000000014635,44.883450000296541
254,1,254,85,ILM,055,44.882970000000000,-73.331000000000003,34.000000000000000,Adult,30.2,Dominant,Alive,10,Y,Yes,50,25,15.000000000000000,50,3.000000000000000,4.000000000000000,0,0,0,0,0.000000000000000, ,0,0, ,0, , ,0,0,0,upland,None apparent, ,collected by Kylie,0,0,0,0,0,1,0,1,1,1,0,0,0,0,0,0,0,0,0,0,1,0,0,0,0,0,0,0,VT013,5,BdB,279229,-73.331000000345441,44.882969999749804
255,1,255,113,ILM,26,44.884520000000002,-73.325100000000006,63.000000000000000,Adult,54.1,Co-dominant,Alive,75,Y,Yes,10,1,0.500000000000000,5,1.000000000000000,2.500000000000000,0,0,0,0,0.000000000000000, ,0,0, ,0, , ,0,0,0,upland,None apparent, ,collected by kylie,1,0,0,0,0,1,0,0,1,0,0,1,0,0,0,0,0,0,0,0,1,0,0,0,0,0,0,0,VT013,5,KbB,279255,-73.325100000306634,44.884519999976419
256,1,256,259,ILM,429,44.886719999999997,-73.323599999999999,4.040000000000000,Seedling, , , ,0, , ,0,0,0.000000000000000,0,0.000000000000000,0.000000000000000,78,30,20,54,14.369999999999999, ,0,2024,Alive,100,N, ,0,0,0,upland,None apparent, ,severe vole damage (took photos). not 100% it is vole: maybe a bigger animal. collected by catherine,1,0,0,0,0,0,0,0,1,0,0,0,0,0,0,0,0,0,0,0,0,0,0,0,0,0,0,0,VT013,5,CbA,279244,-73.323599999733418,44.886719999796163
257,1,257,91,ILM,58,44.882970000000000,-73.331299999999999,42.000000000000000,Adult,30,Co-dominant,Alive,70,Y,Yes,45,30,20.000000000000000,45,2.500000000000000,2.000000000000000,0,0,0,0,0.000000000000000, ,0,0, ,0, , ,0,0,0,upland,None apparent, ,collected by Catherine,1,0,0,0,1,1,0,0,0,1,0,0,0,0,1,0,0,0,0,0,1,0,0,0,0,0,0,0,VT013,5,BdB,279229,-73.331299999921058,44.882969999749804
258,1,258,98,ILM,001,44.885219999999997,-73.326499999999996,11.500000000000000,Adult,16.9,NA - no canopy,Alive,100,Y,Yes,55,0,35.000000000000000,30,2.500000000000000,1.000000000000000,0,0,0,0,0.000000000000000, ,0,0, ,0, , ,0,0,0,upland,None apparent, ,"confirmed hybrid which Martin regularly cuts, collected by Emma",0,1,0,0,1,0,0,0,1,0,0,0,1,0,0,0,0,0,0,0,1,0,0,0,0,0,0,0,VT013,5,BdC,279230,-73.326500000422442,44.885219999961294
259,1,259,131,ILM,089,44.884360000000001,-73.327600000000004,42.000000000000000,Adult,24.3,Co-dominant,Alive,85,Y,Yes,15,50,55.000000000000000,60,3.500000000000000,1.500000000000000,0,0,0,0,0.000000000000000, ,0,0, ,0, , ,0,0,0,upland,None apparent, ,"ornamental elm also nearby, collected by catherine",0,0,0,0,1,0,0,0,1,0,0,0,0,0,0,0,0,0,1,0,1,0,0,0,0,0,0,0,VT013,5,BdB,279229,-73.327600000064280,44.884359999820532
260,1,260,182,ILM,204,44.882830000000006,-73.331400000000002,43.000000000000000,Adult,41.6,Co-dominant,Alive,90,Y,Yes,30,30,25.000000000000000,25,2.500000000000000,2.000000000000000,0,0,0,0,0.000000000000000, ,0,0, ,0, , ,0,0,0,upland,Vines on the tree, ,collected by kylie,0,0,0,0,1,1,0,0,1,1,0,0,0,0,1,0,0,0,0,0,1,0,0,0,0,0,0,0,VT013,5,AbA,279220,-73.331400000378551,44.882829999923310
261,1,261,179,ILM,200,44.883879999999998,-73.333600000000004,50.000000000000000,Adult,53.3,Dominant,Alive,90,Y,Yes,45,5,3.000000000000000,40,1.500000000000000,1.000000000000000,0,0,0,0,0.000000000000000, ,0,0, ,0, , ,0,0,0,upland,None apparent, ,collected by kylie,1,1,0,0,1,0,0,0,1,1,0,0,0,0,0,0,0,0,0,0,0,0,0,0,0,0,0,0,VT013,5,AbA,279220,-73.333599999662184,44.883879999865044
262,1,262,283,ILM,477,44.884879999999995,-73.327299999999994,1.200000000000000,Seedling, , , ,0, , ,0,0,0.000000000000000,0,0.000000000000000,0.000000000000000,16,5,3,10,3.980000000000000, ,0,2024,Alive,60,N, ,0,0,0,upland,None apparent, ,collected by catherine,1,0,0,0,1,0,0,1,1,1,0,0,0,1,0,1,0,0,0,0,0,0,0,0,0,0,0,0,VT013,5,BdB,279229,-73.327299999590267,44.884879999814153
263,1,263,335,ILM,546,44.884799999999998,-73.329099999999997,1.150000000000000,Seedling, , , ,0, , ,0,0,0.000000000000000,0,0.000000000000000,0.000000000000000,50,43,25,11,6.190000000000000, ,0,2024,Alive,0,Y,N,5,2,5,upland,None apparent, ,collected by kylie,0,0,0,0,1,0,0,1,1,0,0,0,0,1,0,0,0,0,0,0,0,0,0,0,0,0,0,0,VT013,5,AbB,279221,-73.329099999739142,44.884799999974149
264,1,264,325,ILM,523,44.885259999999995,-73.328699999999998,1.120000000000000,Seedling, , , ,0, , ,0,0,0.000000000000000,0,0.000000000000000,0.000000000000000,18,34,85,50,7.370000000000000, ,0,2024,Alive,10,Y,N,0,5,20,upland,None apparent, ,collected by kylie,0,0,0,0,1,0,0,1,1,1,0,0,0,1,0,0,0,0,0,0,0,0,0,0,0,0,0,0,VT013,5,AbB,279221,-73.328699999706075,44.885259999921402
